"#  (c) Copyright 2016 Xilinx, Inc. All rights reserved."
"# "
"#  This file contains confidential and proprietary information"
"#  of Xilinx, Inc. and is protected under U.S. and"
"#  international copyright and other intellectual property"
"#  laws."
"# "
"#  DISCLAIMER"
"#  This disclaimer is not a license and does not grant any"
"#  rights to the materials distributed herewith. Except as"
"#  otherwise provided in a valid license issued to you by"
"#  Xilinx, and to the maximum extent permitted by applicable"
"#  law: (1) THESE MATERIALS ARE MADE AVAILABLE ""AS IS"" AND"
"#  WITH ALL FAULTS, AND XILINX HEREBY DISCLAIMS ALL WARRANTIES"
"#  AND CONDITIONS, EXPRESS, IMPLIED, OR STATUTORY, INCLUDING"
"#  BUT NOT LIMITED TO WARRANTIES OF MERCHANTABILITY, NON-"
"#  INFRINGEMENT, OR FITNESS FOR ANY PARTICULAR PURPOSE; and"
"#  (2) Xilinx shall not be liable (whether in contract or tort,"
"#  including negligence, or under any other theory of"
"#  liability) for any loss or damage of any kind or nature"
"#  related to, arising under or in connection with these"
"#  materials, including for any direct, or any indirect,"
"#  special, incidental, or consequential loss or damage"
"#  (including loss of data, profits, goodwill, or any type of"
"#  loss or damage suffered as a result of any action brought"
"#  by a third party) even if such damage or loss was"
"#  reasonably foreseeable or Xilinx had been advised of the"
"#  possibility of the same."
"# "
"#  CRITICAL APPLICATIONS"
"#  Xilinx products are not designed or intended to be fail-"
"#  safe, or for use in any application requiring fail-safe"
"#  performance, such as life-support or safety devices or"
"#  systems, Class III medical devices, nuclear facilities,"
"#  applications related to the deployment of airbags, or any"
"#  other applications that could lead to death, personal"
"#  injury, or severe property or environmental damage"
"#  (individually and collectively, ""Critical"
"#  Applications""). Customer assumes the sole risk and"
"#  liability of any use of Xilinx products in Critical"
"#  Applications, subject only to applicable laws and"
"#  regulations governing limitations on product liability."
"# "
"#  THIS COPYRIGHT NOTICE AND DISCLAIMER MUST BE RETAINED AS"
"#  PART OF THIS FILE AT ALL TIMES."
"# "
"#----------------------------------------------------------------------"
"#  ASCII Pinout File"
"# "
"#  Device   : xczu17egffve1924"
"#  Date     : 6/23/2017 13:37:30"
"#  Revision : 1.1"
"#  Status   : Production"
"# "
"#  Production package specifications are released coincident"
"#  with production release of a particular device."
"# "
"#----------------------------------------------------------------------"
"#  Modification History"
"#  | Date    : 10/6/2016"
"#  | Revision: 1.0"
"#  | Status  : Engineering Sample"
"#  | Details : Initial creation."
"#----------------------------------------------------------------------"
"#  | Date    : 6/23/2017"
"#  | Revision: 1.1"
"#  | Status  : Production"
"#  | Details : Updated DA11 FFVB1517,FFVC1760,FFVD1760,FFVE1924 to Production"
"#----------------------------------------------------------------------"
,,,,,
Pin,Pin Name,Memory Byte Group,Bank,I/O Type,Super Logic Region
AD21,DXN,NA,NA,NA,NA
AD22,DXP,NA,NA,NA,NA
AA21,GNDADC,NA,NA,NA,NA
AK16,POR_OVERRIDE,NA,NA,NA,NA
AK17,PUDC_B,NA,0,CONFIG,NA
AA22,VCCADC,NA,NA,NA,NA
AC21,VN,NA,NA,NA,NA
AB22,VP,NA,NA,NA,NA
AB21,VREFN,NA,NA,NA,NA
AC22,VREFP,NA,NA,NA,NA
A25,IO_L24N_T3U_N11_74,3U,74,HP,NA
B25,IO_L24P_T3U_N10_74,3U,74,HP,NA
A24,IO_L23N_T3U_N9_74,3U,74,HP,NA
A23,IO_L23P_T3U_N8_74,3U,74,HP,NA
B26,IO_L22N_T3U_N7_DBC_AD0N_74,3U,74,HP,NA
C26,IO_L22P_T3U_N6_DBC_AD0P_74,3U,74,HP,NA
B24,IO_L21N_T3L_N5_AD8N_74,3L,74,HP,NA
C24,IO_L21P_T3L_N4_AD8P_74,3L,74,HP,NA
D26,IO_L20N_T3L_N3_AD1N_74,3L,74,HP,NA
D25,IO_L20P_T3L_N2_AD1P_74,3L,74,HP,NA
C23,IO_L19N_T3L_N1_DBC_AD9N_74,3L,74,HP,NA
D23,IO_L19P_T3L_N0_DBC_AD9P_74,3L,74,HP,NA
D24,IO_T3U_N12_74,3U,74,HP,NA
E23,IO_T2U_N12_74,2U,74,HP,NA
E26,IO_L18N_T2U_N11_AD2N_74,2U,74,HP,NA
E25,IO_L18P_T2U_N10_AD2P_74,2U,74,HP,NA
F24,IO_L17N_T2U_N9_AD10N_74,2U,74,HP,NA
F23,IO_L17P_T2U_N8_AD10P_74,2U,74,HP,NA
G26,IO_L16N_T2U_N7_QBC_AD3N_74,2U,74,HP,NA
H26,IO_L16P_T2U_N6_QBC_AD3P_74,2U,74,HP,NA
F25,IO_L15N_T2L_N5_AD11N_74,2L,74,HP,NA
G25,IO_L15P_T2L_N4_AD11P_74,2L,74,HP,NA
G24,IO_L14N_T2L_N3_GC_74,2L,74,HP,NA
H23,IO_L14P_T2L_N2_GC_74,2L,74,HP,NA
H24,IO_L13N_T2L_N1_GC_QBC_74,2L,74,HP,NA
J24,IO_L13P_T2L_N0_GC_QBC_74,2L,74,HP,NA
J26,IO_L12N_T1U_N11_GC_74,1U,74,HP,NA
J25,IO_L12P_T1U_N10_GC_74,1U,74,HP,NA
J23,IO_L11N_T1U_N9_GC_74,1U,74,HP,NA
K23,IO_L11P_T1U_N8_GC_74,1U,74,HP,NA
K26,IO_L10N_T1U_N7_QBC_AD4N_74,1U,74,HP,NA
K25,IO_L10P_T1U_N6_QBC_AD4P_74,1U,74,HP,NA
K22,IO_L9N_T1L_N5_AD12N_74,1L,74,HP,NA
L22,IO_L9P_T1L_N4_AD12P_74,1L,74,HP,NA
L24,IO_L8N_T1L_N3_AD5N_74,1L,74,HP,NA
L23,IO_L8P_T1L_N2_AD5P_74,1L,74,HP,NA
L25,IO_L7N_T1L_N1_QBC_AD13N_74,1L,74,HP,NA
M25,IO_L7P_T1L_N0_QBC_AD13P_74,1L,74,HP,NA
M26,IO_T1U_N12_74,1U,74,HP,NA
N27,IO_T0U_N12_VRP_74,0U,74,HP,NA
N26,IO_L6N_T0U_N11_AD6N_74,0U,74,HP,NA
P26,IO_L6P_T0U_N10_AD6P_74,0U,74,HP,NA
M24,IO_L5N_T0U_N9_AD14N_74,0U,74,HP,NA
N23,IO_L5P_T0U_N8_AD14P_74,0U,74,HP,NA
R27,IO_L4N_T0U_N7_DBC_AD7N_74,0U,74,HP,NA
R26,IO_L4P_T0U_N6_DBC_AD7P_74,0U,74,HP,NA
N24,IO_L3N_T0L_N5_AD15N_74,0L,74,HP,NA
P24,IO_L3P_T0L_N4_AD15P_74,0L,74,HP,NA
P25,IO_L2N_T0L_N3_74,0L,74,HP,NA
R25,IO_L2P_T0L_N2_74,0L,74,HP,NA
P23,IO_L1N_T0L_N1_DBC_74,0L,74,HP,NA
R23,IO_L1P_T0L_N0_DBC_74,0L,74,HP,NA
R24,VREF_74,NA,74,HP,NA
A22,IO_L24N_T3U_N11_73,3U,73,HP,NA
B22,IO_L24P_T3U_N10_73,3U,73,HP,NA
B21,IO_L23N_T3U_N9_73,3U,73,HP,NA
C22,IO_L23P_T3U_N8_73,3U,73,HP,NA
A19,IO_L22N_T3U_N7_DBC_AD0N_73,3U,73,HP,NA
A20,IO_L22P_T3U_N6_DBC_AD0P_73,3U,73,HP,NA
B19,IO_L21N_T3L_N5_AD8N_73,3L,73,HP,NA
B20,IO_L21P_T3L_N4_AD8P_73,3L,73,HP,NA
C18,IO_L20N_T3L_N3_AD1N_73,3L,73,HP,NA
C19,IO_L20P_T3L_N2_AD1P_73,3L,73,HP,NA
C21,IO_L19N_T3L_N1_DBC_AD9N_73,3L,73,HP,NA
D21,IO_L19P_T3L_N0_DBC_AD9P_73,3L,73,HP,NA
D20,IO_T3U_N12_73,3U,73,HP,NA
D19,IO_T2U_N12_73,2U,73,HP,NA
E21,IO_L18N_T2U_N11_AD2N_73,2U,73,HP,NA
E22,IO_L18P_T2U_N10_AD2P_73,2U,73,HP,NA
D18,IO_L17N_T2U_N9_AD10N_73,2U,73,HP,NA
E18,IO_L17P_T2U_N8_AD10P_73,2U,73,HP,NA
E20,IO_L16N_T2U_N7_QBC_AD3N_73,2U,73,HP,NA
F20,IO_L16P_T2U_N6_QBC_AD3P_73,2U,73,HP,NA
F18,IO_L15N_T2L_N5_AD11N_73,2L,73,HP,NA
F19,IO_L15P_T2L_N4_AD11P_73,2L,73,HP,NA
F22,IO_L14N_T2L_N3_GC_73,2L,73,HP,NA
G22,IO_L14P_T2L_N2_GC_73,2L,73,HP,NA
G20,IO_L13N_T2L_N1_GC_QBC_73,2L,73,HP,NA
G21,IO_L13P_T2L_N0_GC_QBC_73,2L,73,HP,NA
H21,IO_L12N_T1U_N11_GC_73,1U,73,HP,NA
H22,IO_L12P_T1U_N10_GC_73,1U,73,HP,NA
G19,IO_L11N_T1U_N9_GC_73,1U,73,HP,NA
H19,IO_L11P_T1U_N8_GC_73,1U,73,HP,NA
H18,IO_L10N_T1U_N7_QBC_AD4N_73,1U,73,HP,NA
J18,IO_L10P_T1U_N6_QBC_AD4P_73,1U,73,HP,NA
J19,IO_L9N_T1L_N5_AD12N_73,1L,73,HP,NA
J20,IO_L9P_T1L_N4_AD12P_73,1L,73,HP,NA
J21,IO_L8N_T1L_N3_AD5N_73,1L,73,HP,NA
K21,IO_L8P_T1L_N2_AD5P_73,1L,73,HP,NA
K20,IO_L7N_T1L_N1_QBC_AD13N_73,1L,73,HP,NA
L20,IO_L7P_T1L_N0_QBC_AD13P_73,1L,73,HP,NA
L19,IO_T1U_N12_73,1U,73,HP,NA
M20,IO_T0U_N12_VRP_73,0U,73,HP,NA
M21,IO_L6N_T0U_N11_AD6N_73,0U,73,HP,NA
M22,IO_L6P_T0U_N10_AD6P_73,0U,73,HP,NA
N21,IO_L5N_T0U_N9_AD14N_73,0U,73,HP,NA
N22,IO_L5P_T0U_N8_AD14P_73,0U,73,HP,NA
P20,IO_L4N_T0U_N7_DBC_AD7N_73,0U,73,HP,NA
P21,IO_L4P_T0U_N6_DBC_AD7P_73,0U,73,HP,NA
M19,IO_L3N_T0L_N5_AD15N_73,0L,73,HP,NA
N19,IO_L3P_T0L_N4_AD15P_73,0L,73,HP,NA
R20,IO_L2N_T0L_N3_73,0L,73,HP,NA
R21,IO_L2P_T0L_N2_73,0L,73,HP,NA
P19,IO_L1N_T0L_N1_DBC_73,0L,73,HP,NA
R19,IO_L1P_T0L_N0_DBC_73,0L,73,HP,NA
R22,VREF_73,NA,73,HP,NA
A28,IO_L24N_T3U_N11_72,3U,72,HP,NA
A27,IO_L24P_T3U_N10_72,3U,72,HP,NA
A30,IO_L23N_T3U_N9_72,3U,72,HP,NA
A29,IO_L23P_T3U_N8_72,3U,72,HP,NA
B27,IO_L22N_T3U_N7_DBC_AD0N_72,3U,72,HP,NA
C27,IO_L22P_T3U_N6_DBC_AD0P_72,3U,72,HP,NA
B30,IO_L21N_T3L_N5_AD8N_72,3L,72,HP,NA
B29,IO_L21P_T3L_N4_AD8P_72,3L,72,HP,NA
C29,IO_L20N_T3L_N3_AD1N_72,3L,72,HP,NA
C28,IO_L20P_T3L_N2_AD1P_72,3L,72,HP,NA
B31,IO_L19N_T3L_N1_DBC_AD9N_72,3L,72,HP,NA
C31,IO_L19P_T3L_N0_DBC_AD9P_72,3L,72,HP,NA
D28,IO_T3U_N12_72,3U,72,HP,NA
D29,IO_T2U_N12_72,2U,72,HP,NA
D31,IO_L18N_T2U_N11_AD2N_72,2U,72,HP,NA
D30,IO_L18P_T2U_N10_AD2P_72,2U,72,HP,NA
E28,IO_L17N_T2U_N9_AD10N_72,2U,72,HP,NA
E27,IO_L17P_T2U_N8_AD10P_72,2U,72,HP,NA
E31,IO_L16N_T2U_N7_QBC_AD3N_72,2U,72,HP,NA
E30,IO_L16P_T2U_N6_QBC_AD3P_72,2U,72,HP,NA
F28,IO_L15N_T2L_N5_AD11N_72,2L,72,HP,NA
F27,IO_L15P_T2L_N4_AD11P_72,2L,72,HP,NA
F30,IO_L14N_T2L_N3_GC_72,2L,72,HP,NA
F29,IO_L14P_T2L_N2_GC_72,2L,72,HP,NA
G27,IO_L13N_T2L_N1_GC_QBC_72,2L,72,HP,NA
H27,IO_L13P_T2L_N0_GC_QBC_72,2L,72,HP,NA
G31,IO_L12N_T1U_N11_GC_72,1U,72,HP,NA
G30,IO_L12P_T1U_N10_GC_72,1U,72,HP,NA
G29,IO_L11N_T1U_N9_GC_72,1U,72,HP,NA
H28,IO_L11P_T1U_N8_GC_72,1U,72,HP,NA
H31,IO_L10N_T1U_N7_QBC_AD4N_72,1U,72,HP,NA
J31,IO_L10P_T1U_N6_QBC_AD4P_72,1U,72,HP,NA
H29,IO_L9N_T1L_N5_AD12N_72,1L,72,HP,NA
J29,IO_L9P_T1L_N4_AD12P_72,1L,72,HP,NA
J30,IO_L8N_T1L_N3_AD5N_72,1L,72,HP,NA
K30,IO_L8P_T1L_N2_AD5P_72,1L,72,HP,NA
J28,IO_L7N_T1L_N1_QBC_AD13N_72,1L,72,HP,NA
K28,IO_L7P_T1L_N0_QBC_AD13P_72,1L,72,HP,NA
K27,IO_T1U_N12_72,1U,72,HP,NA
L28,IO_T0U_N12_VRP_72,0U,72,HP,NA
L30,IO_L6N_T0U_N11_AD6N_72,0U,72,HP,NA
L29,IO_L6P_T0U_N10_AD6P_72,0U,72,HP,NA
L27,IO_L5N_T0U_N9_AD14N_72,0U,72,HP,NA
M27,IO_L5P_T0U_N8_AD14P_72,0U,72,HP,NA
M30,IO_L4N_T0U_N7_DBC_AD7N_72,0U,72,HP,NA
M29,IO_L4P_T0U_N6_DBC_AD7P_72,0U,72,HP,NA
N29,IO_L3N_T0L_N5_AD15N_72,0L,72,HP,NA
N28,IO_L3P_T0L_N4_AD15P_72,0L,72,HP,NA
P29,IO_L2N_T0L_N3_72,0L,72,HP,NA
P28,IO_L2P_T0L_N2_72,0L,72,HP,NA
P30,IO_L1N_T0L_N1_DBC_72,0L,72,HP,NA
R30,IO_L1P_T0L_N0_DBC_72,0L,72,HP,NA
R28,VREF_72,NA,72,HP,NA
A35,IO_L24N_T3U_N11_71,3U,71,HP,NA
B35,IO_L24P_T3U_N10_71,3U,71,HP,NA
A38,IO_L23N_T3U_N9_71,3U,71,HP,NA
A37,IO_L23P_T3U_N8_71,3U,71,HP,NA
A39,IO_L22N_T3U_N7_DBC_AD0N_71,3U,71,HP,NA
B39,IO_L22P_T3U_N6_DBC_AD0P_71,3U,71,HP,NA
B37,IO_L21N_T3L_N5_AD8N_71,3L,71,HP,NA
B36,IO_L21P_T3L_N4_AD8P_71,3L,71,HP,NA
C38,IO_L20N_T3L_N3_AD1N_71,3L,71,HP,NA
D38,IO_L20P_T3L_N2_AD1P_71,3L,71,HP,NA
C37,IO_L19N_T3L_N1_DBC_AD9N_71,3L,71,HP,NA
C36,IO_L19P_T3L_N0_DBC_AD9P_71,3L,71,HP,NA
D36,IO_T3U_N12_71,3U,71,HP,NA
D35,IO_T2U_N12_71,2U,71,HP,NA
A34,IO_L18N_T2U_N11_AD2N_71,2U,71,HP,NA
B34,IO_L18P_T2U_N10_AD2P_71,2U,71,HP,NA
A33,IO_L17N_T2U_N9_AD10N_71,2U,71,HP,NA
A32,IO_L17P_T2U_N8_AD10P_71,2U,71,HP,NA
C34,IO_L16N_T2U_N7_QBC_AD3N_71,2U,71,HP,NA
C33,IO_L16P_T2U_N6_QBC_AD3P_71,2U,71,HP,NA
B32,IO_L15N_T2L_N5_AD11N_71,2L,71,HP,NA
C32,IO_L15P_T2L_N4_AD11P_71,2L,71,HP,NA
D34,IO_L14N_T2L_N3_GC_71,2L,71,HP,NA
D33,IO_L14P_T2L_N2_GC_71,2L,71,HP,NA
E33,IO_L13N_T2L_N1_GC_QBC_71,2L,71,HP,NA
E32,IO_L13P_T2L_N0_GC_QBC_71,2L,71,HP,NA
E37,IO_L12N_T1U_N11_GC_71,1U,71,HP,NA
E36,IO_L12P_T1U_N10_GC_71,1U,71,HP,NA
E35,IO_L11N_T1U_N9_GC_71,1U,71,HP,NA
F35,IO_L11P_T1U_N8_GC_71,1U,71,HP,NA
F33,IO_L10N_T1U_N7_QBC_AD4N_71,1U,71,HP,NA
F32,IO_L10P_T1U_N6_QBC_AD4P_71,1U,71,HP,NA
F34,IO_L9N_T1L_N5_AD12N_71,1L,71,HP,NA
G34,IO_L9P_T1L_N4_AD12P_71,1L,71,HP,NA
G36,IO_L8N_T1L_N3_AD5N_71,1L,71,HP,NA
G35,IO_L8P_T1L_N2_AD5P_71,1L,71,HP,NA
G32,IO_L7N_T1L_N1_QBC_AD13N_71,1L,71,HP,NA
H32,IO_L7P_T1L_N0_QBC_AD13P_71,1L,71,HP,NA
H33,IO_T1U_N12_71,1U,71,HP,NA
H34,IO_T0U_N12_VRP_71,0U,71,HP,NA
J34,IO_L6N_T0U_N11_AD6N_71,0U,71,HP,NA
J33,IO_L6P_T0U_N10_AD6P_71,0U,71,HP,NA
L34,IO_L5N_T0U_N9_AD14N_71,0U,71,HP,NA
L33,IO_L5P_T0U_N8_AD14P_71,0U,71,HP,NA
K32,IO_L4N_T0U_N7_DBC_AD7N_71,0U,71,HP,NA
K31,IO_L4P_T0U_N6_DBC_AD7P_71,0U,71,HP,NA
K33,IO_L3N_T0L_N5_AD15N_71,0L,71,HP,NA
L32,IO_L3P_T0L_N4_AD15P_71,0L,71,HP,NA
M32,IO_L2N_T0L_N3_71,0L,71,HP,NA
M31,IO_L2P_T0L_N2_71,0L,71,HP,NA
N32,IO_L1N_T0L_N1_DBC_71,0L,71,HP,NA
N31,IO_L1P_T0L_N0_DBC_71,0L,71,HP,NA
P31,VREF_71,NA,71,HP,NA
B41,IO_L24N_T3U_N11_70,3U,70,HP,NA
C41,IO_L24P_T3U_N10_70,3U,70,HP,NA
C43,IO_L23N_T3U_N9_70,3U,70,HP,NA
C42,IO_L23P_T3U_N8_70,3U,70,HP,NA
D41,IO_L22N_T3U_N7_DBC_AD0N_70,3U,70,HP,NA
E41,IO_L22P_T3U_N6_DBC_AD0P_70,3U,70,HP,NA
D44,IO_L21N_T3L_N5_AD8N_70,3L,70,HP,NA
D43,IO_L21P_T3L_N4_AD8P_70,3L,70,HP,NA
E43,IO_L20N_T3L_N3_AD1N_70,3L,70,HP,NA
E42,IO_L20P_T3L_N2_AD1P_70,3L,70,HP,NA
F42,IO_L19N_T3L_N1_DBC_AD9N_70,3L,70,HP,NA
G42,IO_L19P_T3L_N0_DBC_AD9P_70,3L,70,HP,NA
B42,IO_T3U_N12_70,3U,70,HP,NA
A41,IO_T2U_N12_70,2U,70,HP,NA
F44,IO_L18N_T2U_N11_AD2N_70,2U,70,HP,NA
F43,IO_L18P_T2U_N10_AD2P_70,2U,70,HP,NA
A40,IO_L17N_T2U_N9_AD10N_70,2U,70,HP,NA
B40,IO_L17P_T2U_N8_AD10P_70,2U,70,HP,NA
C39,IO_L16N_T2U_N7_QBC_AD3N_70,2U,70,HP,NA
D39,IO_L16P_T2U_N6_QBC_AD3P_70,2U,70,HP,NA
D40,IO_L15N_T2L_N5_AD11N_70,2L,70,HP,NA
E40,IO_L15P_T2L_N4_AD11P_70,2L,70,HP,NA
E38,IO_L14N_T2L_N3_GC_70,2L,70,HP,NA
F38,IO_L14P_T2L_N2_GC_70,2L,70,HP,NA
F40,IO_L13N_T2L_N1_GC_QBC_70,2L,70,HP,NA
F39,IO_L13P_T2L_N0_GC_QBC_70,2L,70,HP,NA
F37,IO_L12N_T1U_N11_GC_70,1U,70,HP,NA
G37,IO_L12P_T1U_N10_GC_70,1U,70,HP,NA
G40,IO_L11N_T1U_N9_GC_70,1U,70,HP,NA
G39,IO_L11P_T1U_N8_GC_70,1U,70,HP,NA
G41,IO_L10N_T1U_N7_QBC_AD4N_70,1U,70,HP,NA
H41,IO_L10P_T1U_N6_QBC_AD4P_70,1U,70,HP,NA
H39,IO_L9N_T1L_N5_AD12N_70,1L,70,HP,NA
H38,IO_L9P_T1L_N4_AD12P_70,1L,70,HP,NA
H37,IO_L8N_T1L_N3_AD5N_70,1L,70,HP,NA
H36,IO_L8P_T1L_N2_AD5P_70,1L,70,HP,NA
J40,IO_L7N_T1L_N1_QBC_AD13N_70,1L,70,HP,NA
J39,IO_L7P_T1L_N0_QBC_AD13P_70,1L,70,HP,NA
J38,IO_T1U_N12_70,1U,70,HP,NA
K38,IO_T0U_N12_VRP_70,0U,70,HP,NA
J36,IO_L6N_T0U_N11_AD6N_70,0U,70,HP,NA
J35,IO_L6P_T0U_N10_AD6P_70,0U,70,HP,NA
K37,IO_L5N_T0U_N9_AD14N_70,0U,70,HP,NA
K36,IO_L5P_T0U_N8_AD14P_70,0U,70,HP,NA
K35,IO_L4N_T0U_N7_DBC_AD7N_70,0U,70,HP,NA
L35,IO_L4P_T0U_N6_DBC_AD7P_70,0U,70,HP,NA
L37,IO_L3N_T0L_N5_AD15N_70,0L,70,HP,NA
M37,IO_L3P_T0L_N4_AD15P_70,0L,70,HP,NA
M36,IO_L2N_T0L_N3_70,0L,70,HP,NA
M35,IO_L2P_T0L_N2_70,0L,70,HP,NA
M34,IO_L1N_T0L_N1_DBC_70,0L,70,HP,NA
N34,IO_L1P_T0L_N0_DBC_70,0L,70,HP,NA
N33,VREF_70,NA,70,HP,NA
G44,IO_L24N_T3U_N11_69,3U,69,HP,NA
H44,IO_L24P_T3U_N10_69,3U,69,HP,NA
H43,IO_L23N_T3U_N9_69,3U,69,HP,NA
H42,IO_L23P_T3U_N8_69,3U,69,HP,NA
J44,IO_L22N_T3U_N7_DBC_AD0N_69,3U,69,HP,NA
J43,IO_L22P_T3U_N6_DBC_AD0P_69,3U,69,HP,NA
K43,IO_L21N_T3L_N5_AD8N_69,3L,69,HP,NA
K42,IO_L21P_T3L_N4_AD8P_69,3L,69,HP,NA
J41,IO_L20N_T3L_N3_AD1N_69,3L,69,HP,NA
K41,IO_L20P_T3L_N2_AD1P_69,3L,69,HP,NA
K40,IO_L19N_T3L_N1_DBC_AD9N_69,3L,69,HP,NA
L40,IO_L19P_T3L_N0_DBC_AD9P_69,3L,69,HP,NA
L42,IO_T3U_N12_69,3U,69,HP,NA
M42,IO_T2U_N12_69,2U,69,HP,NA
L44,IO_L18N_T2U_N11_AD2N_69,2U,69,HP,NA
L43,IO_L18P_T2U_N10_AD2P_69,2U,69,HP,NA
M44,IO_L17N_T2U_N9_AD10N_69,2U,69,HP,NA
N44,IO_L17P_T2U_N8_AD10P_69,2U,69,HP,NA
N43,IO_L16N_T2U_N7_QBC_AD3N_69,2U,69,HP,NA
N42,IO_L16P_T2U_N6_QBC_AD3P_69,2U,69,HP,NA
N41,IO_L15N_T2L_N5_AD11N_69,2L,69,HP,NA
P40,IO_L15P_T2L_N4_AD11P_69,2L,69,HP,NA
M41,IO_L14N_T2L_N3_GC_69,2L,69,HP,NA
M40,IO_L14P_T2L_N2_GC_69,2L,69,HP,NA
N39,IO_L13N_T2L_N1_GC_QBC_69,2L,69,HP,NA
P39,IO_L13P_T2L_N0_GC_QBC_69,2L,69,HP,NA
L39,IO_L12N_T1U_N11_GC_69,1U,69,HP,NA
L38,IO_L12P_T1U_N10_GC_69,1U,69,HP,NA
M39,IO_L11N_T1U_N9_GC_69,1U,69,HP,NA
N38,IO_L11P_T1U_N8_GC_69,1U,69,HP,NA
P38,IO_L10N_T1U_N7_QBC_AD4N_69,1U,69,HP,NA
R38,IO_L10P_T1U_N6_QBC_AD4P_69,1U,69,HP,NA
N37,IO_L9N_T1L_N5_AD12N_69,1L,69,HP,NA
N36,IO_L9P_T1L_N4_AD12P_69,1L,69,HP,NA
P36,IO_L8N_T1L_N3_AD5N_69,1L,69,HP,NA
P35,IO_L8P_T1L_N2_AD5P_69,1L,69,HP,NA
R37,IO_L7N_T1L_N1_QBC_AD13N_69,1L,69,HP,NA
R36,IO_L7P_T1L_N0_QBC_AD13P_69,1L,69,HP,NA
R35,IO_T1U_N12_69,1U,69,HP,NA
P34,IO_T0U_N12_VRP_69,0U,69,HP,NA
T35,IO_L6N_T0U_N11_AD6N_69,0U,69,HP,NA
T34,IO_L6P_T0U_N10_AD6P_69,0U,69,HP,NA
P33,IO_L5N_T0U_N9_AD14N_69,0U,69,HP,NA
R33,IO_L5P_T0U_N8_AD14P_69,0U,69,HP,NA
T33,IO_L4N_T0U_N7_DBC_AD7N_69,0U,69,HP,NA
T32,IO_L4P_T0U_N6_DBC_AD7P_69,0U,69,HP,NA
R32,IO_L3N_T0L_N5_AD15N_69,0L,69,HP,NA
R31,IO_L3P_T0L_N4_AD15P_69,0L,69,HP,NA
U32,IO_L2N_T0L_N3_69,0L,69,HP,NA
U31,IO_L2P_T0L_N2_69,0L,69,HP,NA
T30,IO_L1N_T0L_N1_DBC_69,0L,69,HP,NA
U30,IO_L1P_T0L_N0_DBC_69,0L,69,HP,NA
V31,VREF_69,NA,69,HP,NA
W30,IO_L24N_T3U_N11_68,3U,68,HP,NA
Y30,IO_L24P_T3U_N10_68,3U,68,HP,NA
W31,IO_L23N_T3U_N9_68,3U,68,HP,NA
Y31,IO_L23P_T3U_N8_68,3U,68,HP,NA
V33,IO_L22N_T3U_N7_DBC_AD0N_68,3U,68,HP,NA
V32,IO_L22P_T3U_N6_DBC_AD0P_68,3U,68,HP,NA
W34,IO_L21N_T3L_N5_AD8N_68,3L,68,HP,NA
W33,IO_L21P_T3L_N4_AD8P_68,3L,68,HP,NA
Y33,IO_L20N_T3L_N3_AD1N_68,3L,68,HP,NA
Y32,IO_L20P_T3L_N2_AD1P_68,3L,68,HP,NA
U34,IO_L19N_T3L_N1_DBC_AD9N_68,3L,68,HP,NA
V34,IO_L19P_T3L_N0_DBC_AD9P_68,3L,68,HP,NA
Y35,IO_T3U_N12_68,3U,68,HP,NA
Y36,IO_T2U_N12_68,2U,68,HP,NA
U36,IO_L18N_T2U_N11_AD2N_68,2U,68,HP,NA
U35,IO_L18P_T2U_N10_AD2P_68,2U,68,HP,NA
V37,IO_L17N_T2U_N9_AD10N_68,2U,68,HP,NA
V36,IO_L17P_T2U_N8_AD10P_68,2U,68,HP,NA
W36,IO_L16N_T2U_N7_QBC_AD3N_68,2U,68,HP,NA
W35,IO_L16P_T2U_N6_QBC_AD3P_68,2U,68,HP,NA
T37,IO_L15N_T2L_N5_AD11N_68,2L,68,HP,NA
U37,IO_L15P_T2L_N4_AD11P_68,2L,68,HP,NA
V38,IO_L14N_T2L_N3_GC_68,2L,68,HP,NA
W38,IO_L14P_T2L_N2_GC_68,2L,68,HP,NA
T39,IO_L13N_T2L_N1_GC_QBC_68,2L,68,HP,NA
T38,IO_L13P_T2L_N0_GC_QBC_68,2L,68,HP,NA
R40,IO_L12N_T1U_N11_GC_68,1U,68,HP,NA
T40,IO_L12P_T1U_N10_GC_68,1U,68,HP,NA
U39,IO_L11N_T1U_N9_GC_68,1U,68,HP,NA
V39,IO_L11P_T1U_N8_GC_68,1U,68,HP,NA
W40,IO_L10N_T1U_N7_QBC_AD4N_68,1U,68,HP,NA
W39,IO_L10P_T1U_N6_QBC_AD4P_68,1U,68,HP,NA
P41,IO_L9N_T1L_N5_AD12N_68,1L,68,HP,NA
R41,IO_L9P_T1L_N4_AD12P_68,1L,68,HP,NA
U41,IO_L8N_T1L_N3_AD5N_68,1L,68,HP,NA
U40,IO_L8P_T1L_N2_AD5P_68,1L,68,HP,NA
V41,IO_L7N_T1L_N1_QBC_AD13N_68,1L,68,HP,NA
W41,IO_L7P_T1L_N0_QBC_AD13P_68,1L,68,HP,NA
R42,IO_T1U_N12_68,1U,68,HP,NA
T42,IO_T0U_N12_VRP_68,0U,68,HP,NA
U42,IO_L6N_T0U_N11_AD6N_68,0U,68,HP,NA
V42,IO_L6P_T0U_N10_AD6P_68,0U,68,HP,NA
P44,IO_L5N_T0U_N9_AD14N_68,0U,68,HP,NA
P43,IO_L5P_T0U_N8_AD14P_68,0U,68,HP,NA
R43,IO_L4N_T0U_N7_DBC_AD7N_68,0U,68,HP,NA
T43,IO_L4P_T0U_N6_DBC_AD7P_68,0U,68,HP,NA
V43,IO_L3N_T0L_N5_AD15N_68,0L,68,HP,NA
W43,IO_L3P_T0L_N4_AD15P_68,0L,68,HP,NA
T44,IO_L2N_T0L_N3_68,0L,68,HP,NA
U44,IO_L2P_T0L_N2_68,0L,68,HP,NA
V44,IO_L1N_T0L_N1_DBC_68,0L,68,HP,NA
W44,IO_L1P_T0L_N0_DBC_68,0L,68,HP,NA
AA30,VREF_68,NA,68,HP,NA
AC31,IO_L24N_T3U_N11_67,3U,67,HP,NA
AD31,IO_L24P_T3U_N10_67,3U,67,HP,NA
AB32,IO_L23N_T3U_N9_67,3U,67,HP,NA
AB31,IO_L23P_T3U_N8_67,3U,67,HP,NA
AA33,IO_L22N_T3U_N7_DBC_AD0N_67,3U,67,HP,NA
AA32,IO_L22P_T3U_N6_DBC_AD0P_67,3U,67,HP,NA
AC33,IO_L21N_T3L_N5_AD8N_67,3L,67,HP,NA
AC32,IO_L21P_T3L_N4_AD8P_67,3L,67,HP,NA
AB34,IO_L20N_T3L_N3_AD1N_67,3L,67,HP,NA
AC34,IO_L20P_T3L_N2_AD1P_67,3L,67,HP,NA
AD34,IO_L19N_T3L_N1_DBC_AD9N_67,3L,67,HP,NA
AD33,IO_L19P_T3L_N0_DBC_AD9P_67,3L,67,HP,NA
AA34,IO_T3U_N12_67,3U,67,HP,NA
AA35,IO_T2U_N12_67,2U,67,HP,NA
AB36,IO_L18N_T2U_N11_AD2N_67,2U,67,HP,NA
AB35,IO_L18P_T2U_N10_AD2P_67,2U,67,HP,NA
AD36,IO_L17N_T2U_N9_AD10N_67,2U,67,HP,NA
AD35,IO_L17P_T2U_N8_AD10P_67,2U,67,HP,NA
AC37,IO_L16N_T2U_N7_QBC_AD3N_67,2U,67,HP,NA
AC36,IO_L16P_T2U_N6_QBC_AD3P_67,2U,67,HP,NA
AC38,IO_L15N_T2L_N5_AD11N_67,2L,67,HP,NA
AD38,IO_L15P_T2L_N4_AD11P_67,2L,67,HP,NA
AA37,IO_L14N_T2L_N3_GC_67,2L,67,HP,NA
AB37,IO_L14P_T2L_N2_GC_67,2L,67,HP,NA
Y38,IO_L13N_T2L_N1_GC_QBC_67,2L,67,HP,NA
Y37,IO_L13P_T2L_N0_GC_QBC_67,2L,67,HP,NA
AA39,IO_L12N_T1U_N11_GC_67,1U,67,HP,NA
AA38,IO_L12P_T1U_N10_GC_67,1U,67,HP,NA
AB39,IO_L11N_T1U_N9_GC_67,1U,67,HP,NA
AC39,IO_L11P_T1U_N8_GC_67,1U,67,HP,NA
AD40,IO_L10N_T1U_N7_QBC_AD4N_67,1U,67,HP,NA
AD39,IO_L10P_T1U_N6_QBC_AD4P_67,1U,67,HP,NA
Y40,IO_L9N_T1L_N5_AD12N_67,1L,67,HP,NA
AA40,IO_L9P_T1L_N4_AD12P_67,1L,67,HP,NA
AB41,IO_L8N_T1L_N3_AD5N_67,1L,67,HP,NA
AB40,IO_L8P_T1L_N2_AD5P_67,1L,67,HP,NA
AC41,IO_L7N_T1L_N1_QBC_AD13N_67,1L,67,HP,NA
AD41,IO_L7P_T1L_N0_QBC_AD13P_67,1L,67,HP,NA
Y41,IO_T1U_N12_67,1U,67,HP,NA
Y42,IO_T0U_N12_VRP_67,0U,67,HP,NA
Y43,IO_L6N_T0U_N11_AD6N_67,0U,67,HP,NA
AA43,IO_L6P_T0U_N10_AD6P_67,0U,67,HP,NA
AA42,IO_L5N_T0U_N9_AD14N_67,0U,67,HP,NA
AB42,IO_L5P_T0U_N8_AD14P_67,0U,67,HP,NA
AA44,IO_L4N_T0U_N7_DBC_AD7N_67,0U,67,HP,NA
AB44,IO_L4P_T0U_N6_DBC_AD7P_67,0U,67,HP,NA
AC43,IO_L3N_T0L_N5_AD15N_67,0L,67,HP,NA
AC42,IO_L3P_T0L_N4_AD15P_67,0L,67,HP,NA
AC44,IO_L2N_T0L_N3_67,0L,67,HP,NA
AD44,IO_L2P_T0L_N2_67,0L,67,HP,NA
AD43,IO_L1N_T0L_N1_DBC_67,0L,67,HP,NA
AE43,IO_L1P_T0L_N0_DBC_67,0L,67,HP,NA
AB30,VREF_67,NA,67,HP,NA
AL14,IO_L24N_T3U_N11_66,3U,66,HP,NA
AL15,IO_L24P_T3U_N10_66,3U,66,HP,NA
AM14,IO_L23N_T3U_N9_66,3U,66,HP,NA
AM15,IO_L23P_T3U_N8_66,3U,66,HP,NA
AN16,IO_L22N_T3U_N7_DBC_AD0N_66,3U,66,HP,NA
AM16,IO_L22P_T3U_N6_DBC_AD0P_66,3U,66,HP,NA
AP14,IO_L21N_T3L_N5_AD8N_66,3L,66,HP,NA
AN14,IO_L21P_T3L_N4_AD8P_66,3L,66,HP,NA
AR15,IO_L20N_T3L_N3_AD1N_66,3L,66,HP,NA
AP15,IO_L20P_T3L_N2_AD1P_66,3L,66,HP,NA
AR16,IO_L19N_T3L_N1_DBC_AD9N_66,3L,66,HP,NA
AP16,IO_L19P_T3L_N0_DBC_AD9P_66,3L,66,HP,NA
AT15,IO_T3U_N12_66,3U,66,HP,NA
AT14,IO_T2U_N12_66,2U,66,HP,NA
AV14,IO_L18N_T2U_N11_AD2N_66,2U,66,HP,NA
AU14,IO_L18P_T2U_N10_AD2P_66,2U,66,HP,NA
AV12,IO_L17N_T2U_N9_AD10N_66,2U,66,HP,NA
AV13,IO_L17P_T2U_N8_AD10P_66,2U,66,HP,NA
AU15,IO_L16N_T2U_N7_QBC_AD3N_66,2U,66,HP,NA
AU16,IO_L16P_T2U_N6_QBC_AD3P_66,2U,66,HP,NA
AW16,IO_L15N_T2L_N5_AD11N_66,2L,66,HP,NA
AV16,IO_L15P_T2L_N4_AD11P_66,2L,66,HP,NA
AY13,IO_L14N_T2L_N3_GC_66,2L,66,HP,NA
AW13,IO_L14P_T2L_N2_GC_66,2L,66,HP,NA
AW14,IO_L13N_T2L_N1_GC_QBC_66,2L,66,HP,NA
AW15,IO_L13P_T2L_N0_GC_QBC_66,2L,66,HP,NA
AW10,IO_L12N_T1U_N11_GC_66,1U,66,HP,NA
AW11,IO_L12P_T1U_N10_GC_66,1U,66,HP,NA
AY11,IO_L11N_T1U_N9_GC_66,1U,66,HP,NA
AY12,IO_L11P_T1U_N8_GC_66,1U,66,HP,NA
BA10,IO_L10N_T1U_N7_QBC_AD4N_66,1U,66,HP,NA
AY10,IO_L10P_T1U_N6_QBC_AD4P_66,1U,66,HP,NA
BA8,IO_L9N_T1L_N5_AD12N_66,1L,66,HP,NA
AY8,IO_L9P_T1L_N4_AD12P_66,1L,66,HP,NA
BB9,IO_L8N_T1L_N3_AD5N_66,1L,66,HP,NA
BA9,IO_L8P_T1L_N2_AD5P_66,1L,66,HP,NA
BA12,IO_L7N_T1L_N1_QBC_AD13N_66,1L,66,HP,NA
BA13,IO_L7P_T1L_N0_QBC_AD13P_66,1L,66,HP,NA
BB12,IO_T1U_N12_66,1U,66,HP,NA
BC12,IO_T0U_N12_VRP_66,0U,66,HP,NA
BB10,IO_L6N_T0U_N11_AD6N_66,0U,66,HP,NA
BB11,IO_L6P_T0U_N10_AD6P_66,0U,66,HP,NA
BD11,IO_L5N_T0U_N9_AD14N_66,0U,66,HP,NA
BC11,IO_L5P_T0U_N8_AD14P_66,0U,66,HP,NA
BD9,IO_L4N_T0U_N7_DBC_AD7N_66,0U,66,HP,NA
BD10,IO_L4P_T0U_N6_DBC_AD7P_66,0U,66,HP,NA
BC7,IO_L3N_T0L_N5_AD15N_66,0L,66,HP,NA
BC8,IO_L3P_T0L_N4_AD15P_66,0L,66,HP,NA
BD8,IO_L2N_T0L_N3_66,0L,66,HP,NA
BC9,IO_L2P_T0L_N2_66,0L,66,HP,NA
BD6,IO_L1N_T0L_N1_DBC_66,0L,66,HP,NA
BC6,IO_L1P_T0L_N0_DBC_66,0L,66,HP,NA
AK15,VREF_66,NA,66,HP,NA
AL20,IO_L24N_T3U_N11_65,3U,65,HP,NA
AK20,IO_L24P_T3U_N10_65,3U,65,HP,NA
AL18,IO_L23N_T3U_N9_PERSTN1_I2C_SDA_65,3U,65,HP,NA
AL19,IO_L23P_T3U_N8_I2C_SCLK_65,3U,65,HP,NA
AM19,IO_L22N_T3U_N7_DBC_AD0N_65,3U,65,HP,NA
AM20,IO_L22P_T3U_N6_DBC_AD0P_65,3U,65,HP,NA
AM17,IO_L21N_T3L_N5_AD8N_65,3L,65,HP,NA
AL17,IO_L21P_T3L_N4_AD8P_65,3L,65,HP,NA
AP19,IO_L20N_T3L_N3_AD1N_65,3L,65,HP,NA
AN19,IO_L20P_T3L_N2_AD1P_65,3L,65,HP,NA
AN17,IO_L19N_T3L_N1_DBC_AD9N_65,3L,65,HP,NA
AN18,IO_L19P_T3L_N0_DBC_AD9P_65,3L,65,HP,NA
AP20,IO_T3U_N12_PERSTN0_65,3U,65,HP,NA
AR20,IO_T2U_N12_65,2U,65,HP,NA
AR18,IO_L18N_T2U_N11_AD2N_65,2U,65,HP,NA
AP18,IO_L18P_T2U_N10_AD2P_65,2U,65,HP,NA
AT17,IO_L17N_T2U_N9_AD10N_65,2U,65,HP,NA
AR17,IO_L17P_T2U_N8_AD10P_65,2U,65,HP,NA
AU20,IO_L16N_T2U_N7_QBC_AD3N_65,2U,65,HP,NA
AT20,IO_L16P_T2U_N6_QBC_AD3P_65,2U,65,HP,NA
AT18,IO_L15N_T2L_N5_AD11N_65,2L,65,HP,NA
AT19,IO_L15P_T2L_N4_AD11P_65,2L,65,HP,NA
AV19,IO_L14N_T2L_N3_GC_65,2L,65,HP,NA
AU19,IO_L14P_T2L_N2_GC_65,2L,65,HP,NA
AV17,IO_L13N_T2L_N1_GC_QBC_65,2L,65,HP,NA
AU17,IO_L13P_T2L_N0_GC_QBC_65,2L,65,HP,NA
AW18,IO_L12N_T1U_N11_GC_65,1U,65,HP,NA
AV18,IO_L12P_T1U_N10_GC_65,1U,65,HP,NA
AY18,IO_L11N_T1U_N9_GC_65,1U,65,HP,NA
AW19,IO_L11P_T1U_N8_GC_65,1U,65,HP,NA
BA17,IO_L10N_T1U_N7_QBC_AD4N_65,1U,65,HP,NA
AY17,IO_L10P_T1U_N6_QBC_AD4P_65,1U,65,HP,NA
AY15,IO_L9N_T1L_N5_AD12N_65,1L,65,HP,NA
AY16,IO_L9P_T1L_N4_AD12P_65,1L,65,HP,NA
BA18,IO_L8N_T1L_N3_AD5N_65,1L,65,HP,NA
BA19,IO_L8P_T1L_N2_AD5P_65,1L,65,HP,NA
BA14,IO_L7N_T1L_N1_QBC_AD13N_65,1L,65,HP,NA
BA15,IO_L7P_T1L_N0_QBC_AD13P_65,1L,65,HP,NA
BB17,IO_T1U_N12_SMBALERT_65,1U,65,HP,NA
BB16,IO_T0U_N12_VRP_65,0U,65,HP,NA
BC16,IO_L6N_T0U_N11_AD6N_65,0U,65,HP,NA
BC17,IO_L6P_T0U_N10_AD6P_65,0U,65,HP,NA
BB14,IO_L5N_T0U_N9_AD14N_65,0U,65,HP,NA
BB15,IO_L5P_T0U_N8_AD14P_65,0U,65,HP,NA
BD15,IO_L4N_T0U_N7_DBC_AD7N_65,0U,65,HP,NA
BD16,IO_L4P_T0U_N6_DBC_AD7P_65,0U,65,HP,NA
BC13,IO_L3N_T0L_N5_AD15N_65,0L,65,HP,NA
BC14,IO_L3P_T0L_N4_AD15P_65,0L,65,HP,NA
BD18,IO_L2N_T0L_N3_65,0L,65,HP,NA
BC18,IO_L2P_T0L_N2_65,0L,65,HP,NA
BD13,IO_L1N_T0L_N1_DBC_65,0L,65,HP,NA
BD14,IO_L1P_T0L_N0_DBC_65,0L,65,HP,NA
AK18,VREF_65,NA,65,HP,NA
AK21,IO_L24N_T3U_N11_64,3U,64,HP,NA
AK22,IO_L24P_T3U_N10_64,3U,64,HP,NA
AL22,IO_L23N_T3U_N9_64,3U,64,HP,NA
AL23,IO_L23P_T3U_N8_64,3U,64,HP,NA
AM21,IO_L22N_T3U_N7_DBC_AD0N_64,3U,64,HP,NA
AM22,IO_L22P_T3U_N6_DBC_AD0P_64,3U,64,HP,NA
AN22,IO_L21N_T3L_N5_AD8N_64,3L,64,HP,NA
AN23,IO_L21P_T3L_N4_AD8P_64,3L,64,HP,NA
AP21,IO_L20N_T3L_N3_AD1N_64,3L,64,HP,NA
AN21,IO_L20P_T3L_N2_AD1P_64,3L,64,HP,NA
AP23,IO_L19N_T3L_N1_DBC_AD9N_64,3L,64,HP,NA
AP24,IO_L19P_T3L_N0_DBC_AD9P_64,3L,64,HP,NA
AR23,IO_T3U_N12_64,3U,64,HP,NA
AT23,IO_T2U_N12_64,2U,64,HP,NA
AR21,IO_L18N_T2U_N11_AD2N_64,2U,64,HP,NA
AR22,IO_L18P_T2U_N10_AD2P_64,2U,64,HP,NA
AU24,IO_L17N_T2U_N9_AD10N_64,2U,64,HP,NA
AT24,IO_L17P_T2U_N8_AD10P_64,2U,64,HP,NA
AV21,IO_L16N_T2U_N7_QBC_AD3N_64,2U,64,HP,NA
AU21,IO_L16P_T2U_N6_QBC_AD3P_64,2U,64,HP,NA
AU22,IO_L15N_T2L_N5_AD11N_64,2L,64,HP,NA
AT22,IO_L15P_T2L_N4_AD11P_64,2L,64,HP,NA
AV22,IO_L14N_T2L_N3_GC_64,2L,64,HP,NA
AV23,IO_L14P_T2L_N2_GC_64,2L,64,HP,NA
AW24,IO_L13N_T2L_N1_GC_QBC_64,2L,64,HP,NA
AV24,IO_L13P_T2L_N0_GC_QBC_64,2L,64,HP,NA
AW20,IO_L12N_T1U_N11_GC_64,1U,64,HP,NA
AW21,IO_L12P_T1U_N10_GC_64,1U,64,HP,NA
AY23,IO_L11N_T1U_N9_GC_64,1U,64,HP,NA
AW23,IO_L11P_T1U_N8_GC_64,1U,64,HP,NA
AY20,IO_L10N_T1U_N7_QBC_AD4N_64,1U,64,HP,NA
AY21,IO_L10P_T1U_N6_QBC_AD4P_64,1U,64,HP,NA
BA22,IO_L9N_T1L_N5_AD12N_64,1L,64,HP,NA
AY22,IO_L9P_T1L_N4_AD12P_64,1L,64,HP,NA
BB20,IO_L8N_T1L_N3_AD5N_64,1L,64,HP,NA
BA20,IO_L8P_T1L_N2_AD5P_64,1L,64,HP,NA
BA23,IO_L7N_T1L_N1_QBC_AD13N_64,1L,64,HP,NA
BA24,IO_L7P_T1L_N0_QBC_AD13P_64,1L,64,HP,NA
BB19,IO_T1U_N12_64,1U,64,HP,NA
BC19,IO_T0U_N12_VRP_64,0U,64,HP,NA
BD21,IO_L6N_T0U_N11_AD6N_64,0U,64,HP,NA
BC21,IO_L6P_T0U_N10_AD6P_64,0U,64,HP,NA
BB21,IO_L5N_T0U_N9_AD14N_64,0U,64,HP,NA
BB22,IO_L5P_T0U_N8_AD14P_64,0U,64,HP,NA
BD23,IO_L4N_T0U_N7_DBC_AD7N_64,0U,64,HP,NA
BD24,IO_L4P_T0U_N6_DBC_AD7P_64,0U,64,HP,NA
BC22,IO_L3N_T0L_N5_AD15N_64,0L,64,HP,NA
BC23,IO_L3P_T0L_N4_AD15P_64,0L,64,HP,NA
BD19,IO_L2N_T0L_N3_64,0L,64,HP,NA
BD20,IO_L2P_T0L_N2_64,0L,64,HP,NA
BC24,IO_L1N_T0L_N1_DBC_64,0L,64,HP,NA
BB24,IO_L1P_T0L_N0_DBC_64,0L,64,HP,NA
AK23,VREF_64,NA,64,HP,NA
A12,IO_L12N_AD8N_94,NA,94,HD,NA
A13,IO_L12P_AD8P_94,NA,94,HD,NA
B12,IO_L11N_AD9N_94,NA,94,HD,NA
C12,IO_L11P_AD9P_94,NA,94,HD,NA
E12,IO_L10N_AD10N_94,NA,94,HD,NA
F12,IO_L10P_AD10P_94,NA,94,HD,NA
E10,IO_L9N_AD11N_94,NA,94,HD,NA
E11,IO_L9P_AD11P_94,NA,94,HD,NA
B11,IO_L8N_HDGC_94,NA,94,HD,NA
C11,IO_L8P_HDGC_94,NA,94,HD,NA
D10,IO_L7N_HDGC_94,NA,94,HD,NA
D11,IO_L7P_HDGC_94,NA,94,HD,NA
A10,IO_L6N_HDGC_94,NA,94,HD,NA
B10,IO_L6P_HDGC_94,NA,94,HD,NA
B9,IO_L5N_HDGC_94,NA,94,HD,NA
C9,IO_L5P_HDGC_94,NA,94,HD,NA
A8,IO_L4N_AD12N_94,NA,94,HD,NA
A9,IO_L4P_AD12P_94,NA,94,HD,NA
A6,IO_L3N_AD13N_94,NA,94,HD,NA
A7,IO_L3P_AD13P_94,NA,94,HD,NA
B8,IO_L2N_AD14N_94,NA,94,HD,NA
C8,IO_L2P_AD14P_94,NA,94,HD,NA
D8,IO_L1N_AD15N_94,NA,94,HD,NA
D9,IO_L1P_AD15P_94,NA,94,HD,NA
A14,IO_L12N_AD0N_93,NA,93,HD,NA
A15,IO_L12P_AD0P_93,NA,93,HD,NA
B14,IO_L11N_AD1N_93,NA,93,HD,NA
B15,IO_L11P_AD1P_93,NA,93,HD,NA
A17,IO_L10N_AD2N_93,NA,93,HD,NA
A18,IO_L10P_AD2P_93,NA,93,HD,NA
B16,IO_L9N_AD3N_93,NA,93,HD,NA
B17,IO_L9P_AD3P_93,NA,93,HD,NA
C13,IO_L8N_HDGC_AD4N_93,NA,93,HD,NA
C14,IO_L8P_HDGC_AD4P_93,NA,93,HD,NA
C16,IO_L7N_HDGC_AD5N_93,NA,93,HD,NA
C17,IO_L7P_HDGC_AD5P_93,NA,93,HD,NA
D13,IO_L6N_HDGC_AD6N_93,NA,93,HD,NA
D14,IO_L6P_HDGC_AD6P_93,NA,93,HD,NA
D15,IO_L5N_HDGC_AD7N_93,NA,93,HD,NA
D16,IO_L5P_HDGC_AD7P_93,NA,93,HD,NA
E13,IO_L4N_AD8N_93,NA,93,HD,NA
F13,IO_L4P_AD8P_93,NA,93,HD,NA
F14,IO_L3N_AD9N_93,NA,93,HD,NA
F15,IO_L3P_AD9P_93,NA,93,HD,NA
E15,IO_L2N_AD10N_93,NA,93,HD,NA
E16,IO_L2P_AD10P_93,NA,93,HD,NA
E17,IO_L1N_AD11N_93,NA,93,HD,NA
F17,IO_L1P_AD11P_93,NA,93,HD,NA
G14,IO_L12N_AD8N_91,NA,91,HD,NA
G15,IO_L12P_AD8P_91,NA,91,HD,NA
G16,IO_L11N_AD9N_91,NA,91,HD,NA
G17,IO_L11P_AD9P_91,NA,91,HD,NA
H16,IO_L10N_AD10N_91,NA,91,HD,NA
H17,IO_L10P_AD10P_91,NA,91,HD,NA
H14,IO_L9N_AD11N_91,NA,91,HD,NA
J14,IO_L9P_AD11P_91,NA,91,HD,NA
J15,IO_L8N_HDGC_91,NA,91,HD,NA
J16,IO_L8P_HDGC_91,NA,91,HD,NA
K15,IO_L7N_HDGC_91,NA,91,HD,NA
K16,IO_L7P_HDGC_91,NA,91,HD,NA
K17,IO_L6N_HDGC_91,NA,91,HD,NA
K18,IO_L6P_HDGC_91,NA,91,HD,NA
K14,IO_L5N_HDGC_91,NA,91,HD,NA
L14,IO_L5P_HDGC_91,NA,91,HD,NA
L17,IO_L4N_AD12N_91,NA,91,HD,NA
L18,IO_L4P_AD12P_91,NA,91,HD,NA
L15,IO_L3N_AD13N_91,NA,91,HD,NA
M15,IO_L3P_AD13P_91,NA,91,HD,NA
M16,IO_L2N_AD14N_91,NA,91,HD,NA
M17,IO_L2P_AD14P_91,NA,91,HD,NA
M14,IO_L1N_AD15N_91,NA,91,HD,NA
N14,IO_L1P_AD15P_91,NA,91,HD,NA
N16,IO_L12N_AD0N_90,NA,90,HD,NA
N17,IO_L12P_AD0P_90,NA,90,HD,NA
N18,IO_L11N_AD1N_90,NA,90,HD,NA
P18,IO_L11P_AD1P_90,NA,90,HD,NA
P15,IO_L10N_AD2N_90,NA,90,HD,NA
P16,IO_L10P_AD2P_90,NA,90,HD,NA
P14,IO_L9N_AD3N_90,NA,90,HD,NA
R14,IO_L9P_AD3P_90,NA,90,HD,NA
R15,IO_L8N_HDGC_AD4N_90,NA,90,HD,NA
R16,IO_L8P_HDGC_AD4P_90,NA,90,HD,NA
R17,IO_L7N_HDGC_AD5N_90,NA,90,HD,NA
R18,IO_L7P_HDGC_AD5P_90,NA,90,HD,NA
T14,IO_L6N_HDGC_AD6N_90,NA,90,HD,NA
T15,IO_L6P_HDGC_AD6P_90,NA,90,HD,NA
T17,IO_L5N_HDGC_AD7N_90,NA,90,HD,NA
T18,IO_L5P_HDGC_AD7P_90,NA,90,HD,NA
U14,IO_L4N_AD8N_90,NA,90,HD,NA
U15,IO_L4P_AD8P_90,NA,90,HD,NA
U16,IO_L3N_AD9N_90,NA,90,HD,NA
U17,IO_L3P_AD9P_90,NA,90,HD,NA
V15,IO_L2N_AD10N_90,NA,90,HD,NA
V16,IO_L2P_AD10P_90,NA,90,HD,NA
V14,IO_L1N_AD11N_90,NA,90,HD,NA
W14,IO_L1P_AD11P_90,NA,90,HD,NA
BD3,MGTHRXN0_224,NA,224,GTH,NA
BB3,MGTHRXN1_224,NA,224,GTH,NA
BA5,MGTHRXN2_224,NA,224,GTH,NA
AY3,MGTHRXN3_224,NA,224,GTH,NA
BD4,MGTHRXP0_224,NA,224,GTH,NA
BB4,MGTHRXP1_224,NA,224,GTH,NA
BA6,MGTHRXP2_224,NA,224,GTH,NA
AY4,MGTHRXP3_224,NA,224,GTH,NA
AW5,MGTHTXN0_224,NA,224,GTH,NA
AV7,MGTHTXN1_224,NA,224,GTH,NA
AU5,MGTHTXN2_224,NA,224,GTH,NA
AT7,MGTHTXN3_224,NA,224,GTH,NA
AW6,MGTHTXP0_224,NA,224,GTH,NA
AV8,MGTHTXP1_224,NA,224,GTH,NA
AU6,MGTHTXP2_224,NA,224,GTH,NA
AT8,MGTHTXP3_224,NA,224,GTH,NA
AU9,MGTREFCLK0N_224,NA,224,GTH,NA
AU10,MGTREFCLK0P_224,NA,224,GTH,NA
AT11,MGTREFCLK1N_224,NA,224,GTH,NA
AT12,MGTREFCLK1P_224,NA,224,GTH,NA
BA1,MGTHRXN0_225,NA,225,GTH,NA
AW1,MGTHRXN1_225,NA,225,GTH,NA
AV3,MGTHRXN2_225,NA,225,GTH,NA
AU1,MGTHRXN3_225,NA,225,GTH,NA
BA2,MGTHRXP0_225,NA,225,GTH,NA
AW2,MGTHRXP1_225,NA,225,GTH,NA
AV4,MGTHRXP2_225,NA,225,GTH,NA
AU2,MGTHRXP3_225,NA,225,GTH,NA
AR5,MGTHTXN0_225,NA,225,GTH,NA
AP7,MGTHTXN1_225,NA,225,GTH,NA
AN5,MGTHTXN2_225,NA,225,GTH,NA
AM7,MGTHTXN3_225,NA,225,GTH,NA
AR6,MGTHTXP0_225,NA,225,GTH,NA
AP8,MGTHTXP1_225,NA,225,GTH,NA
AN6,MGTHTXP2_225,NA,225,GTH,NA
AM8,MGTHTXP3_225,NA,225,GTH,NA
AR9,MGTREFCLK0N_225,NA,225,GTH,NA
AR10,MGTREFCLK0P_225,NA,225,GTH,NA
AP11,MGTREFCLK1N_225,NA,225,GTH,NA
AP12,MGTREFCLK1P_225,NA,225,GTH,NA
AL11,MGTAVTTRCAL_R,NA,NA,NA,NA
AT3,MGTHRXN0_226,NA,226,GTH,NA
AR1,MGTHRXN1_226,NA,226,GTH,NA
AP3,MGTHRXN2_226,NA,226,GTH,NA
AN1,MGTHRXN3_226,NA,226,GTH,NA
AT4,MGTHRXP0_226,NA,226,GTH,NA
AR2,MGTHRXP1_226,NA,226,GTH,NA
AP4,MGTHRXP2_226,NA,226,GTH,NA
AN2,MGTHRXP3_226,NA,226,GTH,NA
AL5,MGTHTXN0_226,NA,226,GTH,NA
AK7,MGTHTXN1_226,NA,226,GTH,NA
AJ5,MGTHTXN2_226,NA,226,GTH,NA
AJ9,MGTHTXN3_226,NA,226,GTH,NA
AL6,MGTHTXP0_226,NA,226,GTH,NA
AK8,MGTHTXP1_226,NA,226,GTH,NA
AJ6,MGTHTXP2_226,NA,226,GTH,NA
AJ10,MGTHTXP3_226,NA,226,GTH,NA
AN9,MGTREFCLK0N_226,NA,226,GTH,NA
AN10,MGTREFCLK0P_226,NA,226,GTH,NA
AM11,MGTREFCLK1N_226,NA,226,GTH,NA
AM12,MGTREFCLK1P_226,NA,226,GTH,NA
AL12,MGTRREF_R,NA,NA,NA,NA
AM3,MGTHRXN0_227,NA,227,GTH,NA
AL1,MGTHRXN1_227,NA,227,GTH,NA
AK3,MGTHRXN2_227,NA,227,GTH,NA
AJ1,MGTHRXN3_227,NA,227,GTH,NA
AM4,MGTHRXP0_227,NA,227,GTH,NA
AL2,MGTHRXP1_227,NA,227,GTH,NA
AK4,MGTHRXP2_227,NA,227,GTH,NA
AJ2,MGTHRXP3_227,NA,227,GTH,NA
AH7,MGTHTXN0_227,NA,227,GTH,NA
AG5,MGTHTXN1_227,NA,227,GTH,NA
AG9,MGTHTXN2_227,NA,227,GTH,NA
AF7,MGTHTXN3_227,NA,227,GTH,NA
AH8,MGTHTXP0_227,NA,227,GTH,NA
AG6,MGTHTXP1_227,NA,227,GTH,NA
AG10,MGTHTXP2_227,NA,227,GTH,NA
AF8,MGTHTXP3_227,NA,227,GTH,NA
AL9,MGTREFCLK0N_227,NA,227,GTH,NA
AL10,MGTREFCLK0P_227,NA,227,GTH,NA
AK11,MGTREFCLK1N_227,NA,227,GTH,NA
AK12,MGTREFCLK1P_227,NA,227,GTH,NA
AH3,MGTHRXN0_228,NA,228,GTH,NA
AG1,MGTHRXN1_228,NA,228,GTH,NA
AF3,MGTHRXN2_228,NA,228,GTH,NA
AE1,MGTHRXN3_228,NA,228,GTH,NA
AH4,MGTHRXP0_228,NA,228,GTH,NA
AG2,MGTHRXP1_228,NA,228,GTH,NA
AF4,MGTHRXP2_228,NA,228,GTH,NA
AE2,MGTHRXP3_228,NA,228,GTH,NA
AE5,MGTHTXN0_228,NA,228,GTH,NA
AE9,MGTHTXN1_228,NA,228,GTH,NA
AD7,MGTHTXN2_228,NA,228,GTH,NA
AC5,MGTHTXN3_228,NA,228,GTH,NA
AE6,MGTHTXP0_228,NA,228,GTH,NA
AE10,MGTHTXP1_228,NA,228,GTH,NA
AD8,MGTHTXP2_228,NA,228,GTH,NA
AC6,MGTHTXP3_228,NA,228,GTH,NA
AH11,MGTREFCLK0N_228,NA,228,GTH,NA
AH12,MGTREFCLK0P_228,NA,228,GTH,NA
AF11,MGTREFCLK1N_228,NA,228,GTH,NA
AF12,MGTREFCLK1P_228,NA,228,GTH,NA
AD3,MGTHRXN0_229,NA,229,GTH,NA
AC1,MGTHRXN1_229,NA,229,GTH,NA
AB3,MGTHRXN2_229,NA,229,GTH,NA
AA1,MGTHRXN3_229,NA,229,GTH,NA
AD4,MGTHRXP0_229,NA,229,GTH,NA
AC2,MGTHRXP1_229,NA,229,GTH,NA
AB4,MGTHRXP2_229,NA,229,GTH,NA
AA2,MGTHRXP3_229,NA,229,GTH,NA
AC9,MGTHTXN0_229,NA,229,GTH,NA
AB7,MGTHTXN1_229,NA,229,GTH,NA
AA5,MGTHTXN2_229,NA,229,GTH,NA
AA9,MGTHTXN3_229,NA,229,GTH,NA
AC10,MGTHTXP0_229,NA,229,GTH,NA
AB8,MGTHTXP1_229,NA,229,GTH,NA
AA6,MGTHTXP2_229,NA,229,GTH,NA
AA10,MGTHTXP3_229,NA,229,GTH,NA
AD11,MGTREFCLK0N_229,NA,229,GTH,NA
AD12,MGTREFCLK0P_229,NA,229,GTH,NA
AB11,MGTREFCLK1N_229,NA,229,GTH,NA
AB12,MGTREFCLK1P_229,NA,229,GTH,NA
Y3,MGTHRXN0_230,NA,230,GTH,NA
W1,MGTHRXN1_230,NA,230,GTH,NA
V3,MGTHRXN2_230,NA,230,GTH,NA
U1,MGTHRXN3_230,NA,230,GTH,NA
Y4,MGTHRXP0_230,NA,230,GTH,NA
W2,MGTHRXP1_230,NA,230,GTH,NA
V4,MGTHRXP2_230,NA,230,GTH,NA
U2,MGTHRXP3_230,NA,230,GTH,NA
Y7,MGTHTXN0_230,NA,230,GTH,NA
W5,MGTHTXN1_230,NA,230,GTH,NA
W9,MGTHTXN2_230,NA,230,GTH,NA
V7,MGTHTXN3_230,NA,230,GTH,NA
Y8,MGTHTXP0_230,NA,230,GTH,NA
W6,MGTHTXP1_230,NA,230,GTH,NA
W10,MGTHTXP2_230,NA,230,GTH,NA
V8,MGTHTXP3_230,NA,230,GTH,NA
Y11,MGTREFCLK0N_230,NA,230,GTH,NA
Y12,MGTREFCLK0P_230,NA,230,GTH,NA
V11,MGTREFCLK1N_230,NA,230,GTH,NA
V12,MGTREFCLK1P_230,NA,230,GTH,NA
T3,MGTHRXN0_231,NA,231,GTH,NA
R1,MGTHRXN1_231,NA,231,GTH,NA
P3,MGTHRXN2_231,NA,231,GTH,NA
N1,MGTHRXN3_231,NA,231,GTH,NA
T4,MGTHRXP0_231,NA,231,GTH,NA
R2,MGTHRXP1_231,NA,231,GTH,NA
P4,MGTHRXP2_231,NA,231,GTH,NA
N2,MGTHRXP3_231,NA,231,GTH,NA
U5,MGTHTXN0_231,NA,231,GTH,NA
U9,MGTHTXN1_231,NA,231,GTH,NA
T7,MGTHTXN2_231,NA,231,GTH,NA
R9,MGTHTXN3_231,NA,231,GTH,NA
U6,MGTHTXP0_231,NA,231,GTH,NA
U10,MGTHTXP1_231,NA,231,GTH,NA
T8,MGTHTXP2_231,NA,231,GTH,NA
R10,MGTHTXP3_231,NA,231,GTH,NA
T11,MGTREFCLK0N_231,NA,231,GTH,NA
T12,MGTREFCLK0P_231,NA,231,GTH,NA
P11,MGTREFCLK1N_231,NA,231,GTH,NA
P12,MGTREFCLK1P_231,NA,231,GTH,NA
M3,MGTHRXN0_232,NA,232,GTH,NA
L1,MGTHRXN1_232,NA,232,GTH,NA
K3,MGTHRXN2_232,NA,232,GTH,NA
J1,MGTHRXN3_232,NA,232,GTH,NA
M4,MGTHRXP0_232,NA,232,GTH,NA
L2,MGTHRXP1_232,NA,232,GTH,NA
K4,MGTHRXP2_232,NA,232,GTH,NA
J2,MGTHRXP3_232,NA,232,GTH,NA
R5,MGTHTXN0_232,NA,232,GTH,NA
P7,MGTHTXN1_232,NA,232,GTH,NA
N5,MGTHTXN2_232,NA,232,GTH,NA
N9,MGTHTXN3_232,NA,232,GTH,NA
R6,MGTHTXP0_232,NA,232,GTH,NA
P8,MGTHTXP1_232,NA,232,GTH,NA
N6,MGTHTXP2_232,NA,232,GTH,NA
N10,MGTHTXP3_232,NA,232,GTH,NA
M11,MGTREFCLK0N_232,NA,232,GTH,NA
M12,MGTREFCLK0P_232,NA,232,GTH,NA
L9,MGTREFCLK1N_232,NA,232,GTH,NA
L10,MGTREFCLK1P_232,NA,232,GTH,NA
H3,MGTHRXN0_233,NA,233,GTH,NA
G1,MGTHRXN1_233,NA,233,GTH,NA
F3,MGTHRXN2_233,NA,233,GTH,NA
E1,MGTHRXN3_233,NA,233,GTH,NA
H4,MGTHRXP0_233,NA,233,GTH,NA
G2,MGTHRXP1_233,NA,233,GTH,NA
F4,MGTHRXP2_233,NA,233,GTH,NA
E2,MGTHRXP3_233,NA,233,GTH,NA
M7,MGTHTXN0_233,NA,233,GTH,NA
L5,MGTHTXN1_233,NA,233,GTH,NA
K7,MGTHTXN2_233,NA,233,GTH,NA
J5,MGTHTXN3_233,NA,233,GTH,NA
M8,MGTHTXP0_233,NA,233,GTH,NA
L6,MGTHTXP1_233,NA,233,GTH,NA
K8,MGTHTXP2_233,NA,233,GTH,NA
J6,MGTHTXP3_233,NA,233,GTH,NA
K11,MGTREFCLK0N_233,NA,233,GTH,NA
K12,MGTREFCLK0P_233,NA,233,GTH,NA
J9,MGTREFCLK1N_233,NA,233,GTH,NA
J10,MGTREFCLK1P_233,NA,233,GTH,NA
D3,MGTHRXN0_234,NA,234,GTH,NA
C1,MGTHRXN1_234,NA,234,GTH,NA
C5,MGTHRXN2_234,NA,234,GTH,NA
B3,MGTHRXN3_234,NA,234,GTH,NA
D4,MGTHRXP0_234,NA,234,GTH,NA
C2,MGTHRXP1_234,NA,234,GTH,NA
C6,MGTHRXP2_234,NA,234,GTH,NA
B4,MGTHRXP3_234,NA,234,GTH,NA
H7,MGTHTXN0_234,NA,234,GTH,NA
G5,MGTHTXN1_234,NA,234,GTH,NA
F7,MGTHTXN2_234,NA,234,GTH,NA
E5,MGTHTXN3_234,NA,234,GTH,NA
H8,MGTHTXP0_234,NA,234,GTH,NA
G6,MGTHTXP1_234,NA,234,GTH,NA
F8,MGTHTXP2_234,NA,234,GTH,NA
E6,MGTHTXP3_234,NA,234,GTH,NA
H11,MGTREFCLK0N_234,NA,234,GTH,NA
H12,MGTREFCLK0P_234,NA,234,GTH,NA
G9,MGTREFCLK1N_234,NA,234,GTH,NA
G10,MGTREFCLK1P_234,NA,234,GTH,NA
BD25,PS_MIO0,NA,500,PSMIO,NA
AW25,PS_MIO1,NA,500,PSMIO,NA
AY26,PS_MIO10,NA,500,PSMIO,NA
BA27,PS_MIO11,NA,500,PSMIO,NA
AW26,PS_MIO12,NA,500,PSMIO,NA
AL25,PS_MIO13,NA,500,PSMIO,NA
AP25,PS_MIO14,NA,500,PSMIO,NA
AM25,PS_MIO15,NA,500,PSMIO,NA
AR25,PS_MIO16,NA,500,PSMIO,NA
AT25,PS_MIO17,NA,500,PSMIO,NA
AM24,PS_MIO18,NA,500,PSMIO,NA
AK25,PS_MIO19,NA,500,PSMIO,NA
BB25,PS_MIO2,NA,500,PSMIO,NA
AR26,PS_MIO20,NA,500,PSMIO,NA
AL24,PS_MIO21,NA,500,PSMIO,NA
AU26,PS_MIO22,NA,500,PSMIO,NA
AN24,PS_MIO23,NA,500,PSMIO,NA
AV26,PS_MIO24,NA,500,PSMIO,NA
AU25,PS_MIO25,NA,500,PSMIO,NA
BA25,PS_MIO3,NA,500,PSMIO,NA
AY25,PS_MIO4,NA,500,PSMIO,NA
BD26,PS_MIO5,NA,500,PSMIO,NA
BC26,PS_MIO6,NA,500,PSMIO,NA
BB26,PS_MIO7,NA,500,PSMIO,NA
BB27,PS_MIO8,NA,500,PSMIO,NA
BC27,PS_MIO9,NA,500,PSMIO,NA
AE33,PS_MIO26,NA,501,PSMIO,NA
AF30,PS_MIO27,NA,501,PSMIO,NA
AD30,PS_MIO28,NA,501,PSMIO,NA
AE31,PS_MIO29,NA,501,PSMIO,NA
AE30,PS_MIO30,NA,501,PSMIO,NA
AE32,PS_MIO31,NA,501,PSMIO,NA
AE36,PS_MIO32,NA,501,PSMIO,NA
AE35,PS_MIO33,NA,501,PSMIO,NA
AF35,PS_MIO34,NA,501,PSMIO,NA
AG34,PS_MIO35,NA,501,PSMIO,NA
AG36,PS_MIO36,NA,501,PSMIO,NA
AF34,PS_MIO37,NA,501,PSMIO,NA
AG35,PS_MIO38,NA,501,PSMIO,NA
AF33,PS_MIO39,NA,501,PSMIO,NA
AF32,PS_MIO40,NA,501,PSMIO,NA
AH36,PS_MIO41,NA,501,PSMIO,NA
AH35,PS_MIO42,NA,501,PSMIO,NA
AJ32,PS_MIO43,NA,501,PSMIO,NA
AH34,PS_MIO44,NA,501,PSMIO,NA
AH33,PS_MIO45,NA,501,PSMIO,NA
AG31,PS_MIO46,NA,501,PSMIO,NA
AG30,PS_MIO47,NA,501,PSMIO,NA
AH31,PS_MIO48,NA,501,PSMIO,NA
AJ33,PS_MIO49,NA,501,PSMIO,NA
AG32,PS_MIO50,NA,501,PSMIO,NA
AH32,PS_MIO51,NA,501,PSMIO,NA
AE37,PS_MIO52,NA,502,PSMIO,NA
AE38,PS_MIO53,NA,502,PSMIO,NA
AF37,PS_MIO54,NA,502,PSMIO,NA
AE40,PS_MIO55,NA,502,PSMIO,NA
AF38,PS_MIO56,NA,502,PSMIO,NA
AF39,PS_MIO57,NA,502,PSMIO,NA
AE41,PS_MIO58,NA,502,PSMIO,NA
AG37,PS_MIO59,NA,502,PSMIO,NA
AE42,PS_MIO60,NA,502,PSMIO,NA
AF40,PS_MIO61,NA,502,PSMIO,NA
AG40,PS_MIO62,NA,502,PSMIO,NA
AG39,PS_MIO63,NA,502,PSMIO,NA
AG41,PS_MIO64,NA,502,PSMIO,NA
AG42,PS_MIO65,NA,502,PSMIO,NA
AF42,PS_MIO66,NA,502,PSMIO,NA
AF43,PS_MIO67,NA,502,PSMIO,NA
AG44,PS_MIO68,NA,502,PSMIO,NA
AF44,PS_MIO69,NA,502,PSMIO,NA
AH37,PS_MIO70,NA,502,PSMIO,NA
AH38,PS_MIO71,NA,502,PSMIO,NA
AH39,PS_MIO72,NA,502,PSMIO,NA
AH41,PS_MIO73,NA,502,PSMIO,NA
AH43,PS_MIO74,NA,502,PSMIO,NA
AH40,PS_MIO75,NA,502,PSMIO,NA
AH44,PS_MIO76,NA,502,PSMIO,NA
AH42,PS_MIO77,NA,502,PSMIO,NA
AH26,PS_DONE,NA,503,PSCONFIG,NA
AD28,PS_ERROR_OUT,NA,503,PSCONFIG,NA
AD29,PS_ERROR_STATUS,NA,503,PSCONFIG,NA
AH27,PS_INIT_B,NA,503,PSCONFIG,NA
AD26,PS_JTAG_TCK,NA,503,PSCONFIG,NA
AF29,PS_JTAG_TDI,NA,503,PSCONFIG,NA
AH28,PS_JTAG_TDO,NA,503,PSCONFIG,NA
AF28,PS_JTAG_TMS,NA,503,PSCONFIG,NA
AE28,PS_MODE0,NA,503,PSCONFIG,NA
AD27,PS_MODE1,NA,503,PSCONFIG,NA
AE27,PS_MODE2,NA,503,PSCONFIG,NA
AF27,PS_MODE3,NA,503,PSCONFIG,NA
AG29,PS_PADI,NA,503,PSCONFIG,NA
AH29,PS_PADO,NA,503,PSCONFIG,NA
AE26,PS_POR_B,NA,503,PSCONFIG,NA
AF26,PS_PROG_B,NA,503,PSCONFIG,NA
AG27,PS_REF_CLK,NA,503,PSCONFIG,NA
AG26,PS_SRST_B,NA,503,PSCONFIG,NA
BC37,PS_DDR_A0,NA,504,PSDDR,NA
BD34,PS_DDR_A1,NA,504,PSDDR,NA
BA34,PS_DDR_A10,NA,504,PSDDR,NA
AY36,PS_DDR_A11,NA,504,PSDDR,NA
BB35,PS_DDR_A12,NA,504,PSDDR,NA
BA37,PS_DDR_A13,NA,504,PSDDR,NA
BB34,PS_DDR_A14,NA,504,PSDDR,NA
BA33,PS_DDR_A15,NA,504,PSDDR,NA
AY32,PS_DDR_A16,NA,504,PSDDR,NA
AW35,PS_DDR_A17,NA,504,PSDDR,NA
BD33,PS_DDR_A2,NA,504,PSDDR,NA
BC34,PS_DDR_A3,NA,504,PSDDR,NA
BD35,PS_DDR_A4,NA,504,PSDDR,NA
BC33,PS_DDR_A5,NA,504,PSDDR,NA
AW36,PS_DDR_A6,NA,504,PSDDR,NA
AV33,PS_DDR_A7,NA,504,PSDDR,NA
AW33,PS_DDR_A8,NA,504,PSDDR,NA
AY33,PS_DDR_A9,NA,504,PSDDR,NA
AY35,PS_DDR_ACT_N,NA,504,PSDDR,NA
AT34,PS_DDR_ALERT_N,NA,504,PSDDR,NA
AV37,PS_DDR_BA0,NA,504,PSDDR,NA
AV34,PS_DDR_BA1,NA,504,PSDDR,NA
AW34,PS_DDR_BG0,NA,504,PSDDR,NA
AU34,PS_DDR_BG1,NA,504,PSDDR,NA
BC36,PS_DDR_CK0,NA,504,PSDDR,NA
BA35,PS_DDR_CK1,NA,504,PSDDR,NA
BC38,PS_DDR_CKE0,NA,504,PSDDR,NA
AY37,PS_DDR_CKE1,NA,504,PSDDR,NA
BD36,PS_DDR_CK_N0,NA,504,PSDDR,NA
BB36,PS_DDR_CK_N1,NA,504,PSDDR,NA
BD38,PS_DDR_CS_N0,NA,504,PSDDR,NA
BA38,PS_DDR_CS_N1,NA,504,PSDDR,NA
BC28,PS_DDR_DM0,NA,504,PSDDR,NA
BA32,PS_DDR_DM1,NA,504,PSDDR,NA
AU27,PS_DDR_DM2,NA,504,PSDDR,NA
AT32,PS_DDR_DM3,NA,504,PSDDR,NA
AU36,PS_DDR_DM4,NA,504,PSDDR,NA
AU41,PS_DDR_DM5,NA,504,PSDDR,NA
AY41,PS_DDR_DM6,NA,504,PSDDR,NA
AU42,PS_DDR_DM7,NA,504,PSDDR,NA
BB40,PS_DDR_DM8,NA,504,PSDDR,NA
AW29,PS_DDR_DQ0,NA,504,PSDDR,NA
BA28,PS_DDR_DQ1,NA,504,PSDDR,NA
BC32,PS_DDR_DQ10,NA,504,PSDDR,NA
BB32,PS_DDR_DQ11,NA,504,PSDDR,NA
BA30,PS_DDR_DQ12,NA,504,PSDDR,NA
AY30,PS_DDR_DQ13,NA,504,PSDDR,NA
AW30,PS_DDR_DQ14,NA,504,PSDDR,NA
AY31,PS_DDR_DQ15,NA,504,PSDDR,NA
AV29,PS_DDR_DQ16,NA,504,PSDDR,NA
AV28,PS_DDR_DQ17,NA,504,PSDDR,NA
AW28,PS_DDR_DQ18,NA,504,PSDDR,NA
AV27,PS_DDR_DQ19,NA,504,PSDDR,NA
AY28,PS_DDR_DQ2,NA,504,PSDDR,NA
AR28,PS_DDR_DQ20,NA,504,PSDDR,NA
AT28,PS_DDR_DQ21,NA,504,PSDDR,NA
AR27,PS_DDR_DQ22,NA,504,PSDDR,NA
AT27,PS_DDR_DQ23,NA,504,PSDDR,NA
AW31,PS_DDR_DQ24,NA,504,PSDDR,NA
AV31,PS_DDR_DQ25,NA,504,PSDDR,NA
AU32,PS_DDR_DQ26,NA,504,PSDDR,NA
AV32,PS_DDR_DQ27,NA,504,PSDDR,NA
AT30,PS_DDR_DQ28,NA,504,PSDDR,NA
AR30,PS_DDR_DQ29,NA,504,PSDDR,NA
AY27,PS_DDR_DQ3,NA,504,PSDDR,NA
AR31,PS_DDR_DQ30,NA,504,PSDDR,NA
AR32,PS_DDR_DQ31,NA,504,PSDDR,NA
AR37,PS_DDR_DQ32,NA,504,PSDDR,NA
AR38,PS_DDR_DQ33,NA,504,PSDDR,NA
AT38,PS_DDR_DQ34,NA,504,PSDDR,NA
AV38,PS_DDR_DQ35,NA,504,PSDDR,NA
AR36,PS_DDR_DQ36,NA,504,PSDDR,NA
AT35,PS_DDR_DQ37,NA,504,PSDDR,NA
AR35,PS_DDR_DQ38,NA,504,PSDDR,NA
AU35,PS_DDR_DQ39,NA,504,PSDDR,NA
BD30,PS_DDR_DQ4,NA,504,PSDDR,NA
AW38,PS_DDR_DQ40,NA,504,PSDDR,NA
AW39,PS_DDR_DQ41,NA,504,PSDDR,NA
AV41,PS_DDR_DQ42,NA,504,PSDDR,NA
AV39,PS_DDR_DQ43,NA,504,PSDDR,NA
AT40,PS_DDR_DQ44,NA,504,PSDDR,NA
AT39,PS_DDR_DQ45,NA,504,PSDDR,NA
AR41,PS_DDR_DQ46,NA,504,PSDDR,NA
AR40,PS_DDR_DQ47,NA,504,PSDDR,NA
AW43,PS_DDR_DQ48,NA,504,PSDDR,NA
BA44,PS_DDR_DQ49,NA,504,PSDDR,NA
BD29,PS_DDR_DQ5,NA,504,PSDDR,NA
AY43,PS_DDR_DQ50,NA,504,PSDDR,NA
BA43,PS_DDR_DQ51,NA,504,PSDDR,NA
AW41,PS_DDR_DQ52,NA,504,PSDDR,NA
AW40,PS_DDR_DQ53,NA,504,PSDDR,NA
AY40,PS_DDR_DQ54,NA,504,PSDDR,NA
BA40,PS_DDR_DQ55,NA,504,PSDDR,NA
AV43,PS_DDR_DQ56,NA,504,PSDDR,NA
AV42,PS_DDR_DQ57,NA,504,PSDDR,NA
AW44,PS_DDR_DQ58,NA,504,PSDDR,NA
AV44,PS_DDR_DQ59,NA,504,PSDDR,NA
BD28,PS_DDR_DQ6,NA,504,PSDDR,NA
AT42,PS_DDR_DQ60,NA,504,PSDDR,NA
AT43,PS_DDR_DQ61,NA,504,PSDDR,NA
AR42,PS_DDR_DQ62,NA,504,PSDDR,NA
AR43,PS_DDR_DQ63,NA,504,PSDDR,NA
BD39,PS_DDR_DQ64,NA,504,PSDDR,NA
BC39,PS_DDR_DQ65,NA,504,PSDDR,NA
BB39,PS_DDR_DQ66,NA,504,PSDDR,NA
BA39,PS_DDR_DQ67,NA,504,PSDDR,NA
BC41,PS_DDR_DQ68,NA,504,PSDDR,NA
BC42,PS_DDR_DQ69,NA,504,PSDDR,NA
BC29,PS_DDR_DQ7,NA,504,PSDDR,NA
BB41,PS_DDR_DQ70,NA,504,PSDDR,NA
BB42,PS_DDR_DQ71,NA,504,PSDDR,NA
BC31,PS_DDR_DQ8,NA,504,PSDDR,NA
BD31,PS_DDR_DQ9,NA,504,PSDDR,NA
BB29,PS_DDR_DQS_N0,NA,504,PSDDR,NA
BB31,PS_DDR_DQS_N1,NA,504,PSDDR,NA
AU29,PS_DDR_DQS_N2,NA,504,PSDDR,NA
AU31,PS_DDR_DQS_N3,NA,504,PSDDR,NA
AU37,PS_DDR_DQS_N4,NA,504,PSDDR,NA
AU40,PS_DDR_DQS_N5,NA,504,PSDDR,NA
BA42,PS_DDR_DQS_N6,NA,504,PSDDR,NA
AU44,PS_DDR_DQS_N7,NA,504,PSDDR,NA
BD41,PS_DDR_DQS_N8,NA,504,PSDDR,NA
BA29,PS_DDR_DQS_P0,NA,504,PSDDR,NA
BB30,PS_DDR_DQS_P1,NA,504,PSDDR,NA
AT29,PS_DDR_DQS_P2,NA,504,PSDDR,NA
AU30,PS_DDR_DQS_P3,NA,504,PSDDR,NA
AT37,PS_DDR_DQS_P4,NA,504,PSDDR,NA
AU39,PS_DDR_DQS_P5,NA,504,PSDDR,NA
AY42,PS_DDR_DQS_P6,NA,504,PSDDR,NA
AT44,PS_DDR_DQS_P7,NA,504,PSDDR,NA
BD40,PS_DDR_DQS_P8,NA,504,PSDDR,NA
BB37,PS_DDR_ODT0,NA,504,PSDDR,NA
AY38,PS_DDR_ODT1,NA,504,PSDDR,NA
AV36,PS_DDR_PARITY,NA,504,PSDDR,NA
AT33,PS_DDR_RAM_RST_N,NA,504,PSDDR,NA
AR33,PS_DDR_ZQ,NA,504,PSDDR,NA
AN42,PS_MGTRRXN0_505,NA,505,PSGTR,NA
AM44,PS_MGTRRXN1_505,NA,505,PSGTR,NA
AL42,PS_MGTRRXN2_505,NA,505,PSGTR,NA
AK44,PS_MGTRRXN3_505,NA,505,PSGTR,NA
AN41,PS_MGTRRXP0_505,NA,505,PSGTR,NA
AM43,PS_MGTRRXP1_505,NA,505,PSGTR,NA
AL41,PS_MGTRRXP2_505,NA,505,PSGTR,NA
AK43,PS_MGTRRXP3_505,NA,505,PSGTR,NA
AN38,PS_MGTRTXN0_505,NA,505,PSGTR,NA
AM40,PS_MGTRTXN1_505,NA,505,PSGTR,NA
AL38,PS_MGTRTXN2_505,NA,505,PSGTR,NA
AK40,PS_MGTRTXN3_505,NA,505,PSGTR,NA
AN37,PS_MGTRTXP0_505,NA,505,PSGTR,NA
AM39,PS_MGTRTXP1_505,NA,505,PSGTR,NA
AL37,PS_MGTRTXP2_505,NA,505,PSGTR,NA
AK39,PS_MGTRTXP3_505,NA,505,PSGTR,NA
AN34,PS_MGTREFCLK0N_505,NA,505,PSGTR,NA
AN33,PS_MGTREFCLK0P_505,NA,505,PSGTR,NA
AM36,PS_MGTREFCLK1N_505,NA,505,PSGTR,NA
AM35,PS_MGTREFCLK1P_505,NA,505,PSGTR,NA
AL34,PS_MGTREFCLK2N_505,NA,505,PSGTR,NA
AL33,PS_MGTREFCLK2P_505,NA,505,PSGTR,NA
AK36,PS_MGTREFCLK3N_505,NA,505,PSGTR,NA
AK35,PS_MGTREFCLK3P_505,NA,505,PSGTR,NA
AK38,PS_MGTRREF_505,NA,NA,NA,NA
AL31,VCC_PSADC,NA,NA,NA,NA
AM30,VCC_PSADC,NA,NA,NA,NA
AK30,GND_PSADC,NA,NA,NA,NA
AL29,GND_PSADC,NA,NA,NA,NA
AT21,VCCO_64,NA,64,NA,NA
AW22,VCCO_64,NA,64,NA,NA
BB23,VCCO_64,NA,64,NA,NA
AP17,VCCO_65,NA,65,NA,NA
AU18,VCCO_65,NA,65,NA,NA
AY19,VCCO_65,NA,65,NA,NA
AR14,VCCO_66,NA,66,NA,NA
AV15,VCCO_66,NA,66,NA,NA
AW12,VCCO_66,NA,66,NA,NA
AA36,VCCO_67,NA,67,NA,NA
AB33,VCCO_67,NA,67,NA,NA
Y39,VCCO_67,NA,67,NA,NA
U38,VCCO_68,NA,68,NA,NA
V35,VCCO_68,NA,68,NA,NA
W32,VCCO_68,NA,68,NA,NA
P37,VCCO_69,NA,69,NA,NA
R34,VCCO_69,NA,69,NA,NA
T31,VCCO_69,NA,69,NA,NA
G38,VCCO_70,NA,70,NA,NA
K39,VCCO_70,NA,70,NA,NA
L36,VCCO_70,NA,70,NA,NA
E34,VCCO_71,NA,71,NA,NA
H35,VCCO_71,NA,71,NA,NA
J32,VCCO_71,NA,71,NA,NA
D27,VCCO_72,NA,72,NA,NA
G28,VCCO_72,NA,72,NA,NA
K29,VCCO_72,NA,72,NA,NA
E19,VCCO_73,NA,73,NA,NA
H20,VCCO_73,NA,73,NA,NA
L21,VCCO_73,NA,73,NA,NA
E24,VCCO_74,NA,74,NA,NA
H25,VCCO_74,NA,74,NA,NA
L26,VCCO_74,NA,74,NA,NA
N15,VCCO_90,NA,90,NA,NA
T16,VCCO_90,NA,90,NA,NA
H15,VCCO_91,NA,91,NA,NA
M18,VCCO_91,NA,91,NA,NA
B18,VCCO_93,NA,93,NA,NA
E14,VCCO_93,NA,93,NA,NA
B13,VCCO_94,NA,94,NA,NA
C10,VCCO_94,NA,94,NA,NA
AR24,VCCO_PSIO0_500,NA,500,NA,NA
AV25,VCCO_PSIO0_500,NA,500,NA,NA
BA26,VCCO_PSIO0_500,NA,500,NA,NA
AE34,VCCO_PSIO1_501,NA,501,NA,NA
AF31,VCCO_PSIO1_501,NA,501,NA,NA
AG33,VCCO_PSIO1_501,NA,501,NA,NA
AF41,VCCO_PSIO2_502,NA,502,NA,NA
AG38,VCCO_PSIO2_502,NA,502,NA,NA
AG43,VCCO_PSIO2_502,NA,502,NA,NA
AE29,VCCO_PSIO3_503,NA,503,NA,NA
AG28,VCCO_PSIO3_503,NA,503,NA,NA
AV35,VCCO_PSDDR_504,NA,504,NA,NA
AW32,VCCO_PSDDR_504,NA,504,NA,NA
AW37,VCCO_PSDDR_504,NA,504,NA,NA
AY39,VCCO_PSDDR_504,NA,504,NA,NA
BB33,VCCO_PSDDR_504,NA,504,NA,NA
BC35,VCCO_PSDDR_504,NA,504,NA,NA
BC40,VCCO_PSDDR_504,NA,504,NA,NA
A11,GND,NA,NA,NA,NA
A16,GND,NA,NA,NA,NA
A21,GND,NA,NA,NA,NA
A26,GND,NA,NA,NA,NA
A3,GND,NA,NA,NA,NA
A31,GND,NA,NA,NA,NA
A36,GND,NA,NA,NA,NA
A4,GND,NA,NA,NA,NA
A42,GND,NA,NA,NA,NA
A5,GND,NA,NA,NA,NA
AA11,GND,NA,NA,NA,NA
AA13,GND,NA,NA,NA,NA
AA15,GND,NA,NA,NA,NA
AA17,GND,NA,NA,NA,NA
AA19,GND,NA,NA,NA,NA
AA23,GND,NA,NA,NA,NA
AA25,GND,NA,NA,NA,NA
AA27,GND,NA,NA,NA,NA
AA29,GND,NA,NA,NA,NA
AA3,GND,NA,NA,NA,NA
AA31,GND,NA,NA,NA,NA
AA4,GND,NA,NA,NA,NA
AA41,GND,NA,NA,NA,NA
AA7,GND,NA,NA,NA,NA
AB1,GND,NA,NA,NA,NA
AB13,GND,NA,NA,NA,NA
AB14,GND,NA,NA,NA,NA
AB16,GND,NA,NA,NA,NA
AB18,GND,NA,NA,NA,NA
AB2,GND,NA,NA,NA,NA
AB20,GND,NA,NA,NA,NA
AB24,GND,NA,NA,NA,NA
AB26,GND,NA,NA,NA,NA
AB28,GND,NA,NA,NA,NA
AB38,GND,NA,NA,NA,NA
AB43,GND,NA,NA,NA,NA
AB5,GND,NA,NA,NA,NA
AB9,GND,NA,NA,NA,NA
AC11,GND,NA,NA,NA,NA
AC13,GND,NA,NA,NA,NA
AC15,GND,NA,NA,NA,NA
AC17,GND,NA,NA,NA,NA
AC19,GND,NA,NA,NA,NA
AC23,GND,NA,NA,NA,NA
AC25,GND,NA,NA,NA,NA
AC27,GND,NA,NA,NA,NA
AC29,GND,NA,NA,NA,NA
AC3,GND,NA,NA,NA,NA
AC30,GND,NA,NA,NA,NA
AC35,GND,NA,NA,NA,NA
AC4,GND,NA,NA,NA,NA
AC40,GND,NA,NA,NA,NA
AC7,GND,NA,NA,NA,NA
AD1,GND,NA,NA,NA,NA
AD13,GND,NA,NA,NA,NA
AD14,GND,NA,NA,NA,NA
AD16,GND,NA,NA,NA,NA
AD18,GND,NA,NA,NA,NA
AD2,GND,NA,NA,NA,NA
AD20,GND,NA,NA,NA,NA
AD24,GND,NA,NA,NA,NA
AD32,GND,NA,NA,NA,NA
AD37,GND,NA,NA,NA,NA
AD42,GND,NA,NA,NA,NA
AD5,GND,NA,NA,NA,NA
AD9,GND,NA,NA,NA,NA
AE11,GND,NA,NA,NA,NA
AE13,GND,NA,NA,NA,NA
AE15,GND,NA,NA,NA,NA
AE17,GND,NA,NA,NA,NA
AE19,GND,NA,NA,NA,NA
AE21,GND,NA,NA,NA,NA
AE23,GND,NA,NA,NA,NA
AE25,GND,NA,NA,NA,NA
AE3,GND,NA,NA,NA,NA
AE39,GND,NA,NA,NA,NA
AE4,GND,NA,NA,NA,NA
AE44,GND,NA,NA,NA,NA
AE7,GND,NA,NA,NA,NA
AF1,GND,NA,NA,NA,NA
AF13,GND,NA,NA,NA,NA
AF14,GND,NA,NA,NA,NA
AF16,GND,NA,NA,NA,NA
AF18,GND,NA,NA,NA,NA
AF2,GND,NA,NA,NA,NA
AF20,GND,NA,NA,NA,NA
AF22,GND,NA,NA,NA,NA
AF24,GND,NA,NA,NA,NA
AF36,GND,NA,NA,NA,NA
AF5,GND,NA,NA,NA,NA
AF9,GND,NA,NA,NA,NA
AG11,GND,NA,NA,NA,NA
AG13,GND,NA,NA,NA,NA
AG15,GND,NA,NA,NA,NA
AG17,GND,NA,NA,NA,NA
AG19,GND,NA,NA,NA,NA
AG21,GND,NA,NA,NA,NA
AG23,GND,NA,NA,NA,NA
AG25,GND,NA,NA,NA,NA
AG3,GND,NA,NA,NA,NA
AG4,GND,NA,NA,NA,NA
AG7,GND,NA,NA,NA,NA
AH1,GND,NA,NA,NA,NA
AH13,GND,NA,NA,NA,NA
AH14,GND,NA,NA,NA,NA
AH16,GND,NA,NA,NA,NA
AH18,GND,NA,NA,NA,NA
AH2,GND,NA,NA,NA,NA
AH20,GND,NA,NA,NA,NA
AH22,GND,NA,NA,NA,NA
AH24,GND,NA,NA,NA,NA
AH30,GND,NA,NA,NA,NA
AH5,GND,NA,NA,NA,NA
AH9,GND,NA,NA,NA,NA
AJ11,GND,NA,NA,NA,NA
AJ13,GND,NA,NA,NA,NA
AJ15,GND,NA,NA,NA,NA
AJ17,GND,NA,NA,NA,NA
AJ19,GND,NA,NA,NA,NA
AJ21,GND,NA,NA,NA,NA
AJ23,GND,NA,NA,NA,NA
AJ25,GND,NA,NA,NA,NA
AJ27,GND,NA,NA,NA,NA
AJ3,GND,NA,NA,NA,NA
AJ34,GND,NA,NA,NA,NA
AJ35,GND,NA,NA,NA,NA
AJ36,GND,NA,NA,NA,NA
AJ37,GND,NA,NA,NA,NA
AJ38,GND,NA,NA,NA,NA
AJ39,GND,NA,NA,NA,NA
AJ4,GND,NA,NA,NA,NA
AJ40,GND,NA,NA,NA,NA
AJ41,GND,NA,NA,NA,NA
AJ42,GND,NA,NA,NA,NA
AJ43,GND,NA,NA,NA,NA
AJ44,GND,NA,NA,NA,NA
AJ7,GND,NA,NA,NA,NA
AK1,GND,NA,NA,NA,NA
AK13,GND,NA,NA,NA,NA
AK14,GND,NA,NA,NA,NA
AK19,GND,NA,NA,NA,NA
AK2,GND,NA,NA,NA,NA
AK24,GND,NA,NA,NA,NA
AK29,GND,NA,NA,NA,NA
AK32,GND,NA,NA,NA,NA
AK33,GND,NA,NA,NA,NA
AK34,GND,NA,NA,NA,NA
AK37,GND,NA,NA,NA,NA
AK41,GND,NA,NA,NA,NA
AK42,GND,NA,NA,NA,NA
AK5,GND,NA,NA,NA,NA
AK9,GND,NA,NA,NA,NA
AL13,GND,NA,NA,NA,NA
AL16,GND,NA,NA,NA,NA
AL21,GND,NA,NA,NA,NA
AL26,GND,NA,NA,NA,NA
AL3,GND,NA,NA,NA,NA
AL32,GND,NA,NA,NA,NA
AL36,GND,NA,NA,NA,NA
AL4,GND,NA,NA,NA,NA
AL40,GND,NA,NA,NA,NA
AL43,GND,NA,NA,NA,NA
AL44,GND,NA,NA,NA,NA
AL7,GND,NA,NA,NA,NA
AM1,GND,NA,NA,NA,NA
AM13,GND,NA,NA,NA,NA
AM18,GND,NA,NA,NA,NA
AM2,GND,NA,NA,NA,NA
AM23,GND,NA,NA,NA,NA
AM28,GND,NA,NA,NA,NA
AM32,GND,NA,NA,NA,NA
AM33,GND,NA,NA,NA,NA
AM34,GND,NA,NA,NA,NA
AM38,GND,NA,NA,NA,NA
AM41,GND,NA,NA,NA,NA
AM42,GND,NA,NA,NA,NA
AM5,GND,NA,NA,NA,NA
AM9,GND,NA,NA,NA,NA
AN11,GND,NA,NA,NA,NA
AN13,GND,NA,NA,NA,NA
AN15,GND,NA,NA,NA,NA
AN20,GND,NA,NA,NA,NA
AN25,GND,NA,NA,NA,NA
AN3,GND,NA,NA,NA,NA
AN30,GND,NA,NA,NA,NA
AN32,GND,NA,NA,NA,NA
AN35,GND,NA,NA,NA,NA
AN36,GND,NA,NA,NA,NA
AN4,GND,NA,NA,NA,NA
AN40,GND,NA,NA,NA,NA
AN43,GND,NA,NA,NA,NA
AN44,GND,NA,NA,NA,NA
AN7,GND,NA,NA,NA,NA
AP1,GND,NA,NA,NA,NA
AP13,GND,NA,NA,NA,NA
AP2,GND,NA,NA,NA,NA
AP22,GND,NA,NA,NA,NA
AP27,GND,NA,NA,NA,NA
AP32,GND,NA,NA,NA,NA
AP33,GND,NA,NA,NA,NA
AP34,GND,NA,NA,NA,NA
AP35,GND,NA,NA,NA,NA
AP36,GND,NA,NA,NA,NA
AP37,GND,NA,NA,NA,NA
AP38,GND,NA,NA,NA,NA
AP39,GND,NA,NA,NA,NA
AP40,GND,NA,NA,NA,NA
AP41,GND,NA,NA,NA,NA
AP42,GND,NA,NA,NA,NA
AP43,GND,NA,NA,NA,NA
AP44,GND,NA,NA,NA,NA
AP5,GND,NA,NA,NA,NA
AP9,GND,NA,NA,NA,NA
AR11,GND,NA,NA,NA,NA
AR13,GND,NA,NA,NA,NA
AR19,GND,NA,NA,NA,NA
AR29,GND,NA,NA,NA,NA
AR3,GND,NA,NA,NA,NA
AR34,GND,NA,NA,NA,NA
AR39,GND,NA,NA,NA,NA
AR4,GND,NA,NA,NA,NA
AR44,GND,NA,NA,NA,NA
AR7,GND,NA,NA,NA,NA
AT1,GND,NA,NA,NA,NA
AT13,GND,NA,NA,NA,NA
AT16,GND,NA,NA,NA,NA
AT2,GND,NA,NA,NA,NA
AT26,GND,NA,NA,NA,NA
AT31,GND,NA,NA,NA,NA
AT36,GND,NA,NA,NA,NA
AT41,GND,NA,NA,NA,NA
AT5,GND,NA,NA,NA,NA
AT9,GND,NA,NA,NA,NA
AU11,GND,NA,NA,NA,NA
AU12,GND,NA,NA,NA,NA
AU13,GND,NA,NA,NA,NA
AU23,GND,NA,NA,NA,NA
AU28,GND,NA,NA,NA,NA
AU3,GND,NA,NA,NA,NA
AU33,GND,NA,NA,NA,NA
AU38,GND,NA,NA,NA,NA
AU4,GND,NA,NA,NA,NA
AU43,GND,NA,NA,NA,NA
AU7,GND,NA,NA,NA,NA
AV1,GND,NA,NA,NA,NA
AV10,GND,NA,NA,NA,NA
AV11,GND,NA,NA,NA,NA
AV2,GND,NA,NA,NA,NA
AV20,GND,NA,NA,NA,NA
AV30,GND,NA,NA,NA,NA
AV40,GND,NA,NA,NA,NA
AV5,GND,NA,NA,NA,NA
AV9,GND,NA,NA,NA,NA
AW17,GND,NA,NA,NA,NA
AW27,GND,NA,NA,NA,NA
AW3,GND,NA,NA,NA,NA
AW4,GND,NA,NA,NA,NA
AW42,GND,NA,NA,NA,NA
AW7,GND,NA,NA,NA,NA
AW8,GND,NA,NA,NA,NA
AW9,GND,NA,NA,NA,NA
AY1,GND,NA,NA,NA,NA
AY14,GND,NA,NA,NA,NA
AY2,GND,NA,NA,NA,NA
AY24,GND,NA,NA,NA,NA
AY29,GND,NA,NA,NA,NA
AY34,GND,NA,NA,NA,NA
AY44,GND,NA,NA,NA,NA
AY5,GND,NA,NA,NA,NA
AY6,GND,NA,NA,NA,NA
AY7,GND,NA,NA,NA,NA
AY9,GND,NA,NA,NA,NA
B2,GND,NA,NA,NA,NA
B23,GND,NA,NA,NA,NA
B28,GND,NA,NA,NA,NA
B33,GND,NA,NA,NA,NA
B38,GND,NA,NA,NA,NA
B43,GND,NA,NA,NA,NA
B5,GND,NA,NA,NA,NA
B6,GND,NA,NA,NA,NA
B7,GND,NA,NA,NA,NA
BA11,GND,NA,NA,NA,NA
BA16,GND,NA,NA,NA,NA
BA21,GND,NA,NA,NA,NA
BA3,GND,NA,NA,NA,NA
BA31,GND,NA,NA,NA,NA
BA36,GND,NA,NA,NA,NA
BA4,GND,NA,NA,NA,NA
BA41,GND,NA,NA,NA,NA
BA7,GND,NA,NA,NA,NA
BB1,GND,NA,NA,NA,NA
BB13,GND,NA,NA,NA,NA
BB18,GND,NA,NA,NA,NA
BB2,GND,NA,NA,NA,NA
BB28,GND,NA,NA,NA,NA
BB38,GND,NA,NA,NA,NA
BB43,GND,NA,NA,NA,NA
BB44,GND,NA,NA,NA,NA
BB5,GND,NA,NA,NA,NA
BB6,GND,NA,NA,NA,NA
BB7,GND,NA,NA,NA,NA
BB8,GND,NA,NA,NA,NA
BC10,GND,NA,NA,NA,NA
BC15,GND,NA,NA,NA,NA
BC2,GND,NA,NA,NA,NA
BC20,GND,NA,NA,NA,NA
BC25,GND,NA,NA,NA,NA
BC3,GND,NA,NA,NA,NA
BC30,GND,NA,NA,NA,NA
BC4,GND,NA,NA,NA,NA
BC43,GND,NA,NA,NA,NA
BC5,GND,NA,NA,NA,NA
BD12,GND,NA,NA,NA,NA
BD17,GND,NA,NA,NA,NA
BD22,GND,NA,NA,NA,NA
BD27,GND,NA,NA,NA,NA
BD32,GND,NA,NA,NA,NA
BD37,GND,NA,NA,NA,NA
BD42,GND,NA,NA,NA,NA
BD5,GND,NA,NA,NA,NA
BD7,GND,NA,NA,NA,NA
C15,GND,NA,NA,NA,NA
C20,GND,NA,NA,NA,NA
C25,GND,NA,NA,NA,NA
C3,GND,NA,NA,NA,NA
C30,GND,NA,NA,NA,NA
C35,GND,NA,NA,NA,NA
C4,GND,NA,NA,NA,NA
C40,GND,NA,NA,NA,NA
C44,GND,NA,NA,NA,NA
C7,GND,NA,NA,NA,NA
D1,GND,NA,NA,NA,NA
D12,GND,NA,NA,NA,NA
D17,GND,NA,NA,NA,NA
D2,GND,NA,NA,NA,NA
D22,GND,NA,NA,NA,NA
D32,GND,NA,NA,NA,NA
D37,GND,NA,NA,NA,NA
D42,GND,NA,NA,NA,NA
D5,GND,NA,NA,NA,NA
D6,GND,NA,NA,NA,NA
D7,GND,NA,NA,NA,NA
E29,GND,NA,NA,NA,NA
E3,GND,NA,NA,NA,NA
E39,GND,NA,NA,NA,NA
E4,GND,NA,NA,NA,NA
E44,GND,NA,NA,NA,NA
E7,GND,NA,NA,NA,NA
E8,GND,NA,NA,NA,NA
E9,GND,NA,NA,NA,NA
F1,GND,NA,NA,NA,NA
F10,GND,NA,NA,NA,NA
F11,GND,NA,NA,NA,NA
F16,GND,NA,NA,NA,NA
F2,GND,NA,NA,NA,NA
F21,GND,NA,NA,NA,NA
F26,GND,NA,NA,NA,NA
F31,GND,NA,NA,NA,NA
F36,GND,NA,NA,NA,NA
F41,GND,NA,NA,NA,NA
F5,GND,NA,NA,NA,NA
F9,GND,NA,NA,NA,NA
G11,GND,NA,NA,NA,NA
G12,GND,NA,NA,NA,NA
G13,GND,NA,NA,NA,NA
G18,GND,NA,NA,NA,NA
G23,GND,NA,NA,NA,NA
G3,GND,NA,NA,NA,NA
G33,GND,NA,NA,NA,NA
G4,GND,NA,NA,NA,NA
G43,GND,NA,NA,NA,NA
G7,GND,NA,NA,NA,NA
H1,GND,NA,NA,NA,NA
H13,GND,NA,NA,NA,NA
H2,GND,NA,NA,NA,NA
H30,GND,NA,NA,NA,NA
H40,GND,NA,NA,NA,NA
H5,GND,NA,NA,NA,NA
H9,GND,NA,NA,NA,NA
J11,GND,NA,NA,NA,NA
J13,GND,NA,NA,NA,NA
J17,GND,NA,NA,NA,NA
J22,GND,NA,NA,NA,NA
J27,GND,NA,NA,NA,NA
J3,GND,NA,NA,NA,NA
J37,GND,NA,NA,NA,NA
J4,GND,NA,NA,NA,NA
J42,GND,NA,NA,NA,NA
J7,GND,NA,NA,NA,NA
K1,GND,NA,NA,NA,NA
K13,GND,NA,NA,NA,NA
K19,GND,NA,NA,NA,NA
K2,GND,NA,NA,NA,NA
K24,GND,NA,NA,NA,NA
K34,GND,NA,NA,NA,NA
K44,GND,NA,NA,NA,NA
K5,GND,NA,NA,NA,NA
K9,GND,NA,NA,NA,NA
L11,GND,NA,NA,NA,NA
L13,GND,NA,NA,NA,NA
L16,GND,NA,NA,NA,NA
L3,GND,NA,NA,NA,NA
L31,GND,NA,NA,NA,NA
L4,GND,NA,NA,NA,NA
L41,GND,NA,NA,NA,NA
L7,GND,NA,NA,NA,NA
M1,GND,NA,NA,NA,NA
M13,GND,NA,NA,NA,NA
M2,GND,NA,NA,NA,NA
M23,GND,NA,NA,NA,NA
M28,GND,NA,NA,NA,NA
M33,GND,NA,NA,NA,NA
M38,GND,NA,NA,NA,NA
M43,GND,NA,NA,NA,NA
M5,GND,NA,NA,NA,NA
M9,GND,NA,NA,NA,NA
N11,GND,NA,NA,NA,NA
N13,GND,NA,NA,NA,NA
N20,GND,NA,NA,NA,NA
N25,GND,NA,NA,NA,NA
N3,GND,NA,NA,NA,NA
N30,GND,NA,NA,NA,NA
N35,GND,NA,NA,NA,NA
N4,GND,NA,NA,NA,NA
N40,GND,NA,NA,NA,NA
N7,GND,NA,NA,NA,NA
P1,GND,NA,NA,NA,NA
P13,GND,NA,NA,NA,NA
P17,GND,NA,NA,NA,NA
P2,GND,NA,NA,NA,NA
P22,GND,NA,NA,NA,NA
P27,GND,NA,NA,NA,NA
P32,GND,NA,NA,NA,NA
P42,GND,NA,NA,NA,NA
P5,GND,NA,NA,NA,NA
P9,GND,NA,NA,NA,NA
R11,GND,NA,NA,NA,NA
R13,GND,NA,NA,NA,NA
R29,GND,NA,NA,NA,NA
R3,GND,NA,NA,NA,NA
R39,GND,NA,NA,NA,NA
R4,GND,NA,NA,NA,NA
R44,GND,NA,NA,NA,NA
R7,GND,NA,NA,NA,NA
T1,GND,NA,NA,NA,NA
T13,GND,NA,NA,NA,NA
T2,GND,NA,NA,NA,NA
T20,GND,NA,NA,NA,NA
T22,GND,NA,NA,NA,NA
T24,GND,NA,NA,NA,NA
T26,GND,NA,NA,NA,NA
T28,GND,NA,NA,NA,NA
T36,GND,NA,NA,NA,NA
T41,GND,NA,NA,NA,NA
T5,GND,NA,NA,NA,NA
T9,GND,NA,NA,NA,NA
U11,GND,NA,NA,NA,NA
U13,GND,NA,NA,NA,NA
U19,GND,NA,NA,NA,NA
U21,GND,NA,NA,NA,NA
U23,GND,NA,NA,NA,NA
U25,GND,NA,NA,NA,NA
U27,GND,NA,NA,NA,NA
U29,GND,NA,NA,NA,NA
U3,GND,NA,NA,NA,NA
U33,GND,NA,NA,NA,NA
U4,GND,NA,NA,NA,NA
U43,GND,NA,NA,NA,NA
U7,GND,NA,NA,NA,NA
V1,GND,NA,NA,NA,NA
V13,GND,NA,NA,NA,NA
V18,GND,NA,NA,NA,NA
V2,GND,NA,NA,NA,NA
V20,GND,NA,NA,NA,NA
V22,GND,NA,NA,NA,NA
V24,GND,NA,NA,NA,NA
V26,GND,NA,NA,NA,NA
V28,GND,NA,NA,NA,NA
V30,GND,NA,NA,NA,NA
V40,GND,NA,NA,NA,NA
V5,GND,NA,NA,NA,NA
V9,GND,NA,NA,NA,NA
W11,GND,NA,NA,NA,NA
W13,GND,NA,NA,NA,NA
W15,GND,NA,NA,NA,NA
W17,GND,NA,NA,NA,NA
W19,GND,NA,NA,NA,NA
W21,GND,NA,NA,NA,NA
W23,GND,NA,NA,NA,NA
W25,GND,NA,NA,NA,NA
W27,GND,NA,NA,NA,NA
W29,GND,NA,NA,NA,NA
W3,GND,NA,NA,NA,NA
W37,GND,NA,NA,NA,NA
W4,GND,NA,NA,NA,NA
W42,GND,NA,NA,NA,NA
W7,GND,NA,NA,NA,NA
Y1,GND,NA,NA,NA,NA
Y13,GND,NA,NA,NA,NA
Y14,GND,NA,NA,NA,NA
Y16,GND,NA,NA,NA,NA
Y18,GND,NA,NA,NA,NA
Y2,GND,NA,NA,NA,NA
Y20,GND,NA,NA,NA,NA
Y22,GND,NA,NA,NA,NA
Y24,GND,NA,NA,NA,NA
Y26,GND,NA,NA,NA,NA
Y28,GND,NA,NA,NA,NA
Y34,GND,NA,NA,NA,NA
Y44,GND,NA,NA,NA,NA
Y5,GND,NA,NA,NA,NA
Y9,GND,NA,NA,NA,NA
H10,MGTAVCC_RN,NA,NA,NA,NA
J12,MGTAVCC_RN,NA,NA,NA,NA
K10,MGTAVCC_RN,NA,NA,NA,NA
L12,MGTAVCC_RN,NA,NA,NA,NA
M10,MGTAVCC_RN,NA,NA,NA,NA
N12,MGTAVCC_RN,NA,NA,NA,NA
R12,MGTAVCC_RN,NA,NA,NA,NA
U12,MGTAVCC_RN,NA,NA,NA,NA
AG12,MGTAVCC_RS,NA,NA,NA,NA
AJ12,MGTAVCC_RS,NA,NA,NA,NA
AK10,MGTAVCC_RS,NA,NA,NA,NA
AM10,MGTAVCC_RS,NA,NA,NA,NA
AN12,MGTAVCC_RS,NA,NA,NA,NA
AP10,MGTAVCC_RS,NA,NA,NA,NA
AR12,MGTAVCC_RS,NA,NA,NA,NA
AT10,MGTAVCC_RS,NA,NA,NA,NA
F6,MGTAVTT_RN,NA,NA,NA,NA
G8,MGTAVTT_RN,NA,NA,NA,NA
H6,MGTAVTT_RN,NA,NA,NA,NA
J8,MGTAVTT_RN,NA,NA,NA,NA
K6,MGTAVTT_RN,NA,NA,NA,NA
L8,MGTAVTT_RN,NA,NA,NA,NA
M6,MGTAVTT_RN,NA,NA,NA,NA
N8,MGTAVTT_RN,NA,NA,NA,NA
P10,MGTAVTT_RN,NA,NA,NA,NA
P6,MGTAVTT_RN,NA,NA,NA,NA
R8,MGTAVTT_RN,NA,NA,NA,NA
T10,MGTAVTT_RN,NA,NA,NA,NA
T6,MGTAVTT_RN,NA,NA,NA,NA
U8,MGTAVTT_RN,NA,NA,NA,NA
V10,MGTAVTT_RN,NA,NA,NA,NA
V6,MGTAVTT_RN,NA,NA,NA,NA
W8,MGTAVTT_RN,NA,NA,NA,NA
Y10,MGTAVTT_RN,NA,NA,NA,NA
Y6,MGTAVTT_RN,NA,NA,NA,NA
AA8,MGTAVTT_RS,NA,NA,NA,NA
AB10,MGTAVTT_RS,NA,NA,NA,NA
AB6,MGTAVTT_RS,NA,NA,NA,NA
AC8,MGTAVTT_RS,NA,NA,NA,NA
AD10,MGTAVTT_RS,NA,NA,NA,NA
AD6,MGTAVTT_RS,NA,NA,NA,NA
AE8,MGTAVTT_RS,NA,NA,NA,NA
AF10,MGTAVTT_RS,NA,NA,NA,NA
AF6,MGTAVTT_RS,NA,NA,NA,NA
AG8,MGTAVTT_RS,NA,NA,NA,NA
AH10,MGTAVTT_RS,NA,NA,NA,NA
AH6,MGTAVTT_RS,NA,NA,NA,NA
AJ8,MGTAVTT_RS,NA,NA,NA,NA
AK6,MGTAVTT_RS,NA,NA,NA,NA
AL8,MGTAVTT_RS,NA,NA,NA,NA
AM6,MGTAVTT_RS,NA,NA,NA,NA
AN8,MGTAVTT_RS,NA,NA,NA,NA
AP6,MGTAVTT_RS,NA,NA,NA,NA
AR8,MGTAVTT_RS,NA,NA,NA,NA
AT6,MGTAVTT_RS,NA,NA,NA,NA
AU8,MGTAVTT_RS,NA,NA,NA,NA
AV6,MGTAVTT_RS,NA,NA,NA,NA
AA12,MGTVCCAUX_RN,NA,NA,NA,NA
W12,MGTVCCAUX_RN,NA,NA,NA,NA
AC12,MGTVCCAUX_RS,NA,NA,NA,NA
AE12,MGTVCCAUX_RS,NA,NA,NA,NA
AL35,PS_MGTRAVCC,NA,NA,NA,NA
AM37,PS_MGTRAVCC,NA,NA,NA,NA
AL39,PS_MGTRAVTT,NA,NA,NA,NA
AN39,PS_MGTRAVTT,NA,NA,NA,NA
AA28,VCCAUX,NA,NA,NA,NA
AC28,VCCAUX,NA,NA,NA,NA
U28,VCCAUX,NA,NA,NA,NA
W28,VCCAUX,NA,NA,NA,NA
AB29,VCCAUX_IO,NA,NA,NA,NA
T29,VCCAUX_IO,NA,NA,NA,NA
V29,VCCAUX_IO,NA,NA,NA,NA
Y29,VCCAUX_IO,NA,NA,NA,NA
AB15,VCCBRAM,NA,NA,NA,NA
AD15,VCCBRAM,NA,NA,NA,NA
AF15,VCCBRAM,NA,NA,NA,NA
AH15,VCCBRAM,NA,NA,NA,NA
Y15,VCCBRAM,NA,NA,NA,NA
AA16,VCCINT,NA,NA,NA,NA
AA18,VCCINT,NA,NA,NA,NA
AA20,VCCINT,NA,NA,NA,NA
AA24,VCCINT,NA,NA,NA,NA
AA26,VCCINT,NA,NA,NA,NA
AB17,VCCINT,NA,NA,NA,NA
AB19,VCCINT,NA,NA,NA,NA
AB23,VCCINT,NA,NA,NA,NA
AB25,VCCINT,NA,NA,NA,NA
AB27,VCCINT,NA,NA,NA,NA
AC16,VCCINT,NA,NA,NA,NA
AC18,VCCINT,NA,NA,NA,NA
AC20,VCCINT,NA,NA,NA,NA
AC24,VCCINT,NA,NA,NA,NA
AC26,VCCINT,NA,NA,NA,NA
AD17,VCCINT,NA,NA,NA,NA
AD19,VCCINT,NA,NA,NA,NA
AD23,VCCINT,NA,NA,NA,NA
AD25,VCCINT,NA,NA,NA,NA
AE16,VCCINT,NA,NA,NA,NA
AE18,VCCINT,NA,NA,NA,NA
AE20,VCCINT,NA,NA,NA,NA
AE22,VCCINT,NA,NA,NA,NA
AE24,VCCINT,NA,NA,NA,NA
AF17,VCCINT,NA,NA,NA,NA
AF19,VCCINT,NA,NA,NA,NA
AF21,VCCINT,NA,NA,NA,NA
AF23,VCCINT,NA,NA,NA,NA
AF25,VCCINT,NA,NA,NA,NA
AG16,VCCINT,NA,NA,NA,NA
AG18,VCCINT,NA,NA,NA,NA
AG20,VCCINT,NA,NA,NA,NA
AG22,VCCINT,NA,NA,NA,NA
AG24,VCCINT,NA,NA,NA,NA
AH17,VCCINT,NA,NA,NA,NA
AH19,VCCINT,NA,NA,NA,NA
AH21,VCCINT,NA,NA,NA,NA
AH23,VCCINT,NA,NA,NA,NA
AH25,VCCINT,NA,NA,NA,NA
AJ16,VCCINT,NA,NA,NA,NA
AJ18,VCCINT,NA,NA,NA,NA
AJ20,VCCINT,NA,NA,NA,NA
AJ22,VCCINT,NA,NA,NA,NA
AJ24,VCCINT,NA,NA,NA,NA
T19,VCCINT,NA,NA,NA,NA
T21,VCCINT,NA,NA,NA,NA
T23,VCCINT,NA,NA,NA,NA
T25,VCCINT,NA,NA,NA,NA
T27,VCCINT,NA,NA,NA,NA
U18,VCCINT,NA,NA,NA,NA
U20,VCCINT,NA,NA,NA,NA
U22,VCCINT,NA,NA,NA,NA
U24,VCCINT,NA,NA,NA,NA
U26,VCCINT,NA,NA,NA,NA
V17,VCCINT,NA,NA,NA,NA
V19,VCCINT,NA,NA,NA,NA
V21,VCCINT,NA,NA,NA,NA
V23,VCCINT,NA,NA,NA,NA
V25,VCCINT,NA,NA,NA,NA
V27,VCCINT,NA,NA,NA,NA
W16,VCCINT,NA,NA,NA,NA
W18,VCCINT,NA,NA,NA,NA
W20,VCCINT,NA,NA,NA,NA
W22,VCCINT,NA,NA,NA,NA
W24,VCCINT,NA,NA,NA,NA
W26,VCCINT,NA,NA,NA,NA
Y17,VCCINT,NA,NA,NA,NA
Y19,VCCINT,NA,NA,NA,NA
Y21,VCCINT,NA,NA,NA,NA
Y23,VCCINT,NA,NA,NA,NA
Y25,VCCINT,NA,NA,NA,NA
Y27,VCCINT,NA,NA,NA,NA
AA14,VCCINT_IO,NA,NA,NA,NA
AC14,VCCINT_IO,NA,NA,NA,NA
AE14,VCCINT_IO,NA,NA,NA,NA
AG14,VCCINT_IO,NA,NA,NA,NA
AJ14,VCCINT_IO,NA,NA,NA,NA
AJ30,VCC_PSAUX,NA,NA,NA,NA
AJ31,VCC_PSAUX,NA,NA,NA,NA
AK31,VCC_PSAUX,NA,NA,NA,NA
AL30,VCC_PSAUX,NA,NA,NA,NA
AL28,VCC_PSBATT,NA,NA,NA,NA
AJ29,VCC_PSDDR_PLL,NA,NA,NA,NA
AK28,VCC_PSDDR_PLL,NA,NA,NA,NA
AK26,VCC_PSINTFP,NA,NA,NA,NA
AL27,VCC_PSINTFP,NA,NA,NA,NA
AM26,VCC_PSINTFP,NA,NA,NA,NA
AM27,VCC_PSINTFP,NA,NA,NA,NA
AN26,VCC_PSINTFP,NA,NA,NA,NA
AN28,VCC_PSINTFP,NA,NA,NA,NA
AP26,VCC_PSINTFP,NA,NA,NA,NA
AP28,VCC_PSINTFP_DDR,NA,NA,NA,NA
AP29,VCC_PSINTFP_DDR,NA,NA,NA,NA
AP30,VCC_PSINTFP_DDR,NA,NA,NA,NA
AM29,VCC_PSINTLP,NA,NA,NA,NA
AM31,VCC_PSINTLP,NA,NA,NA,NA
AN27,VCC_PSINTLP,NA,NA,NA,NA
AN29,VCC_PSINTLP,NA,NA,NA,NA
AN31,VCC_PSINTLP,NA,NA,NA,NA
AP31,VCC_PSINTLP,NA,NA,NA,NA
AJ26,VCC_PSPLL,NA,NA,NA,NA
AJ28,VCC_PSPLL,NA,NA,NA,NA
AK27,VCC_PSPLL,NA,NA,NA,NA
,,,,,
Total Number of Pins,1924,,,,
