Device/Package xcvu095ffvc1517 12/18/2014 10:29:28,,,,,,
,,,,,,
Pin,Pin Name,Memory Byte Group,Bank,I/O Type,Super Logic Region,No-Connect
AB15,DXN,NA,NA,NA,NA,NA
W16,VCCADC,NA,NA,NA,NA,NA
W15,GNDADC,NA,NA,NA,NA,NA
AB16,DXP,NA,NA,NA,NA,NA
AA16,VREFP,NA,NA,NA,NA,NA
Y15,VREFN,NA,NA,NA,NA,NA
Y16,VP,NA,NA,NA,NA,NA
AA15,VN,NA,NA,NA,NA,NA
P9,M0_0,NA,0,CONFIG,NA,NA
P8,M1_0,NA,0,CONFIG,NA,NA
T10,INIT_B_0,NA,0,CONFIG,NA,NA
P10,M2_0,NA,0,CONFIG,NA,NA
R8,CFGBVS_0,NA,0,CONFIG,NA,NA
U8,PUDC_B_0,NA,0,CONFIG,NA,NA
V8,POR_OVERRIDE,NA,NA,NA,NA,NA
U9,DONE_0,NA,0,CONFIG,NA,NA
V10,PROGRAM_B_0,NA,0,CONFIG,NA,NA
Y9,TDO_0,NA,0,CONFIG,NA,NA
AC9,TDI_0,NA,0,CONFIG,NA,NA
AE8,RDWR_FCS_B_0,NA,0,CONFIG,NA,NA
Y8,D02_0,NA,0,CONFIG,NA,NA
AB8,D00_MOSI_0,NA,0,CONFIG,NA,NA
AC8,D03_0,NA,0,CONFIG,NA,NA
AD8,D01_DIN_0,NA,0,CONFIG,NA,NA
AD10,TMS_0,NA,0,CONFIG,NA,NA
AB10,CCLK_0,NA,0,CONFIG,NA,NA
Y10,TCK_0,NA,0,CONFIG,NA,NA
AF8,VBATT,NA,NA,NA,NA,NA
C31,IO_L24P_T3U_N10_44,3U,44,HP,NA,NA
B31,IO_L24N_T3U_N11_44,3U,44,HP,NA,NA
D29,IO_T3U_N12_44,3U,44,HP,NA,NA
A28,IO_L23P_T3U_N8_44,3U,44,HP,NA,NA
A29,IO_L23N_T3U_N9_44,3U,44,HP,NA,NA
C29,IO_L22P_T3U_N6_DBC_AD0P_44,3U,44,HP,NA,NA
B29,IO_L22N_T3U_N7_DBC_AD0N_44,3U,44,HP,NA,NA
D28,IO_L21P_T3L_N4_AD8P_44,3L,44,HP,NA,NA
C28,IO_L21N_T3L_N5_AD8N_44,3L,44,HP,NA,NA
D30,IO_L20P_T3L_N2_AD1P_44,3L,44,HP,NA,NA
D31,IO_L20N_T3L_N3_AD1N_44,3L,44,HP,NA,NA
B30,IO_L19P_T3L_N0_DBC_AD9P_44,3L,44,HP,NA,NA
A30,IO_L19N_T3L_N1_DBC_AD9N_44,3L,44,HP,NA,NA
G29,IO_L18P_T2U_N10_AD2P_44,2U,44,HP,NA,NA
F29,IO_L18N_T2U_N11_AD2N_44,2U,44,HP,NA,NA
F28,IO_L17P_T2U_N8_AD10P_44,2U,44,HP,NA,NA
E28,IO_L17N_T2U_N9_AD10N_44,2U,44,HP,NA,NA
F32,IO_L16P_T2U_N6_QBC_AD3P_44,2U,44,HP,NA,NA
E32,IO_L16N_T2U_N7_QBC_AD3N_44,2U,44,HP,NA,NA
E30,IO_L15P_T2L_N4_AD11P_44,2L,44,HP,NA,NA
E31,IO_L15N_T2L_N5_AD11N_44,2L,44,HP,NA,NA
G30,IO_L14P_T2L_N2_GC_44,2L,44,HP,NA,NA
F30,IO_L14N_T2L_N3_GC_44,2L,44,HP,NA,NA
F33,IO_T2U_N12_44,2U,44,HP,NA,NA
G31,IO_L13P_T2L_N0_GC_QBC_44,2L,44,HP,NA,NA
G32,IO_L13N_T2L_N1_GC_QBC_44,2L,44,HP,NA,NA
J31,IO_L12P_T1U_N10_GC_44,1U,44,HP,NA,NA
H31,IO_L12N_T1U_N11_GC_44,1U,44,HP,NA,NA
K31,IO_T1U_N12_44,1U,44,HP,NA,NA
K30,IO_L11P_T1U_N8_GC_44,1U,44,HP,NA,NA
J30,IO_L11N_T1U_N9_GC_44,1U,44,HP,NA,NA
L27,IO_L10P_T1U_N6_QBC_AD4P_44,1U,44,HP,NA,NA
K28,IO_L10N_T1U_N7_QBC_AD4N_44,1U,44,HP,NA,NA
H32,IO_L9P_T1L_N4_AD12P_44,1L,44,HP,NA,NA
H33,IO_L9N_T1L_N5_AD12N_44,1L,44,HP,NA,NA
J28,IO_L8P_T1L_N2_AD5P_44,1L,44,HP,NA,NA
J29,IO_L8N_T1L_N3_AD5N_44,1L,44,HP,NA,NA
H28,IO_L7P_T1L_N0_QBC_AD13P_44,1L,44,HP,NA,NA
H29,IO_L7N_T1L_N1_QBC_AD13N_44,1L,44,HP,NA,NA
N28,IO_L6P_T0U_N10_AD6P_44,0U,44,HP,NA,NA
N29,IO_L6N_T0U_N11_AD6N_44,0U,44,HP,NA,NA
N27,IO_L5P_T0U_N8_AD14P_44,0U,44,HP,NA,NA
M27,IO_L5N_T0U_N9_AD14N_44,0U,44,HP,NA,NA
P29,IO_L4P_T0U_N6_DBC_AD7P_44,0U,44,HP,NA,NA
P30,IO_L4N_T0U_N7_DBC_AD7N_44,0U,44,HP,NA,NA
N31,IO_L3P_T0L_N4_AD15P_44,0L,44,HP,NA,NA
M31,IO_L3N_T0L_N5_AD15N_44,0L,44,HP,NA,NA
L29,IO_L2P_T0L_N2_44,0L,44,HP,NA,NA
L30,IO_L2N_T0L_N3_44,0L,44,HP,NA,NA
L28,IO_T0U_N12_VRP_44,0U,44,HP,NA,NA
M29,IO_L1P_T0L_N0_DBC_44,0L,44,HP,NA,NA
M30,IO_L1N_T0L_N1_DBC_44,0L,44,HP,NA,NA
P28,VREF_44,NA,44,HP,NA,NA
N26,IO_L24P_T3U_N10_45,3U,45,HP,NA,NA
M26,IO_L24N_T3U_N11_45,3U,45,HP,NA,NA
N23,IO_T3U_N12_45,3U,45,HP,NA,NA
L23,IO_L23P_T3U_N8_45,3U,45,HP,NA,NA
K23,IO_L23N_T3U_N9_45,3U,45,HP,NA,NA
M24,IO_L22P_T3U_N6_DBC_AD0P_45,3U,45,HP,NA,NA
M25,IO_L22N_T3U_N7_DBC_AD0N_45,3U,45,HP,NA,NA
P24,IO_L21P_T3L_N4_AD8P_45,3L,45,HP,NA,NA
N24,IO_L21N_T3L_N5_AD8N_45,3L,45,HP,NA,NA
L24,IO_L20P_T3L_N2_AD1P_45,3L,45,HP,NA,NA
L25,IO_L20N_T3L_N3_AD1N_45,3L,45,HP,NA,NA
P25,IO_L19P_T3L_N0_DBC_AD9P_45,3L,45,HP,NA,NA
P26,IO_L19N_T3L_N1_DBC_AD9N_45,3L,45,HP,NA,NA
J23,IO_L18P_T2U_N10_AD2P_45,2U,45,HP,NA,NA
J24,IO_L18N_T2U_N11_AD2N_45,2U,45,HP,NA,NA
K25,IO_L17P_T2U_N8_AD10P_45,2U,45,HP,NA,NA
J25,IO_L17N_T2U_N9_AD10N_45,2U,45,HP,NA,NA
H23,IO_L16P_T2U_N6_QBC_AD3P_45,2U,45,HP,NA,NA
H24,IO_L16N_T2U_N7_QBC_AD3N_45,2U,45,HP,NA,NA
K26,IO_L15P_T2L_N4_AD11P_45,2L,45,HP,NA,NA
J26,IO_L15N_T2L_N5_AD11N_45,2L,45,HP,NA,NA
G26,IO_L14P_T2L_N2_GC_45,2L,45,HP,NA,NA
G27,IO_L14N_T2L_N3_GC_45,2L,45,HP,NA,NA
K27,IO_T2U_N12_45,2U,45,HP,NA,NA
H26,IO_L13P_T2L_N0_GC_QBC_45,2L,45,HP,NA,NA
H27,IO_L13N_T2L_N1_GC_QBC_45,2L,45,HP,NA,NA
F24,IO_L12P_T1U_N10_GC_45,1U,45,HP,NA,NA
F25,IO_L12N_T1U_N11_GC_45,1U,45,HP,NA,NA
D24,IO_T1U_N12_45,1U,45,HP,NA,NA
G24,IO_L11P_T1U_N8_GC_45,1U,45,HP,NA,NA
G25,IO_L11N_T1U_N9_GC_45,1U,45,HP,NA,NA
F23,IO_L10P_T1U_N6_QBC_AD4P_45,1U,45,HP,NA,NA
E23,IO_L10N_T1U_N7_QBC_AD4N_45,1U,45,HP,NA,NA
E25,IO_L9P_T1L_N4_AD12P_45,1L,45,HP,NA,NA
E26,IO_L9N_T1L_N5_AD12N_45,1L,45,HP,NA,NA
F27,IO_L8P_T1L_N2_AD5P_45,1L,45,HP,NA,NA
E27,IO_L8N_T1L_N3_AD5N_45,1L,45,HP,NA,NA
D25,IO_L7P_T1L_N0_QBC_AD13P_45,1L,45,HP,NA,NA
D26,IO_L7N_T1L_N1_QBC_AD13N_45,1L,45,HP,NA,NA
C26,IO_L6P_T0U_N10_AD6P_45,0U,45,HP,NA,NA
C27,IO_L6N_T0U_N11_AD6N_45,0U,45,HP,NA,NA
D23,IO_L5P_T0U_N8_AD14P_45,0U,45,HP,NA,NA
C23,IO_L5N_T0U_N9_AD14N_45,0U,45,HP,NA,NA
B25,IO_L4P_T0U_N6_DBC_AD7P_45,0U,45,HP,NA,NA
A25,IO_L4N_T0U_N7_DBC_AD7N_45,0U,45,HP,NA,NA
C24,IO_L3P_T0L_N4_AD15P_45,0L,45,HP,NA,NA
B24,IO_L3N_T0L_N5_AD15N_45,0L,45,HP,NA,NA
B26,IO_L2P_T0L_N2_45,0L,45,HP,NA,NA
B27,IO_L2N_T0L_N3_45,0L,45,HP,NA,NA
A27,IO_T0U_N12_VRP_45,0U,45,HP,NA,NA
A23,IO_L1P_T0L_N0_DBC_45,0L,45,HP,NA,NA
A24,IO_L1N_T0L_N1_DBC_45,0L,45,HP,NA,NA
P23,VREF_45,NA,45,HP,NA,NA
M22,IO_L24P_T3U_N10_46,3U,46,HP,NA,NA
M21,IO_L24N_T3U_N11_46,3U,46,HP,NA,NA
P20,IO_T3U_N12_46,3U,46,HP,NA,NA
N19,IO_L23P_T3U_N8_46,3U,46,HP,NA,NA
M19,IO_L23N_T3U_N9_46,3U,46,HP,NA,NA
L22,IO_L22P_T3U_N6_DBC_AD0P_46,3U,46,HP,NA,NA
K22,IO_L22N_T3U_N7_DBC_AD0N_46,3U,46,HP,NA,NA
M20,IO_L21P_T3L_N4_AD8P_46,3L,46,HP,NA,NA
L20,IO_L21N_T3L_N5_AD8N_46,3L,46,HP,NA,NA
L19,IO_L20P_T3L_N2_AD1P_46,3L,46,HP,NA,NA
L18,IO_L20N_T3L_N3_AD1N_46,3L,46,HP,NA,NA
N22,IO_L19P_T3L_N0_DBC_AD9P_46,3L,46,HP,NA,NA
N21,IO_L19N_T3L_N1_DBC_AD9N_46,3L,46,HP,NA,NA
H19,IO_L18P_T2U_N10_AD2P_46,2U,46,HP,NA,NA
H18,IO_L18N_T2U_N11_AD2N_46,2U,46,HP,NA,NA
K18,IO_L17P_T2U_N8_AD10P_46,2U,46,HP,NA,NA
J18,IO_L17N_T2U_N9_AD10N_46,2U,46,HP,NA,NA
K21,IO_L16P_T2U_N6_QBC_AD3P_46,2U,46,HP,NA,NA
K20,IO_L16N_T2U_N7_QBC_AD3N_46,2U,46,HP,NA,NA
J20,IO_L15P_T2L_N4_AD11P_46,2L,46,HP,NA,NA
J19,IO_L15N_T2L_N5_AD11N_46,2L,46,HP,NA,NA
G22,IO_L14P_T2L_N2_GC_46,2L,46,HP,NA,NA
G21,IO_L14N_T2L_N3_GC_46,2L,46,HP,NA,NA
J21,IO_T2U_N12_46,2U,46,HP,NA,NA
H22,IO_L13P_T2L_N0_GC_QBC_46,2L,46,HP,NA,NA
H21,IO_L13N_T2L_N1_GC_QBC_46,2L,46,HP,NA,NA
F20,IO_L12P_T1U_N10_GC_46,1U,46,HP,NA,NA
F19,IO_L12N_T1U_N11_GC_46,1U,46,HP,NA,NA
D19,IO_T1U_N12_46,1U,46,HP,NA,NA
G20,IO_L11P_T1U_N8_GC_46,1U,46,HP,NA,NA
G19,IO_L11N_T1U_N9_GC_46,1U,46,HP,NA,NA
F22,IO_L10P_T1U_N6_QBC_AD4P_46,1U,46,HP,NA,NA
E22,IO_L10N_T1U_N7_QBC_AD4N_46,1U,46,HP,NA,NA
F18,IO_L9P_T1L_N4_AD12P_46,1L,46,HP,NA,NA
E18,IO_L9N_T1L_N5_AD12N_46,1L,46,HP,NA,NA
E21,IO_L8P_T1L_N2_AD5P_46,1L,46,HP,NA,NA
D21,IO_L8N_T1L_N3_AD5N_46,1L,46,HP,NA,NA
E20,IO_L7P_T1L_N0_QBC_AD13P_46,1L,46,HP,NA,NA
D20,IO_L7N_T1L_N1_QBC_AD13N_46,1L,46,HP,NA,NA
C19,IO_L6P_T0U_N10_AD6P_46,0U,46,HP,NA,NA
B19,IO_L6N_T0U_N11_AD6N_46,0U,46,HP,NA,NA
D18,IO_L5P_T0U_N8_AD14P_46,0U,46,HP,NA,NA
C18,IO_L5N_T0U_N9_AD14N_46,0U,46,HP,NA,NA
C21,IO_L4P_T0U_N6_DBC_AD7P_46,0U,46,HP,NA,NA
B21,IO_L4N_T0U_N7_DBC_AD7N_46,0U,46,HP,NA,NA
A19,IO_L3P_T0L_N4_AD15P_46,0L,46,HP,NA,NA
A18,IO_L3N_T0L_N5_AD15N_46,0L,46,HP,NA,NA
B22,IO_L2P_T0L_N2_46,0L,46,HP,NA,NA
A22,IO_L2N_T0L_N3_46,0L,46,HP,NA,NA
C22,IO_T0U_N12_VRP_46,0U,46,HP,NA,NA
B20,IO_L1P_T0L_N0_DBC_46,0L,46,HP,NA,NA
A20,IO_L1N_T0L_N1_DBC_46,0L,46,HP,NA,NA
P21,VREF_46,NA,46,HP,NA,NA
A13,IO_L24P_T3U_N10_47,3U,47,HP,NA,NA
A12,IO_L24N_T3U_N11_47,3U,47,HP,NA,NA
C13,IO_T3U_N12_47,3U,47,HP,NA,NA
C12,IO_L23P_T3U_N8_47,3U,47,HP,NA,NA
B12,IO_L23N_T3U_N9_47,3U,47,HP,NA,NA
B10,IO_L22P_T3U_N6_DBC_AD0P_47,3U,47,HP,NA,NA
A10,IO_L22N_T3U_N7_DBC_AD0N_47,3U,47,HP,NA,NA
C11,IO_L21P_T3L_N4_AD8P_47,3L,47,HP,NA,NA
B11,IO_L21N_T3L_N5_AD8N_47,3L,47,HP,NA,NA
B9,IO_L20P_T3L_N2_AD1P_47,3L,47,HP,NA,NA
A9,IO_L20N_T3L_N3_AD1N_47,3L,47,HP,NA,NA
D9,IO_L19P_T3L_N0_DBC_AD9P_47,3L,47,HP,NA,NA
C9,IO_L19N_T3L_N1_DBC_AD9N_47,3L,47,HP,NA,NA
F12,IO_L18P_T2U_N10_AD2P_47,2U,47,HP,NA,NA
E12,IO_L18N_T2U_N11_AD2N_47,2U,47,HP,NA,NA
E11,IO_L17P_T2U_N8_AD10P_47,2U,47,HP,NA,NA
D11,IO_L17N_T2U_N9_AD10N_47,2U,47,HP,NA,NA
G7,IO_L16P_T2U_N6_QBC_AD3P_47,2U,47,HP,NA,NA
F7,IO_L16N_T2U_N7_QBC_AD3N_47,2U,47,HP,NA,NA
F8,IO_L15P_T2L_N4_AD11P_47,2L,47,HP,NA,NA
E8,IO_L15N_T2L_N5_AD11N_47,2L,47,HP,NA,NA
G9,IO_L14P_T2L_N2_GC_47,2L,47,HP,NA,NA
F9,IO_L14N_T2L_N3_GC_47,2L,47,HP,NA,NA
D10,IO_T2U_N12_47,2U,47,HP,NA,NA
F10,IO_L13P_T2L_N0_GC_QBC_47,2L,47,HP,NA,NA
E10,IO_L13N_T2L_N1_GC_QBC_47,2L,47,HP,NA,NA
G11,IO_L12P_T1U_N10_GC_47,1U,47,HP,NA,NA
G10,IO_L12N_T1U_N11_GC_47,1U,47,HP,NA,NA
K12,IO_T1U_N12_47,1U,47,HP,NA,NA
J11,IO_L11P_T1U_N8_GC_47,1U,47,HP,NA,NA
H11,IO_L11N_T1U_N9_GC_47,1U,47,HP,NA,NA
H12,IO_L10P_T1U_N6_QBC_AD4P_47,1U,47,HP,NA,NA
G12,IO_L10N_T1U_N7_QBC_AD4N_47,1U,47,HP,NA,NA
J10,IO_L9P_T1L_N4_AD12P_47,1L,47,HP,NA,NA
J9,IO_L9N_T1L_N5_AD12N_47,1L,47,HP,NA,NA
H9,IO_L8P_T1L_N2_AD5P_47,1L,47,HP,NA,NA
H8,IO_L8N_T1L_N3_AD5N_47,1L,47,HP,NA,NA
J8,IO_L7P_T1L_N0_QBC_AD13P_47,1L,47,HP,NA,NA
H7,IO_L7N_T1L_N1_QBC_AD13N_47,1L,47,HP,NA,NA
K11,IO_L6P_T0U_N10_AD6P_47,0U,47,HP,NA,NA
K10,IO_L6N_T0U_N11_AD6N_47,0U,47,HP,NA,NA
L10,IO_L5P_T0U_N8_AD14P_47,0U,47,HP,NA,NA
L9,IO_L5N_T0U_N9_AD14N_47,0U,47,HP,NA,NA
M12,IO_L4P_T0U_N6_DBC_AD7P_47,0U,47,HP,NA,NA
L12,IO_L4N_T0U_N7_DBC_AD7N_47,0U,47,HP,NA,NA
M11,IO_L3P_T0L_N4_AD15P_47,0L,47,HP,NA,NA
M10,IO_L3N_T0L_N5_AD15N_47,0L,47,HP,NA,NA
N9,IO_L2P_T0L_N2_47,0L,47,HP,NA,NA
M9,IO_L2N_T0L_N3_47,0L,47,HP,NA,NA
N13,IO_T0U_N12_VRP_47,0U,47,HP,NA,NA
N12,IO_L1P_T0L_N0_DBC_47,0L,47,HP,NA,NA
N11,IO_L1N_T0L_N1_DBC_47,0L,47,HP,NA,NA
P11,VREF_47,NA,47,HP,NA,NA
B17,IO_L24P_T3U_N10_48,3U,48,HP,NA,NA
A17,IO_L24N_T3U_N11_48,3U,48,HP,NA,NA
C17,IO_T3U_N12_48,3U,48,HP,NA,NA
B14,IO_L23P_T3U_N8_48,3U,48,HP,NA,NA
A14,IO_L23N_T3U_N9_48,3U,48,HP,NA,NA
B15,IO_L22P_T3U_N6_DBC_AD0P_48,3U,48,HP,NA,NA
A15,IO_L22N_T3U_N7_DBC_AD0N_48,3U,48,HP,NA,NA
C16,IO_L21P_T3L_N4_AD8P_48,3L,48,HP,NA,NA
B16,IO_L21N_T3L_N5_AD8N_48,3L,48,HP,NA,NA
D16,IO_L20P_T3L_N2_AD1P_48,3L,48,HP,NA,NA
D15,IO_L20N_T3L_N3_AD1N_48,3L,48,HP,NA,NA
D14,IO_L19P_T3L_N0_DBC_AD9P_48,3L,48,HP,NA,NA
C14,IO_L19N_T3L_N1_DBC_AD9N_48,3L,48,HP,NA,NA
F17,IO_L18P_T2U_N10_AD2P_48,2U,48,HP,NA,NA
E17,IO_L18N_T2U_N11_AD2N_48,2U,48,HP,NA,NA
E16,IO_L17P_T2U_N8_AD10P_48,2U,48,HP,NA,NA
E15,IO_L17N_T2U_N9_AD10N_48,2U,48,HP,NA,NA
F13,IO_L16P_T2U_N6_QBC_AD3P_48,2U,48,HP,NA,NA
E13,IO_L16N_T2U_N7_QBC_AD3N_48,2U,48,HP,NA,NA
G17,IO_L15P_T2L_N4_AD11P_48,2L,48,HP,NA,NA
G16,IO_L15N_T2L_N5_AD11N_48,2L,48,HP,NA,NA
F15,IO_L14P_T2L_N2_GC_48,2L,48,HP,NA,NA
F14,IO_L14N_T2L_N3_GC_48,2L,48,HP,NA,NA
D13,IO_T2U_N12_48,2U,48,HP,NA,NA
G15,IO_L13P_T2L_N0_GC_QBC_48,2L,48,HP,NA,NA
G14,IO_L13N_T2L_N1_GC_QBC_48,2L,48,HP,NA,NA
J16,IO_L12P_T1U_N10_GC_48,1U,48,HP,NA,NA
H16,IO_L12N_T1U_N11_GC_48,1U,48,HP,NA,NA
H17,IO_T1U_N12_48,1U,48,HP,NA,NA
K15,IO_L11P_T1U_N8_GC_48,1U,48,HP,NA,NA
J15,IO_L11N_T1U_N9_GC_48,1U,48,HP,NA,NA
K17,IO_L10P_T1U_N6_QBC_AD4P_48,1U,48,HP,NA,NA
K16,IO_L10N_T1U_N7_QBC_AD4N_48,1U,48,HP,NA,NA
J14,IO_L9P_T1L_N4_AD12P_48,1L,48,HP,NA,NA
H14,IO_L9N_T1L_N5_AD12N_48,1L,48,HP,NA,NA
L13,IO_L8P_T1L_N2_AD5P_48,1L,48,HP,NA,NA
K13,IO_L8N_T1L_N3_AD5N_48,1L,48,HP,NA,NA
J13,IO_L7P_T1L_N0_QBC_AD13P_48,1L,48,HP,NA,NA
H13,IO_L7N_T1L_N1_QBC_AD13N_48,1L,48,HP,NA,NA
M17,IO_L6P_T0U_N10_AD6P_48,0U,48,HP,NA,NA
L17,IO_L6N_T0U_N11_AD6N_48,0U,48,HP,NA,NA
M15,IO_L5P_T0U_N8_AD14P_48,0U,48,HP,NA,NA
M14,IO_L5N_T0U_N9_AD14N_48,0U,48,HP,NA,NA
L15,IO_L4P_T0U_N6_DBC_AD7P_48,0U,48,HP,NA,NA
L14,IO_L4N_T0U_N7_DBC_AD7N_48,0U,48,HP,NA,NA
N16,IO_L3P_T0L_N4_AD15P_48,0L,48,HP,NA,NA
M16,IO_L3N_T0L_N5_AD15N_48,0L,48,HP,NA,NA
N18,IO_L2P_T0L_N2_48,0L,48,HP,NA,NA
N17,IO_L2N_T0L_N3_48,0L,48,HP,NA,NA
P16,IO_T0U_N12_VRP_48,0U,48,HP,NA,NA
P14,IO_L1P_T0L_N0_DBC_48,0L,48,HP,NA,NA
N14,IO_L1N_T0L_N1_DBC_48,0L,48,HP,NA,NA
P18,VREF_48,NA,48,HP,NA,NA
AJ28,IO_L24P_T3U_N10_EMCCLK_65,3U,65,HP,NA,NA
AJ29,IO_L24N_T3U_N11_DOUT_CSO_B_65,3U,65,HP,NA,NA
AJ31,IO_T3U_N12_PERSTN0_65,3U,65,HP,NA,NA
AG29,IO_L23P_T3U_N8_I2C_SCLK_65,3U,65,HP,NA,NA
AH29,IO_L23N_T3U_N9_I2C_SDA_65,3U,65,HP,NA,NA
AF30,IO_L22P_T3U_N6_DBC_AD0P_D04_65,3U,65,HP,NA,NA
AG30,IO_L22N_T3U_N7_DBC_AD0N_D05_65,3U,65,HP,NA,NA
AF28,IO_L21P_T3L_N4_AD8P_D06_65,3L,65,HP,NA,NA
AG28,IO_L21N_T3L_N5_AD8N_D07_65,3L,65,HP,NA,NA
AH30,IO_L20P_T3L_N2_AD1P_D08_65,3L,65,HP,NA,NA
AH31,IO_L20N_T3L_N3_AD1N_D09_65,3L,65,HP,NA,NA
AG27,IO_L19P_T3L_N0_DBC_AD9P_D10_65,3L,65,HP,NA,NA
AH27,IO_L19N_T3L_N1_DBC_AD9N_D11_65,3L,65,HP,NA,NA
AK31,IO_L18P_T2U_N10_AD2P_D12_65,2U,65,HP,NA,NA
AL31,IO_L18N_T2U_N11_AD2N_D13_65,2U,65,HP,NA,NA
AM28,IO_L17P_T2U_N8_AD10P_D14_65,2U,65,HP,NA,NA
AM29,IO_L17N_T2U_N9_AD10N_D15_65,2U,65,HP,NA,NA
AK29,IO_L16P_T2U_N6_QBC_AD3P_A00_D16_65,2U,65,HP,NA,NA
AK30,IO_L16N_T2U_N7_QBC_AD3N_A01_D17_65,2U,65,HP,NA,NA
AK28,IO_L15P_T2L_N4_AD11P_A02_D18_65,2L,65,HP,NA,NA
AL28,IO_L15N_T2L_N5_AD11N_A03_D19_65,2L,65,HP,NA,NA
AL30,IO_L14P_T2L_N2_GC_A04_D20_65,2L,65,HP,NA,NA
AM30,IO_L14N_T2L_N3_GC_A05_D21_65,2L,65,HP,NA,NA
AM33,IO_T2U_N12_CSI_ADV_B_65,2U,65,HP,NA,NA
AL32,IO_L13P_T2L_N0_GC_QBC_A06_D22_65,2L,65,HP,NA,NA
AM32,IO_L13N_T2L_N1_GC_QBC_A07_D23_65,2L,65,HP,NA,NA
AP31,IO_L12P_T1U_N10_GC_A08_D24_65,1U,65,HP,NA,NA
AP32,IO_L12N_T1U_N11_GC_A09_D25_65,1U,65,HP,NA,NA
AP33,IO_T1U_N12_PERSTN1_65,1U,65,HP,NA,NA
AN30,IO_L11P_T1U_N8_GC_A10_D26_65,1U,65,HP,NA,NA
AN31,IO_L11N_T1U_N9_GC_A11_D27_65,1U,65,HP,NA,NA
AN29,IO_L10P_T1U_N6_QBC_AD4P_A12_D28_65,1U,65,HP,NA,NA
AP29,IO_L10N_T1U_N7_QBC_AD4N_A13_D29_65,1U,65,HP,NA,NA
AN32,IO_L9P_T1L_N4_AD12P_A14_D30_65,1L,65,HP,NA,NA
AN33,IO_L9N_T1L_N5_AD12N_A15_D31_65,1L,65,HP,NA,NA
AR29,IO_L8P_T1L_N2_AD5P_A16_65,1L,65,HP,NA,NA
AR30,IO_L8N_T1L_N3_AD5N_A17_65,1L,65,HP,NA,NA
AP28,IO_L7P_T1L_N0_QBC_AD13P_A18_65,1L,65,HP,NA,NA
AR28,IO_L7N_T1L_N1_QBC_AD13N_A19_65,1L,65,HP,NA,NA
AR31,IO_L6P_T0U_N10_AD6P_A20_65,0U,65,HP,NA,NA
AT31,IO_L6N_T0U_N11_AD6N_A21_65,0U,65,HP,NA,NA
AV31,IO_L5P_T0U_N8_AD14P_A22_65,0U,65,HP,NA,NA
AW31,IO_L5N_T0U_N9_AD14N_A23_65,0U,65,HP,NA,NA
AT30,IO_L4P_T0U_N6_DBC_AD7P_A24_65,0U,65,HP,NA,NA
AU30,IO_L4N_T0U_N7_DBC_AD7N_A25_65,0U,65,HP,NA,NA
AT28,IO_L3P_T0L_N4_AD15P_A26_65,0L,65,HP,NA,NA
AU28,IO_L3N_T0L_N5_AD15N_A27_65,0L,65,HP,NA,NA
AV29,IO_L2P_T0L_N2_FOE_B_65,0L,65,HP,NA,NA
AV30,IO_L2N_T0L_N3_FWE_FCS2_B_65,0L,65,HP,NA,NA
AU29,IO_T0U_N12_VRP_A28_65,0U,65,HP,NA,NA
AW28,IO_L1P_T0L_N0_DBC_RS0_65,0L,65,HP,NA,NA
AW29,IO_L1N_T0L_N1_DBC_RS1_65,0L,65,HP,NA,NA
AF27,VREF_65,NA,65,HP,NA,NA
AW22,IO_L24P_T3U_N10_66,3U,66,HP,NA,NA
AW21,IO_L24N_T3U_N11_66,3U,66,HP,NA,NA
AT21,IO_T3U_N12_66,3U,66,HP,NA,NA
AU19,IO_L23P_T3U_N8_66,3U,66,HP,NA,NA
AU18,IO_L23N_T3U_N9_66,3U,66,HP,NA,NA
AV22,IO_L22P_T3U_N6_DBC_AD0P_66,3U,66,HP,NA,NA
AV21,IO_L22N_T3U_N7_DBC_AD0N_66,3U,66,HP,NA,NA
AV19,IO_L21P_T3L_N4_AD8P_66,3L,66,HP,NA,NA
AW19,IO_L21N_T3L_N5_AD8N_66,3L,66,HP,NA,NA
AT22,IO_L20P_T3L_N2_AD1P_66,3L,66,HP,NA,NA
AU22,IO_L20N_T3L_N3_AD1N_66,3L,66,HP,NA,NA
AU20,IO_L19P_T3L_N0_DBC_AD9P_66,3L,66,HP,NA,NA
AV20,IO_L19N_T3L_N1_DBC_AD9N_66,3L,66,HP,NA,NA
AP19,IO_L18P_T2U_N10_AD2P_66,2U,66,HP,NA,NA
AP18,IO_L18N_T2U_N11_AD2N_66,2U,66,HP,NA,NA
AR20,IO_L17P_T2U_N8_AD10P_66,2U,66,HP,NA,NA
AT20,IO_L17N_T2U_N9_AD10N_66,2U,66,HP,NA,NA
AN22,IO_L16P_T2U_N6_QBC_AD3P_66,2U,66,HP,NA,NA
AP22,IO_L16N_T2U_N7_QBC_AD3N_66,2U,66,HP,NA,NA
AR19,IO_L15P_T2L_N4_AD11P_66,2L,66,HP,NA,NA
AR18,IO_L15N_T2L_N5_AD11N_66,2L,66,HP,NA,NA
AN21,IO_L14P_T2L_N2_GC_66,2L,66,HP,NA,NA
AN20,IO_L14N_T2L_N3_GC_66,2L,66,HP,NA,NA
AT18,IO_T2U_N12_66,2U,66,HP,NA,NA
AP21,IO_L13P_T2L_N0_GC_QBC_66,2L,66,HP,NA,NA
AR21,IO_L13N_T2L_N1_GC_QBC_66,2L,66,HP,NA,NA
AL20,IO_L12P_T1U_N10_GC_66,1U,66,HP,NA,NA
AM20,IO_L12N_T1U_N11_GC_66,1U,66,HP,NA,NA
AK18,IO_T1U_N12_66,1U,66,HP,NA,NA
AM19,IO_L11P_T1U_N8_GC_66,1U,66,HP,NA,NA
AN19,IO_L11N_T1U_N9_GC_66,1U,66,HP,NA,NA
AK21,IO_L10P_T1U_N6_QBC_AD4P_66,1U,66,HP,NA,NA
AL21,IO_L10N_T1U_N7_QBC_AD4N_66,1U,66,HP,NA,NA
AL22,IO_L9P_T1L_N4_AD12P_66,1L,66,HP,NA,NA
AM22,IO_L9N_T1L_N5_AD12N_66,1L,66,HP,NA,NA
AK20,IO_L8P_T1L_N2_AD5P_66,1L,66,HP,NA,NA
AK19,IO_L8N_T1L_N3_AD5N_66,1L,66,HP,NA,NA
AL18,IO_L7P_T1L_N0_QBC_AD13P_66,1L,66,HP,NA,NA
AM18,IO_L7N_T1L_N1_QBC_AD13N_66,1L,66,HP,NA,NA
AH22,IO_L6P_T0U_N10_AD6P_66,0U,66,HP,NA,NA
AJ22,IO_L6N_T0U_N11_AD6N_66,0U,66,HP,NA,NA
AH21,IO_L5P_T0U_N8_AD14P_66,0U,66,HP,NA,NA
AJ21,IO_L5N_T0U_N9_AD14N_66,0U,66,HP,NA,NA
AG20,IO_L4P_T0U_N6_DBC_AD7P_66,0U,66,HP,NA,NA
AH20,IO_L4N_T0U_N7_DBC_AD7N_66,0U,66,HP,NA,NA
AH19,IO_L3P_T0L_N4_AD15P_66,0L,66,HP,NA,NA
AJ19,IO_L3N_T0L_N5_AD15N_66,0L,66,HP,NA,NA
AF21,IO_L2P_T0L_N2_66,0L,66,HP,NA,NA
AF20,IO_L2N_T0L_N3_66,0L,66,HP,NA,NA
AJ18,IO_T0U_N12_VRP_66,0U,66,HP,NA,NA
AG19,IO_L1P_T0L_N0_DBC_66,0L,66,HP,NA,NA
AG18,IO_L1N_T0L_N1_DBC_66,0L,66,HP,NA,NA
AF18,VREF_66,NA,66,HP,NA,NA
AW18,IO_L24P_T3U_N10_67,3U,67,HP,NA,NA
AW17,IO_L24N_T3U_N11_67,3U,67,HP,NA,NA
AU14,IO_T3U_N12_67,3U,67,HP,NA,NA
AV14,IO_L23P_T3U_N8_67,3U,67,HP,NA,NA
AW14,IO_L23N_T3U_N9_67,3U,67,HP,NA,NA
AU17,IO_L22P_T3U_N6_DBC_AD0P_67,3U,67,HP,NA,NA
AV17,IO_L22N_T3U_N7_DBC_AD0N_67,3U,67,HP,NA,NA
AU15,IO_L21P_T3L_N4_AD8P_67,3L,67,HP,NA,NA
AV15,IO_L21N_T3L_N5_AD8N_67,3L,67,HP,NA,NA
AT17,IO_L20P_T3L_N2_AD1P_67,3L,67,HP,NA,NA
AT16,IO_L20N_T3L_N3_AD1N_67,3L,67,HP,NA,NA
AV16,IO_L19P_T3L_N0_DBC_AD9P_67,3L,67,HP,NA,NA
AW16,IO_L19N_T3L_N1_DBC_AD9N_67,3L,67,HP,NA,NA
AN17,IO_L18P_T2U_N10_AD2P_67,2U,67,HP,NA,NA
AP17,IO_L18N_T2U_N11_AD2N_67,2U,67,HP,NA,NA
AR15,IO_L17P_T2U_N8_AD10P_67,2U,67,HP,NA,NA
AT15,IO_L17N_T2U_N9_AD10N_67,2U,67,HP,NA,NA
AR13,IO_L16P_T2U_N6_QBC_AD3P_67,2U,67,HP,NA,NA
AT13,IO_L16N_T2U_N7_QBC_AD3N_67,2U,67,HP,NA,NA
AP14,IO_L15P_T2L_N4_AD11P_67,2L,67,HP,NA,NA
AR14,IO_L15N_T2L_N5_AD11N_67,2L,67,HP,NA,NA
AN16,IO_L14P_T2L_N2_GC_67,2L,67,HP,NA,NA
AN15,IO_L14N_T2L_N3_GC_67,2L,67,HP,NA,NA
AP13,IO_T2U_N12_67,2U,67,HP,NA,NA
AP16,IO_L13P_T2L_N0_GC_QBC_67,2L,67,HP,NA,NA
AR16,IO_L13N_T2L_N1_GC_QBC_67,2L,67,HP,NA,NA
AL15,IO_L12P_T1U_N10_GC_67,1U,67,HP,NA,NA
AM15,IO_L12N_T1U_N11_GC_67,1U,67,HP,NA,NA
AK13,IO_T1U_N12_67,1U,67,HP,NA,NA
AM14,IO_L11P_T1U_N8_GC_67,1U,67,HP,NA,NA
AN14,IO_L11N_T1U_N9_GC_67,1U,67,HP,NA,NA
AK16,IO_L10P_T1U_N6_QBC_AD4P_67,1U,67,HP,NA,NA
AL16,IO_L10N_T1U_N7_QBC_AD4N_67,1U,67,HP,NA,NA
AL13,IO_L9P_T1L_N4_AD12P_67,1L,67,HP,NA,NA
AM13,IO_L9N_T1L_N5_AD12N_67,1L,67,HP,NA,NA
AL17,IO_L8P_T1L_N2_AD5P_67,1L,67,HP,NA,NA
AM17,IO_L8N_T1L_N3_AD5N_67,1L,67,HP,NA,NA
AK15,IO_L7P_T1L_N0_QBC_AD13P_67,1L,67,HP,NA,NA
AK14,IO_L7N_T1L_N1_QBC_AD13N_67,1L,67,HP,NA,NA
AG17,IO_L6P_T0U_N10_AD6P_67,0U,67,HP,NA,NA
AH17,IO_L6N_T0U_N11_AD6N_67,0U,67,HP,NA,NA
AJ14,IO_L5P_T0U_N8_AD14P_67,0U,67,HP,NA,NA
AJ13,IO_L5N_T0U_N9_AD14N_67,0U,67,HP,NA,NA
AH16,IO_L4P_T0U_N6_DBC_AD7P_67,0U,67,HP,NA,NA
AH15,IO_L4N_T0U_N7_DBC_AD7N_67,0U,67,HP,NA,NA
AJ17,IO_L3P_T0L_N4_AD15P_67,0L,67,HP,NA,NA
AJ16,IO_L3N_T0L_N5_AD15N_67,0L,67,HP,NA,NA
AF15,IO_L2P_T0L_N2_67,0L,67,HP,NA,NA
AG15,IO_L2N_T0L_N3_67,0L,67,HP,NA,NA
AG13,IO_T0U_N12_VRP_67,0U,67,HP,NA,NA
AG14,IO_L1P_T0L_N0_DBC_67,0L,67,HP,NA,NA
AH14,IO_L1N_T0L_N1_DBC_67,0L,67,HP,NA,NA
AF16,VREF_67,NA,67,HP,NA,NA
AU13,IO_L24P_T3U_N10_68,3U,68,HP,NA,NA
AV12,IO_L24N_T3U_N11_68,3U,68,HP,NA,NA
AW9,IO_T3U_N12_68,3U,68,HP,NA,NA
AW13,IO_L23P_T3U_N8_68,3U,68,HP,NA,NA
AW12,IO_L23N_T3U_N9_68,3U,68,HP,NA,NA
AT12,IO_L22P_T3U_N6_DBC_AD0P_68,3U,68,HP,NA,NA
AU12,IO_L22N_T3U_N7_DBC_AD0N_68,3U,68,HP,NA,NA
AV11,IO_L21P_T3L_N4_AD8P_68,3L,68,HP,NA,NA
AW11,IO_L21N_T3L_N5_AD8N_68,3L,68,HP,NA,NA
AU10,IO_L20P_T3L_N2_AD1P_68,3L,68,HP,NA,NA
AV10,IO_L20N_T3L_N3_AD1N_68,3L,68,HP,NA,NA
AU9,IO_L19P_T3L_N0_DBC_AD9P_68,3L,68,HP,NA,NA
AV9,IO_L19N_T3L_N1_DBC_AD9N_68,3L,68,HP,NA,NA
AP12,IO_L18P_T2U_N10_AD2P_68,2U,68,HP,NA,NA
AP11,IO_L18N_T2U_N11_AD2N_68,2U,68,HP,NA,NA
AR10,IO_L17P_T2U_N8_AD10P_68,2U,68,HP,NA,NA
AT10,IO_L17N_T2U_N9_AD10N_68,2U,68,HP,NA,NA
AN12,IO_L16P_T2U_N6_QBC_AD3P_68,2U,68,HP,NA,NA
AN11,IO_L16N_T2U_N7_QBC_AD3N_68,2U,68,HP,NA,NA
AR11,IO_L15P_T2L_N4_AD11P_68,2L,68,HP,NA,NA
AT11,IO_L15N_T2L_N5_AD11N_68,2L,68,HP,NA,NA
AP9,IO_L14P_T2L_N2_GC_68,2L,68,HP,NA,NA
AP8,IO_L14N_T2L_N3_GC_68,2L,68,HP,NA,NA
AP7,IO_T2U_N12_68,2U,68,HP,NA,NA
AR9,IO_L13P_T2L_N0_GC_QBC_68,2L,68,HP,NA,NA
AR8,IO_L13N_T2L_N1_GC_QBC_68,2L,68,HP,NA,NA
AM10,IO_L12P_T1U_N10_GC_68,1U,68,HP,NA,NA
AM9,IO_L12N_T1U_N11_GC_68,1U,68,HP,NA,NA
AM12,IO_T1U_N12_68,1U,68,HP,NA,NA
AN10,IO_L11P_T1U_N8_GC_68,1U,68,HP,NA,NA
AN9,IO_L11N_T1U_N9_GC_68,1U,68,HP,NA,NA
AM7,IO_L10P_T1U_N6_QBC_AD4P_68,1U,68,HP,NA,NA
AN7,IO_L10N_T1U_N7_QBC_AD4N_68,1U,68,HP,NA,NA
AK11,IO_L9P_T1L_N4_AD12P_68,1L,68,HP,NA,NA
AL10,IO_L9N_T1L_N5_AD12N_68,1L,68,HP,NA,NA
AL8,IO_L8P_T1L_N2_AD5P_68,1L,68,HP,NA,NA
AM8,IO_L8N_T1L_N3_AD5N_68,1L,68,HP,NA,NA
AL12,IO_L7P_T1L_N0_QBC_AD13P_68,1L,68,HP,NA,NA
AL11,IO_L7N_T1L_N1_QBC_AD13N_68,1L,68,HP,NA,NA
AJ11,IO_L6P_T0U_N10_AD6P_68,0U,68,HP,NA,NA
AK10,IO_L6N_T0U_N11_AD6N_68,0U,68,HP,NA,NA
AG10,IO_L5P_T0U_N8_AD14P_68,0U,68,HP,NA,NA
AH10,IO_L5N_T0U_N9_AD14N_68,0U,68,HP,NA,NA
AG9,IO_L4P_T0U_N6_DBC_AD7P_68,0U,68,HP,NA,NA
AH9,IO_L4N_T0U_N7_DBC_AD7N_68,0U,68,HP,NA,NA
AH12,IO_L3P_T0L_N4_AD15P_68,0L,68,HP,NA,NA
AJ12,IO_L3N_T0L_N5_AD15N_68,0L,68,HP,NA,NA
AJ9,IO_L2P_T0L_N2_68,0L,68,HP,NA,NA
AK9,IO_L2N_T0L_N3_68,0L,68,HP,NA,NA
AF10,IO_T0U_N12_VRP_68,0U,68,HP,NA,NA
AG12,IO_L1P_T0L_N0_DBC_68,0L,68,HP,NA,NA
AH11,IO_L1N_T0L_N1_DBC_68,0L,68,HP,NA,NA
AF12,VREF_68,NA,68,HP,NA,NA
AG22,IO_L24P_T3U_N10_84,3U,84,HR,NA,NA
AG23,IO_L24N_T3U_N11_84,3U,84,HR,NA,NA
AF26,IO_T3U_N12_84,3U,84,HR,NA,NA
AF23,IO_L23P_T3U_N8_84,3U,84,HR,NA,NA
AG24,IO_L23N_T3U_N9_84,3U,84,HR,NA,NA
AJ23,IO_L22P_T3U_N6_DBC_AD0P_84,3U,84,HR,NA,NA
AJ24,IO_L22N_T3U_N7_DBC_AD0N_84,3U,84,HR,NA,NA
AG25,IO_L21P_T3L_N4_AD8P_84,3L,84,HR,NA,NA
AH26,IO_L21N_T3L_N5_AD8N_84,3L,84,HR,NA,NA
AH24,IO_L20P_T3L_N2_AD1P_84,3L,84,HR,NA,NA
AH25,IO_L20N_T3L_N3_AD1N_84,3L,84,HR,NA,NA
AJ26,IO_L19P_T3L_N0_DBC_AD9P_84,3L,84,HR,NA,NA
AJ27,IO_L19N_T3L_N1_DBC_AD9N_84,3L,84,HR,NA,NA
AK24,IO_L18P_T2U_N10_AD2P_84,2U,84,HR,NA,NA
AK25,IO_L18N_T2U_N11_AD2N_84,2U,84,HR,NA,NA
AK23,IO_L17P_T2U_N8_AD10P_84,2U,84,HR,NA,NA
AL23,IO_L17N_T2U_N9_AD10N_84,2U,84,HR,NA,NA
AK26,IO_L16P_T2U_N6_QBC_AD3P_84,2U,84,HR,NA,NA
AL26,IO_L16N_T2U_N7_QBC_AD3N_84,2U,84,HR,NA,NA
AM23,IO_L15P_T2L_N4_AD11P_84,2L,84,HR,NA,NA
AM24,IO_L15N_T2L_N5_AD11N_84,2L,84,HR,NA,NA
AL25,IO_L14P_T2L_N2_GC_84,2L,84,HR,NA,NA
AM25,IO_L14N_T2L_N3_GC_84,2L,84,HR,NA,NA
AL27,IO_T2U_N12_84,2U,84,HR,NA,NA
AM27,IO_L13P_T2L_N0_GC_QBC_84,2L,84,HR,NA,NA
AN27,IO_L13N_T2L_N1_GC_QBC_84,2L,84,HR,NA,NA
AF22,VREF_84,NA,84,HR,NA,NA
AP26,IO_L12P_T1U_N10_GC_94,1U,94,HR,NA,NA
AP27,IO_L12N_T1U_N11_GC_94,1U,94,HR,NA,NA
AT23,IO_T1U_N12_94,1U,94,HR,NA,NA
AN25,IO_L11P_T1U_N8_GC_94,1U,94,HR,NA,NA
AN26,IO_L11N_T1U_N9_GC_94,1U,94,HR,NA,NA
AR25,IO_L10P_T1U_N6_QBC_AD4P_94,1U,94,HR,NA,NA
AR26,IO_L10N_T1U_N7_QBC_AD4N_94,1U,94,HR,NA,NA
AP23,IO_L9P_T1L_N4_AD12P_94,1L,94,HR,NA,NA
AR23,IO_L9N_T1L_N5_AD12N_94,1L,94,HR,NA,NA
AT25,IO_L8P_T1L_N2_AD5P_94,1L,94,HR,NA,NA
AT26,IO_L8N_T1L_N3_AD5N_94,1L,94,HR,NA,NA
AP24,IO_L7P_T1L_N0_QBC_AD13P_94,1L,94,HR,NA,NA
AR24,IO_L7N_T1L_N1_QBC_AD13N_94,1L,94,HR,NA,NA
AT27,IO_L6P_T0U_N10_AD6P_94,0U,94,HR,NA,NA
AU27,IO_L6N_T0U_N11_AD6N_94,0U,94,HR,NA,NA
AU24,IO_L5P_T0U_N8_AD14P_94,0U,94,HR,NA,NA
AU25,IO_L5N_T0U_N9_AD14N_94,0U,94,HR,NA,NA
AV24,IO_L4P_T0U_N6_DBC_AD7P_94,0U,94,HR,NA,NA
AV25,IO_L4N_T0U_N7_DBC_AD7N_94,0U,94,HR,NA,NA
AV26,IO_L3P_T0L_N4_AD15P_94,0L,94,HR,NA,NA
AW26,IO_L3N_T0L_N5_AD15N_94,0L,94,HR,NA,NA
AW23,IO_L2P_T0L_N2_94,0L,94,HR,NA,NA
AW24,IO_L2N_T0L_N3_94,0L,94,HR,NA,NA
AU23,IO_T0U_N12_94,0U,94,HR,NA,NA
AV27,IO_L1P_T0L_N0_DBC_94,0L,94,HR,NA,NA
AW27,IO_L1N_T0L_N1_DBC_94,0L,94,HR,NA,NA
AN24,VREF_94,NA,94,HR,NA,NA
AP36,MGTYTXN3_125,NA,125,GTY,NA,NA
AP35,MGTYTXP3_125,NA,125,GTY,NA,NA
AN38,MGTYRXP3_125,NA,125,GTY,NA,NA
AN39,MGTYRXN3_125,NA,125,GTY,NA,NA
AG34,MGTREFCLK1N_125,NA,125,GTY,NA,NA
AG33,MGTREFCLK1P_125,NA,125,GTY,NA,NA
AT36,MGTYTXN2_125,NA,125,GTY,NA,NA
AT35,MGTYTXP2_125,NA,125,GTY,NA,NA
AR38,MGTYRXP2_125,NA,125,GTY,NA,NA
AR39,MGTYRXN2_125,NA,125,GTY,NA,NA
AU34,MGTYTXN1_125,NA,125,GTY,NA,NA
AU33,MGTYTXP1_125,NA,125,GTY,NA,NA
AU38,MGTYRXP1_125,NA,125,GTY,NA,NA
AU39,MGTYRXN1_125,NA,125,GTY,NA,NA
AJ34,MGTREFCLK0N_125,NA,125,GTY,NA,NA
AJ33,MGTREFCLK0P_125,NA,125,GTY,NA,NA
AW34,MGTYTXN0_125,NA,125,GTY,NA,NA
AW33,MGTYTXP0_125,NA,125,GTY,NA,NA
AV36,MGTYRXP0_125,NA,125,GTY,NA,NA
AV37,MGTYRXN0_125,NA,125,GTY,NA,NA
AF36,MGTYTXN3_126,NA,126,GTY,NA,NA
AF35,MGTYTXP3_126,NA,126,GTY,NA,NA
AE38,MGTYRXP3_126,NA,126,GTY,NA,NA
AE39,MGTYRXN3_126,NA,126,GTY,NA,NA
AC34,MGTREFCLK1N_126,NA,126,GTY,NA,NA
AC33,MGTREFCLK1P_126,NA,126,GTY,NA,NA
AH36,MGTYTXN2_126,NA,126,GTY,NA,NA
AH35,MGTYTXP2_126,NA,126,GTY,NA,NA
AG38,MGTYRXP2_126,NA,126,GTY,NA,NA
AG39,MGTYRXN2_126,NA,126,GTY,NA,NA
AK36,MGTYTXN1_126,NA,126,GTY,NA,NA
AK35,MGTYTXP1_126,NA,126,GTY,NA,NA
AJ38,MGTYRXP1_126,NA,126,GTY,NA,NA
AJ39,MGTYRXN1_126,NA,126,GTY,NA,NA
AE34,MGTREFCLK0N_126,NA,126,GTY,NA,NA
AE33,MGTREFCLK0P_126,NA,126,GTY,NA,NA
AM36,MGTYTXN0_126,NA,126,GTY,NA,NA
AM35,MGTYTXP0_126,NA,126,GTY,NA,NA
AL38,MGTYRXP0_126,NA,126,GTY,NA,NA
AL39,MGTYRXN0_126,NA,126,GTY,NA,NA
T36,MGTYTXN3_127,NA,127,GTY,NA,NA
T35,MGTYTXP3_127,NA,127,GTY,NA,NA
U38,MGTYRXP3_127,NA,127,GTY,NA,NA
U39,MGTYRXN3_127,NA,127,GTY,NA,NA
W34,MGTREFCLK1N_127,NA,127,GTY,NA,NA
W33,MGTREFCLK1P_127,NA,127,GTY,NA,NA
V36,MGTYTXN2_127,NA,127,GTY,NA,NA
V35,MGTYTXP2_127,NA,127,GTY,NA,NA
W38,MGTYRXP2_127,NA,127,GTY,NA,NA
W39,MGTYRXN2_127,NA,127,GTY,NA,NA
AB36,MGTYTXN1_127,NA,127,GTY,NA,NA
AB35,MGTYTXP1_127,NA,127,GTY,NA,NA
AA38,MGTYRXP1_127,NA,127,GTY,NA,NA
AA39,MGTYRXN1_127,NA,127,GTY,NA,NA
AA34,MGTREFCLK0N_127,NA,127,GTY,NA,NA
AA33,MGTREFCLK0P_127,NA,127,GTY,NA,NA
AD36,MGTYTXN0_127,NA,127,GTY,NA,NA
AD35,MGTYTXP0_127,NA,127,GTY,NA,NA
AC38,MGTYRXP0_127,NA,127,GTY,NA,NA
AC39,MGTYRXN0_127,NA,127,GTY,NA,NA
H36,MGTYTXN3_128,NA,128,GTY,NA,NA
H35,MGTYTXP3_128,NA,128,GTY,NA,NA
J38,MGTYRXP3_128,NA,128,GTY,NA,NA
J39,MGTYRXN3_128,NA,128,GTY,NA,NA
R34,MGTREFCLK1N_128,NA,128,GTY,NA,NA
R33,MGTREFCLK1P_128,NA,128,GTY,NA,NA
K36,MGTYTXN2_128,NA,128,GTY,NA,NA
K35,MGTYTXP2_128,NA,128,GTY,NA,NA
L38,MGTYRXP2_128,NA,128,GTY,NA,NA
L39,MGTYRXN2_128,NA,128,GTY,NA,NA
M36,MGTYTXN1_128,NA,128,GTY,NA,NA
M35,MGTYTXP1_128,NA,128,GTY,NA,NA
N38,MGTYRXP1_128,NA,128,GTY,NA,NA
N39,MGTYRXN1_128,NA,128,GTY,NA,NA
U34,MGTREFCLK0N_128,NA,128,GTY,NA,NA
U33,MGTREFCLK0P_128,NA,128,GTY,NA,NA
P36,MGTYTXN0_128,NA,128,GTY,NA,NA
P35,MGTYTXP0_128,NA,128,GTY,NA,NA
R38,MGTYRXP0_128,NA,128,GTY,NA,NA
R39,MGTYRXN0_128,NA,128,GTY,NA,NA
A34,MGTYTXN3_129,NA,129,GTY,NA,NA
A33,MGTYTXP3_129,NA,129,GTY,NA,NA
B36,MGTYRXP3_129,NA,129,GTY,NA,NA
B37,MGTYRXN3_129,NA,129,GTY,NA,NA
L34,MGTREFCLK1N_129,NA,129,GTY,NA,NA
L33,MGTREFCLK1P_129,NA,129,GTY,NA,NA
C34,MGTYTXN2_129,NA,129,GTY,NA,NA
C33,MGTYTXP2_129,NA,129,GTY,NA,NA
C38,MGTYRXP2_129,NA,129,GTY,NA,NA
C39,MGTYRXN2_129,NA,129,GTY,NA,NA
AV33,MGTAVTTRCAL_L,NA,NA,NA,NA,NA
AV34,MGTRREF_L,NA,NA,NA,NA,NA
D36,MGTYTXN1_129,NA,129,GTY,NA,NA
D35,MGTYTXP1_129,NA,129,GTY,NA,NA
E38,MGTYRXP1_129,NA,129,GTY,NA,NA
E39,MGTYRXN1_129,NA,129,GTY,NA,NA
N34,MGTREFCLK0N_129,NA,129,GTY,NA,NA
N33,MGTREFCLK0P_129,NA,129,GTY,NA,NA
F36,MGTYTXN0_129,NA,129,GTY,NA,NA
F35,MGTYTXP0_129,NA,129,GTY,NA,NA
G38,MGTYRXP0_129,NA,129,GTY,NA,NA
G39,MGTYRXN0_129,NA,129,GTY,NA,NA
AP5,MGTHTXP3_224,NA,224,GTH,NA,NA
AN2,MGTHRXP3_224,NA,224,GTH,NA,NA
AN1,MGTHRXN3_224,NA,224,GTH,NA,NA
AP4,MGTHTXN3_224,NA,224,GTH,NA,NA
AG7,MGTREFCLK1P_224,NA,224,GTH,NA,NA
AG6,MGTREFCLK1N_224,NA,224,GTH,NA,NA
AT5,MGTHTXP2_224,NA,224,GTH,NA,NA
AR2,MGTHRXP2_224,NA,224,GTH,NA,NA
AR1,MGTHRXN2_224,NA,224,GTH,NA,NA
AT4,MGTHTXN2_224,NA,224,GTH,NA,NA
AU7,MGTHTXP1_224,NA,224,GTH,NA,NA
AU2,MGTHRXP1_224,NA,224,GTH,NA,NA
AU1,MGTHRXN1_224,NA,224,GTH,NA,NA
AU6,MGTHTXN1_224,NA,224,GTH,NA,NA
AJ7,MGTREFCLK0P_224,NA,224,GTH,NA,NA
AJ6,MGTREFCLK0N_224,NA,224,GTH,NA,NA
AW7,MGTHTXP0_224,NA,224,GTH,NA,NA
AV4,MGTHRXP0_224,NA,224,GTH,NA,NA
AV3,MGTHRXN0_224,NA,224,GTH,NA,NA
AW6,MGTHTXN0_224,NA,224,GTH,NA,NA
AF5,MGTHTXP3_225,NA,225,GTH,NA,NA
AE2,MGTHRXP3_225,NA,225,GTH,NA,NA
AE1,MGTHRXN3_225,NA,225,GTH,NA,NA
AF4,MGTHTXN3_225,NA,225,GTH,NA,NA
AC7,MGTREFCLK1P_225,NA,225,GTH,NA,NA
AC6,MGTREFCLK1N_225,NA,225,GTH,NA,NA
AH5,MGTHTXP2_225,NA,225,GTH,NA,NA
AG2,MGTHRXP2_225,NA,225,GTH,NA,NA
AG1,MGTHRXN2_225,NA,225,GTH,NA,NA
AH4,MGTHTXN2_225,NA,225,GTH,NA,NA
AV6,MGTRREF_R,NA,NA,NA,NA,NA
AV7,MGTAVTTRCAL_R,NA,NA,NA,NA,NA
AK5,MGTHTXP1_225,NA,225,GTH,NA,NA
AJ2,MGTHRXP1_225,NA,225,GTH,NA,NA
AJ1,MGTHRXN1_225,NA,225,GTH,NA,NA
AK4,MGTHTXN1_225,NA,225,GTH,NA,NA
AE7,MGTREFCLK0P_225,NA,225,GTH,NA,NA
AE6,MGTREFCLK0N_225,NA,225,GTH,NA,NA
AM5,MGTHTXP0_225,NA,225,GTH,NA,NA
AL2,MGTHRXP0_225,NA,225,GTH,NA,NA
AL1,MGTHRXN0_225,NA,225,GTH,NA,NA
AM4,MGTHTXN0_225,NA,225,GTH,NA,NA
T5,MGTHTXP3_226,NA,226,GTH,NA,NA
U2,MGTHRXP3_226,NA,226,GTH,NA,NA
U1,MGTHRXN3_226,NA,226,GTH,NA,NA
T4,MGTHTXN3_226,NA,226,GTH,NA,NA
W7,MGTREFCLK1P_226,NA,226,GTH,NA,NA
W6,MGTREFCLK1N_226,NA,226,GTH,NA,NA
V5,MGTHTXP2_226,NA,226,GTH,NA,NA
W2,MGTHRXP2_226,NA,226,GTH,NA,NA
W1,MGTHRXN2_226,NA,226,GTH,NA,NA
V4,MGTHTXN2_226,NA,226,GTH,NA,NA
AB5,MGTHTXP1_226,NA,226,GTH,NA,NA
AA2,MGTHRXP1_226,NA,226,GTH,NA,NA
AA1,MGTHRXN1_226,NA,226,GTH,NA,NA
AB4,MGTHTXN1_226,NA,226,GTH,NA,NA
AA7,MGTREFCLK0P_226,NA,226,GTH,NA,NA
AA6,MGTREFCLK0N_226,NA,226,GTH,NA,NA
AD5,MGTHTXP0_226,NA,226,GTH,NA,NA
AC2,MGTHRXP0_226,NA,226,GTH,NA,NA
AC1,MGTHRXN0_226,NA,226,GTH,NA,NA
AD4,MGTHTXN0_226,NA,226,GTH,NA,NA
H5,MGTHTXP3_227,NA,227,GTH,NA,NA
J2,MGTHRXP3_227,NA,227,GTH,NA,NA
J1,MGTHRXN3_227,NA,227,GTH,NA,NA
H4,MGTHTXN3_227,NA,227,GTH,NA,NA
R7,MGTREFCLK1P_227,NA,227,GTH,NA,NA
R6,MGTREFCLK1N_227,NA,227,GTH,NA,NA
K5,MGTHTXP2_227,NA,227,GTH,NA,NA
L2,MGTHRXP2_227,NA,227,GTH,NA,NA
L1,MGTHRXN2_227,NA,227,GTH,NA,NA
K4,MGTHTXN2_227,NA,227,GTH,NA,NA
M5,MGTHTXP1_227,NA,227,GTH,NA,NA
N2,MGTHRXP1_227,NA,227,GTH,NA,NA
N1,MGTHRXN1_227,NA,227,GTH,NA,NA
M4,MGTHTXN1_227,NA,227,GTH,NA,NA
U7,MGTREFCLK0P_227,NA,227,GTH,NA,NA
U6,MGTREFCLK0N_227,NA,227,GTH,NA,NA
P5,MGTHTXP0_227,NA,227,GTH,NA,NA
R2,MGTHRXP0_227,NA,227,GTH,NA,NA
R1,MGTHRXN0_227,NA,227,GTH,NA,NA
P4,MGTHTXN0_227,NA,227,GTH,NA,NA
A7,MGTHTXP3_228,NA,228,GTH,NA,NA
B4,MGTHRXP3_228,NA,228,GTH,NA,NA
B3,MGTHRXN3_228,NA,228,GTH,NA,NA
A6,MGTHTXN3_228,NA,228,GTH,NA,NA
L7,MGTREFCLK1P_228,NA,228,GTH,NA,NA
L6,MGTREFCLK1N_228,NA,228,GTH,NA,NA
C7,MGTHTXP2_228,NA,228,GTH,NA,NA
C2,MGTHRXP2_228,NA,228,GTH,NA,NA
C1,MGTHRXN2_228,NA,228,GTH,NA,NA
C6,MGTHTXN2_228,NA,228,GTH,NA,NA
D5,MGTHTXP1_228,NA,228,GTH,NA,NA
E2,MGTHRXP1_228,NA,228,GTH,NA,NA
E1,MGTHRXN1_228,NA,228,GTH,NA,NA
D4,MGTHTXN1_228,NA,228,GTH,NA,NA
N7,MGTREFCLK0P_228,NA,228,GTH,NA,NA
N6,MGTREFCLK0N_228,NA,228,GTH,NA,NA
F5,MGTHTXP0_228,NA,228,GTH,NA,NA
G2,MGTHRXP0_228,NA,228,GTH,NA,NA
G1,MGTHRXN0_228,NA,228,GTH,NA,NA
F4,MGTHTXN0_228,NA,228,GTH,NA,NA
K34,MGTAVCC_L,NA,NA,NA,NA,NA
M33,MGTAVCC_L,NA,NA,NA,NA,NA
T33,MGTAVCC_L,NA,NA,NA,NA,NA
Y33,MGTAVCC_L,NA,NA,NA,NA,NA
Y35,MGTAVCC_L,NA,NA,NA,NA,NA
AD33,MGTAVCC_L,NA,NA,NA,NA,NA
AE35,MGTAVCC_L,NA,NA,NA,NA,NA
AH33,MGTAVCC_L,NA,NA,NA,NA,NA
AK34,MGTAVCC_L,NA,NA,NA,NA,NA
K6,MGTAVCC_R,NA,NA,NA,NA,NA
M7,MGTAVCC_R,NA,NA,NA,NA,NA
T7,MGTAVCC_R,NA,NA,NA,NA,NA
Y5,MGTAVCC_R,NA,NA,NA,NA,NA
Y7,MGTAVCC_R,NA,NA,NA,NA,NA
AD7,MGTAVCC_R,NA,NA,NA,NA,NA
AE5,MGTAVCC_R,NA,NA,NA,NA,NA
AH7,MGTAVCC_R,NA,NA,NA,NA,NA
AK6,MGTAVCC_R,NA,NA,NA,NA,NA
B33,MGTAVTT_L,NA,NA,NA,NA,NA
D34,MGTAVTT_L,NA,NA,NA,NA,NA
E35,MGTAVTT_L,NA,NA,NA,NA,NA
G35,MGTAVTT_L,NA,NA,NA,NA,NA
J35,MGTAVTT_L,NA,NA,NA,NA,NA
L35,MGTAVTT_L,NA,NA,NA,NA,NA
N35,MGTAVTT_L,NA,NA,NA,NA,NA
R35,MGTAVTT_L,NA,NA,NA,NA,NA
U35,MGTAVTT_L,NA,NA,NA,NA,NA
W36,MGTAVTT_L,NA,NA,NA,NA,NA
AA36,MGTAVTT_L,NA,NA,NA,NA,NA
AC35,MGTAVTT_L,NA,NA,NA,NA,NA
AG35,MGTAVTT_L,NA,NA,NA,NA,NA
AJ35,MGTAVTT_L,NA,NA,NA,NA,NA
AL35,MGTAVTT_L,NA,NA,NA,NA,NA
AN35,MGTAVTT_L,NA,NA,NA,NA,NA
AR35,MGTAVTT_L,NA,NA,NA,NA,NA
AT34,MGTAVTT_L,NA,NA,NA,NA,NA
B7,MGTAVTT_R,NA,NA,NA,NA,NA
D6,MGTAVTT_R,NA,NA,NA,NA,NA
E5,MGTAVTT_R,NA,NA,NA,NA,NA
G5,MGTAVTT_R,NA,NA,NA,NA,NA
J5,MGTAVTT_R,NA,NA,NA,NA,NA
L5,MGTAVTT_R,NA,NA,NA,NA,NA
N5,MGTAVTT_R,NA,NA,NA,NA,NA
R5,MGTAVTT_R,NA,NA,NA,NA,NA
U5,MGTAVTT_R,NA,NA,NA,NA,NA
W4,MGTAVTT_R,NA,NA,NA,NA,NA
AA4,MGTAVTT_R,NA,NA,NA,NA,NA
AC5,MGTAVTT_R,NA,NA,NA,NA,NA
AG5,MGTAVTT_R,NA,NA,NA,NA,NA
AJ5,MGTAVTT_R,NA,NA,NA,NA,NA
AL5,MGTAVTT_R,NA,NA,NA,NA,NA
AN5,MGTAVTT_R,NA,NA,NA,NA,NA
AR5,MGTAVTT_R,NA,NA,NA,NA,NA
AT6,MGTAVTT_R,NA,NA,NA,NA,NA
P33,MGTVCCAUX_L,NA,NA,NA,NA,NA
V33,MGTVCCAUX_L,NA,NA,NA,NA,NA
AB33,MGTVCCAUX_L,NA,NA,NA,NA,NA
AF33,MGTVCCAUX_L,NA,NA,NA,NA,NA
P7,MGTVCCAUX_R,NA,NA,NA,NA,NA
V7,MGTVCCAUX_R,NA,NA,NA,NA,NA
AB7,MGTVCCAUX_R,NA,NA,NA,NA,NA
AF7,MGTVCCAUX_R,NA,NA,NA,NA,NA
A2,GND,NA,NA,NA,NA,NA
A3,GND,NA,NA,NA,NA,NA
A4,GND,NA,NA,NA,NA,NA
A5,GND,NA,NA,NA,NA,NA
A8,GND,NA,NA,NA,NA,NA
A11,GND,NA,NA,NA,NA,NA
A21,GND,NA,NA,NA,NA,NA
A31,GND,NA,NA,NA,NA,NA
A32,GND,NA,NA,NA,NA,NA
A35,GND,NA,NA,NA,NA,NA
A36,GND,NA,NA,NA,NA,NA
A37,GND,NA,NA,NA,NA,NA
A38,GND,NA,NA,NA,NA,NA
B1,GND,NA,NA,NA,NA,NA
B2,GND,NA,NA,NA,NA,NA
B5,GND,NA,NA,NA,NA,NA
B6,GND,NA,NA,NA,NA,NA
B8,GND,NA,NA,NA,NA,NA
B18,GND,NA,NA,NA,NA,NA
B28,GND,NA,NA,NA,NA,NA
B32,GND,NA,NA,NA,NA,NA
B34,GND,NA,NA,NA,NA,NA
B35,GND,NA,NA,NA,NA,NA
B38,GND,NA,NA,NA,NA,NA
B39,GND,NA,NA,NA,NA,NA
C3,GND,NA,NA,NA,NA,NA
C4,GND,NA,NA,NA,NA,NA
C5,GND,NA,NA,NA,NA,NA
C8,GND,NA,NA,NA,NA,NA
C15,GND,NA,NA,NA,NA,NA
C25,GND,NA,NA,NA,NA,NA
C32,GND,NA,NA,NA,NA,NA
C35,GND,NA,NA,NA,NA,NA
C36,GND,NA,NA,NA,NA,NA
C37,GND,NA,NA,NA,NA,NA
D1,GND,NA,NA,NA,NA,NA
D2,GND,NA,NA,NA,NA,NA
D3,GND,NA,NA,NA,NA,NA
D7,GND,NA,NA,NA,NA,NA
D8,GND,NA,NA,NA,NA,NA
D12,GND,NA,NA,NA,NA,NA
D22,GND,NA,NA,NA,NA,NA
D32,GND,NA,NA,NA,NA,NA
D33,GND,NA,NA,NA,NA,NA
D37,GND,NA,NA,NA,NA,NA
D38,GND,NA,NA,NA,NA,NA
D39,GND,NA,NA,NA,NA,NA
E3,GND,NA,NA,NA,NA,NA
E4,GND,NA,NA,NA,NA,NA
E6,GND,NA,NA,NA,NA,NA
E7,GND,NA,NA,NA,NA,NA
E9,GND,NA,NA,NA,NA,NA
E19,GND,NA,NA,NA,NA,NA
E29,GND,NA,NA,NA,NA,NA
E33,GND,NA,NA,NA,NA,NA
E34,GND,NA,NA,NA,NA,NA
E36,GND,NA,NA,NA,NA,NA
E37,GND,NA,NA,NA,NA,NA
F1,GND,NA,NA,NA,NA,NA
F2,GND,NA,NA,NA,NA,NA
F3,GND,NA,NA,NA,NA,NA
F6,GND,NA,NA,NA,NA,NA
F16,GND,NA,NA,NA,NA,NA
F26,GND,NA,NA,NA,NA,NA
F34,GND,NA,NA,NA,NA,NA
F37,GND,NA,NA,NA,NA,NA
F38,GND,NA,NA,NA,NA,NA
F39,GND,NA,NA,NA,NA,NA
G3,GND,NA,NA,NA,NA,NA
G4,GND,NA,NA,NA,NA,NA
G6,GND,NA,NA,NA,NA,NA
G13,GND,NA,NA,NA,NA,NA
G23,GND,NA,NA,NA,NA,NA
G33,GND,NA,NA,NA,NA,NA
G34,GND,NA,NA,NA,NA,NA
G36,GND,NA,NA,NA,NA,NA
G37,GND,NA,NA,NA,NA,NA
H1,GND,NA,NA,NA,NA,NA
H2,GND,NA,NA,NA,NA,NA
H3,GND,NA,NA,NA,NA,NA
H6,GND,NA,NA,NA,NA,NA
H10,GND,NA,NA,NA,NA,NA
H20,GND,NA,NA,NA,NA,NA
H30,GND,NA,NA,NA,NA,NA
H34,GND,NA,NA,NA,NA,NA
H37,GND,NA,NA,NA,NA,NA
H38,GND,NA,NA,NA,NA,NA
H39,GND,NA,NA,NA,NA,NA
J3,GND,NA,NA,NA,NA,NA
J4,GND,NA,NA,NA,NA,NA
J6,GND,NA,NA,NA,NA,NA
J7,GND,NA,NA,NA,NA,NA
J17,GND,NA,NA,NA,NA,NA
J27,GND,NA,NA,NA,NA,NA
J33,GND,NA,NA,NA,NA,NA
J34,GND,NA,NA,NA,NA,NA
J36,GND,NA,NA,NA,NA,NA
J37,GND,NA,NA,NA,NA,NA
K1,GND,NA,NA,NA,NA,NA
K2,GND,NA,NA,NA,NA,NA
K3,GND,NA,NA,NA,NA,NA
K7,GND,NA,NA,NA,NA,NA
K8,GND,NA,NA,NA,NA,NA
K14,GND,NA,NA,NA,NA,NA
K24,GND,NA,NA,NA,NA,NA
K32,GND,NA,NA,NA,NA,NA
K33,GND,NA,NA,NA,NA,NA
K37,GND,NA,NA,NA,NA,NA
K38,GND,NA,NA,NA,NA,NA
K39,GND,NA,NA,NA,NA,NA
L3,GND,NA,NA,NA,NA,NA
L4,GND,NA,NA,NA,NA,NA
L8,GND,NA,NA,NA,NA,NA
L11,GND,NA,NA,NA,NA,NA
L21,GND,NA,NA,NA,NA,NA
L31,GND,NA,NA,NA,NA,NA
L32,GND,NA,NA,NA,NA,NA
L36,GND,NA,NA,NA,NA,NA
L37,GND,NA,NA,NA,NA,NA
M1,GND,NA,NA,NA,NA,NA
M2,GND,NA,NA,NA,NA,NA
M3,GND,NA,NA,NA,NA,NA
M6,GND,NA,NA,NA,NA,NA
M8,GND,NA,NA,NA,NA,NA
M18,GND,NA,NA,NA,NA,NA
M28,GND,NA,NA,NA,NA,NA
M32,GND,NA,NA,NA,NA,NA
M34,GND,NA,NA,NA,NA,NA
M37,GND,NA,NA,NA,NA,NA
M38,GND,NA,NA,NA,NA,NA
M39,GND,NA,NA,NA,NA,NA
N3,GND,NA,NA,NA,NA,NA
N4,GND,NA,NA,NA,NA,NA
N8,GND,NA,NA,NA,NA,NA
N15,GND,NA,NA,NA,NA,NA
N25,GND,NA,NA,NA,NA,NA
N32,GND,NA,NA,NA,NA,NA
N36,GND,NA,NA,NA,NA,NA
N37,GND,NA,NA,NA,NA,NA
P1,GND,NA,NA,NA,NA,NA
P2,GND,NA,NA,NA,NA,NA
P3,GND,NA,NA,NA,NA,NA
P6,GND,NA,NA,NA,NA,NA
P12,GND,NA,NA,NA,NA,NA
P22,GND,NA,NA,NA,NA,NA
P32,GND,NA,NA,NA,NA,NA
P34,GND,NA,NA,NA,NA,NA
P37,GND,NA,NA,NA,NA,NA
P38,GND,NA,NA,NA,NA,NA
P39,GND,NA,NA,NA,NA,NA
R3,GND,NA,NA,NA,NA,NA
R4,GND,NA,NA,NA,NA,NA
R9,GND,NA,NA,NA,NA,NA
R11,GND,NA,NA,NA,NA,NA
R13,GND,NA,NA,NA,NA,NA
R15,GND,NA,NA,NA,NA,NA
R17,GND,NA,NA,NA,NA,NA
R19,GND,NA,NA,NA,NA,NA
R21,GND,NA,NA,NA,NA,NA
R23,GND,NA,NA,NA,NA,NA
R25,GND,NA,NA,NA,NA,NA
R27,GND,NA,NA,NA,NA,NA
R29,GND,NA,NA,NA,NA,NA
R31,GND,NA,NA,NA,NA,NA
R32,GND,NA,NA,NA,NA,NA
R36,GND,NA,NA,NA,NA,NA
R37,GND,NA,NA,NA,NA,NA
T1,GND,NA,NA,NA,NA,NA
T2,GND,NA,NA,NA,NA,NA
T3,GND,NA,NA,NA,NA,NA
T6,GND,NA,NA,NA,NA,NA
T8,GND,NA,NA,NA,NA,NA
T12,GND,NA,NA,NA,NA,NA
T14,GND,NA,NA,NA,NA,NA
T16,GND,NA,NA,NA,NA,NA
T18,GND,NA,NA,NA,NA,NA
T20,GND,NA,NA,NA,NA,NA
T22,GND,NA,NA,NA,NA,NA
T24,GND,NA,NA,NA,NA,NA
T26,GND,NA,NA,NA,NA,NA
T28,GND,NA,NA,NA,NA,NA
T30,GND,NA,NA,NA,NA,NA
T32,GND,NA,NA,NA,NA,NA
T34,GND,NA,NA,NA,NA,NA
T37,GND,NA,NA,NA,NA,NA
T38,GND,NA,NA,NA,NA,NA
T39,GND,NA,NA,NA,NA,NA
U3,GND,NA,NA,NA,NA,NA
U4,GND,NA,NA,NA,NA,NA
U11,GND,NA,NA,NA,NA,NA
U13,GND,NA,NA,NA,NA,NA
U15,GND,NA,NA,NA,NA,NA
U17,GND,NA,NA,NA,NA,NA
U19,GND,NA,NA,NA,NA,NA
U21,GND,NA,NA,NA,NA,NA
U23,GND,NA,NA,NA,NA,NA
U25,GND,NA,NA,NA,NA,NA
U27,GND,NA,NA,NA,NA,NA
U29,GND,NA,NA,NA,NA,NA
U31,GND,NA,NA,NA,NA,NA
U32,GND,NA,NA,NA,NA,NA
U36,GND,NA,NA,NA,NA,NA
U37,GND,NA,NA,NA,NA,NA
V1,GND,NA,NA,NA,NA,NA
V2,GND,NA,NA,NA,NA,NA
V3,GND,NA,NA,NA,NA,NA
V6,GND,NA,NA,NA,NA,NA
V12,GND,NA,NA,NA,NA,NA
V14,GND,NA,NA,NA,NA,NA
V16,GND,NA,NA,NA,NA,NA
V18,GND,NA,NA,NA,NA,NA
V20,GND,NA,NA,NA,NA,NA
V22,GND,NA,NA,NA,NA,NA
V24,GND,NA,NA,NA,NA,NA
V26,GND,NA,NA,NA,NA,NA
V28,GND,NA,NA,NA,NA,NA
V30,GND,NA,NA,NA,NA,NA
V32,GND,NA,NA,NA,NA,NA
V34,GND,NA,NA,NA,NA,NA
V37,GND,NA,NA,NA,NA,NA
V38,GND,NA,NA,NA,NA,NA
V39,GND,NA,NA,NA,NA,NA
W3,GND,NA,NA,NA,NA,NA
W5,GND,NA,NA,NA,NA,NA
W8,GND,NA,NA,NA,NA,NA
W10,GND,NA,NA,NA,NA,NA
W11,GND,NA,NA,NA,NA,NA
W13,GND,NA,NA,NA,NA,NA
W17,GND,NA,NA,NA,NA,NA
W19,GND,NA,NA,NA,NA,NA
W21,GND,NA,NA,NA,NA,NA
W23,GND,NA,NA,NA,NA,NA
W25,GND,NA,NA,NA,NA,NA
W27,GND,NA,NA,NA,NA,NA
W29,GND,NA,NA,NA,NA,NA
W31,GND,NA,NA,NA,NA,NA
W32,GND,NA,NA,NA,NA,NA
W35,GND,NA,NA,NA,NA,NA
W37,GND,NA,NA,NA,NA,NA
Y1,GND,NA,NA,NA,NA,NA
Y2,GND,NA,NA,NA,NA,NA
Y3,GND,NA,NA,NA,NA,NA
Y4,GND,NA,NA,NA,NA,NA
Y6,GND,NA,NA,NA,NA,NA
Y12,GND,NA,NA,NA,NA,NA
Y14,GND,NA,NA,NA,NA,NA
Y18,GND,NA,NA,NA,NA,NA
Y20,GND,NA,NA,NA,NA,NA
Y22,GND,NA,NA,NA,NA,NA
Y24,GND,NA,NA,NA,NA,NA
Y26,GND,NA,NA,NA,NA,NA
Y28,GND,NA,NA,NA,NA,NA
Y30,GND,NA,NA,NA,NA,NA
Y32,GND,NA,NA,NA,NA,NA
Y34,GND,NA,NA,NA,NA,NA
Y36,GND,NA,NA,NA,NA,NA
Y37,GND,NA,NA,NA,NA,NA
Y38,GND,NA,NA,NA,NA,NA
Y39,GND,NA,NA,NA,NA,NA
AA3,GND,NA,NA,NA,NA,NA
AA5,GND,NA,NA,NA,NA,NA
AA8,GND,NA,NA,NA,NA,NA
AA10,GND,NA,NA,NA,NA,NA
AA11,GND,NA,NA,NA,NA,NA
AA13,GND,NA,NA,NA,NA,NA
AA17,GND,NA,NA,NA,NA,NA
AA19,GND,NA,NA,NA,NA,NA
AA21,GND,NA,NA,NA,NA,NA
AA23,GND,NA,NA,NA,NA,NA
AA25,GND,NA,NA,NA,NA,NA
AA27,GND,NA,NA,NA,NA,NA
AA29,GND,NA,NA,NA,NA,NA
AA31,GND,NA,NA,NA,NA,NA
AA32,GND,NA,NA,NA,NA,NA
AA35,GND,NA,NA,NA,NA,NA
AA37,GND,NA,NA,NA,NA,NA
AB1,GND,NA,NA,NA,NA,NA
AB2,GND,NA,NA,NA,NA,NA
AB3,GND,NA,NA,NA,NA,NA
AB6,GND,NA,NA,NA,NA,NA
AB12,GND,NA,NA,NA,NA,NA
AB14,GND,NA,NA,NA,NA,NA
AB18,GND,NA,NA,NA,NA,NA
AB20,GND,NA,NA,NA,NA,NA
AB22,GND,NA,NA,NA,NA,NA
AB24,GND,NA,NA,NA,NA,NA
AB26,GND,NA,NA,NA,NA,NA
AB28,GND,NA,NA,NA,NA,NA
AB30,GND,NA,NA,NA,NA,NA
AB32,GND,NA,NA,NA,NA,NA
AB34,GND,NA,NA,NA,NA,NA
AB37,GND,NA,NA,NA,NA,NA
AB38,GND,NA,NA,NA,NA,NA
AB39,GND,NA,NA,NA,NA,NA
AC3,GND,NA,NA,NA,NA,NA
AC4,GND,NA,NA,NA,NA,NA
AC11,GND,NA,NA,NA,NA,NA
AC13,GND,NA,NA,NA,NA,NA
AC15,GND,NA,NA,NA,NA,NA
AC17,GND,NA,NA,NA,NA,NA
AC19,GND,NA,NA,NA,NA,NA
AC21,GND,NA,NA,NA,NA,NA
AC23,GND,NA,NA,NA,NA,NA
AC25,GND,NA,NA,NA,NA,NA
AC27,GND,NA,NA,NA,NA,NA
AC29,GND,NA,NA,NA,NA,NA
AC31,GND,NA,NA,NA,NA,NA
AC32,GND,NA,NA,NA,NA,NA
AC36,GND,NA,NA,NA,NA,NA
AC37,GND,NA,NA,NA,NA,NA
AD1,GND,NA,NA,NA,NA,NA
AD2,GND,NA,NA,NA,NA,NA
AD3,GND,NA,NA,NA,NA,NA
AD6,GND,NA,NA,NA,NA,NA
AD12,GND,NA,NA,NA,NA,NA
AD14,GND,NA,NA,NA,NA,NA
AD16,GND,NA,NA,NA,NA,NA
AD18,GND,NA,NA,NA,NA,NA
AD20,GND,NA,NA,NA,NA,NA
AD22,GND,NA,NA,NA,NA,NA
AD24,GND,NA,NA,NA,NA,NA
AD26,GND,NA,NA,NA,NA,NA
AD28,GND,NA,NA,NA,NA,NA
AD30,GND,NA,NA,NA,NA,NA
AD32,GND,NA,NA,NA,NA,NA
AD34,GND,NA,NA,NA,NA,NA
AD37,GND,NA,NA,NA,NA,NA
AD38,GND,NA,NA,NA,NA,NA
AD39,GND,NA,NA,NA,NA,NA
AE3,GND,NA,NA,NA,NA,NA
AE4,GND,NA,NA,NA,NA,NA
AE9,GND,NA,NA,NA,NA,NA
AE11,GND,NA,NA,NA,NA,NA
AE13,GND,NA,NA,NA,NA,NA
AE15,GND,NA,NA,NA,NA,NA
AE17,GND,NA,NA,NA,NA,NA
AE19,GND,NA,NA,NA,NA,NA
AE21,GND,NA,NA,NA,NA,NA
AE23,GND,NA,NA,NA,NA,NA
AE25,GND,NA,NA,NA,NA,NA
AE27,GND,NA,NA,NA,NA,NA
AE29,GND,NA,NA,NA,NA,NA
AE31,GND,NA,NA,NA,NA,NA
AE32,GND,NA,NA,NA,NA,NA
AE36,GND,NA,NA,NA,NA,NA
AE37,GND,NA,NA,NA,NA,NA
AF1,GND,NA,NA,NA,NA,NA
AF2,GND,NA,NA,NA,NA,NA
AF3,GND,NA,NA,NA,NA,NA
AF6,GND,NA,NA,NA,NA,NA
AF14,GND,NA,NA,NA,NA,NA
AF24,GND,NA,NA,NA,NA,NA
AF32,GND,NA,NA,NA,NA,NA
AF34,GND,NA,NA,NA,NA,NA
AF37,GND,NA,NA,NA,NA,NA
AF38,GND,NA,NA,NA,NA,NA
AF39,GND,NA,NA,NA,NA,NA
AG3,GND,NA,NA,NA,NA,NA
AG4,GND,NA,NA,NA,NA,NA
AG8,GND,NA,NA,NA,NA,NA
AG11,GND,NA,NA,NA,NA,NA
AG21,GND,NA,NA,NA,NA,NA
AG31,GND,NA,NA,NA,NA,NA
AG32,GND,NA,NA,NA,NA,NA
AG36,GND,NA,NA,NA,NA,NA
AG37,GND,NA,NA,NA,NA,NA
AH1,GND,NA,NA,NA,NA,NA
AH2,GND,NA,NA,NA,NA,NA
AH3,GND,NA,NA,NA,NA,NA
AH6,GND,NA,NA,NA,NA,NA
AH8,GND,NA,NA,NA,NA,NA
AH18,GND,NA,NA,NA,NA,NA
AH28,GND,NA,NA,NA,NA,NA
AH32,GND,NA,NA,NA,NA,NA
AH34,GND,NA,NA,NA,NA,NA
AH37,GND,NA,NA,NA,NA,NA
AH38,GND,NA,NA,NA,NA,NA
AH39,GND,NA,NA,NA,NA,NA
AJ3,GND,NA,NA,NA,NA,NA
AJ4,GND,NA,NA,NA,NA,NA
AJ8,GND,NA,NA,NA,NA,NA
AJ15,GND,NA,NA,NA,NA,NA
AJ25,GND,NA,NA,NA,NA,NA
AJ32,GND,NA,NA,NA,NA,NA
AJ36,GND,NA,NA,NA,NA,NA
AJ37,GND,NA,NA,NA,NA,NA
AK1,GND,NA,NA,NA,NA,NA
AK2,GND,NA,NA,NA,NA,NA
AK3,GND,NA,NA,NA,NA,NA
AK7,GND,NA,NA,NA,NA,NA
AK8,GND,NA,NA,NA,NA,NA
AK12,GND,NA,NA,NA,NA,NA
AK22,GND,NA,NA,NA,NA,NA
AK32,GND,NA,NA,NA,NA,NA
AK33,GND,NA,NA,NA,NA,NA
AK37,GND,NA,NA,NA,NA,NA
AK38,GND,NA,NA,NA,NA,NA
AK39,GND,NA,NA,NA,NA,NA
AL3,GND,NA,NA,NA,NA,NA
AL4,GND,NA,NA,NA,NA,NA
AL6,GND,NA,NA,NA,NA,NA
AL7,GND,NA,NA,NA,NA,NA
AL9,GND,NA,NA,NA,NA,NA
AL19,GND,NA,NA,NA,NA,NA
AL29,GND,NA,NA,NA,NA,NA
AL33,GND,NA,NA,NA,NA,NA
AL34,GND,NA,NA,NA,NA,NA
AL36,GND,NA,NA,NA,NA,NA
AL37,GND,NA,NA,NA,NA,NA
AM1,GND,NA,NA,NA,NA,NA
AM2,GND,NA,NA,NA,NA,NA
AM3,GND,NA,NA,NA,NA,NA
AM6,GND,NA,NA,NA,NA,NA
AM16,GND,NA,NA,NA,NA,NA
AM26,GND,NA,NA,NA,NA,NA
AM34,GND,NA,NA,NA,NA,NA
AM37,GND,NA,NA,NA,NA,NA
AM38,GND,NA,NA,NA,NA,NA
AM39,GND,NA,NA,NA,NA,NA
AN3,GND,NA,NA,NA,NA,NA
AN4,GND,NA,NA,NA,NA,NA
AN6,GND,NA,NA,NA,NA,NA
AN13,GND,NA,NA,NA,NA,NA
AN23,GND,NA,NA,NA,NA,NA
AN34,GND,NA,NA,NA,NA,NA
AN36,GND,NA,NA,NA,NA,NA
AN37,GND,NA,NA,NA,NA,NA
AP1,GND,NA,NA,NA,NA,NA
AP2,GND,NA,NA,NA,NA,NA
AP3,GND,NA,NA,NA,NA,NA
AP6,GND,NA,NA,NA,NA,NA
AP10,GND,NA,NA,NA,NA,NA
AP20,GND,NA,NA,NA,NA,NA
AP30,GND,NA,NA,NA,NA,NA
AP34,GND,NA,NA,NA,NA,NA
AP37,GND,NA,NA,NA,NA,NA
AP38,GND,NA,NA,NA,NA,NA
AP39,GND,NA,NA,NA,NA,NA
AR3,GND,NA,NA,NA,NA,NA
AR4,GND,NA,NA,NA,NA,NA
AR6,GND,NA,NA,NA,NA,NA
AR7,GND,NA,NA,NA,NA,NA
AR17,GND,NA,NA,NA,NA,NA
AR27,GND,NA,NA,NA,NA,NA
AR33,GND,NA,NA,NA,NA,NA
AR34,GND,NA,NA,NA,NA,NA
AR36,GND,NA,NA,NA,NA,NA
AR37,GND,NA,NA,NA,NA,NA
AT1,GND,NA,NA,NA,NA,NA
AT2,GND,NA,NA,NA,NA,NA
AT3,GND,NA,NA,NA,NA,NA
AT7,GND,NA,NA,NA,NA,NA
AT8,GND,NA,NA,NA,NA,NA
AT14,GND,NA,NA,NA,NA,NA
AT24,GND,NA,NA,NA,NA,NA
AT32,GND,NA,NA,NA,NA,NA
AT33,GND,NA,NA,NA,NA,NA
AT37,GND,NA,NA,NA,NA,NA
AT38,GND,NA,NA,NA,NA,NA
AT39,GND,NA,NA,NA,NA,NA
AU3,GND,NA,NA,NA,NA,NA
AU4,GND,NA,NA,NA,NA,NA
AU5,GND,NA,NA,NA,NA,NA
AU8,GND,NA,NA,NA,NA,NA
AU11,GND,NA,NA,NA,NA,NA
AU21,GND,NA,NA,NA,NA,NA
AU31,GND,NA,NA,NA,NA,NA
AU32,GND,NA,NA,NA,NA,NA
AU35,GND,NA,NA,NA,NA,NA
AU36,GND,NA,NA,NA,NA,NA
AU37,GND,NA,NA,NA,NA,NA
AV1,GND,NA,NA,NA,NA,NA
AV2,GND,NA,NA,NA,NA,NA
AV5,GND,NA,NA,NA,NA,NA
AV8,GND,NA,NA,NA,NA,NA
AV18,GND,NA,NA,NA,NA,NA
AV28,GND,NA,NA,NA,NA,NA
AV32,GND,NA,NA,NA,NA,NA
AV35,GND,NA,NA,NA,NA,NA
AV38,GND,NA,NA,NA,NA,NA
AV39,GND,NA,NA,NA,NA,NA
AW2,GND,NA,NA,NA,NA,NA
AW3,GND,NA,NA,NA,NA,NA
AW4,GND,NA,NA,NA,NA,NA
AW5,GND,NA,NA,NA,NA,NA
AW8,GND,NA,NA,NA,NA,NA
AW15,GND,NA,NA,NA,NA,NA
AW25,GND,NA,NA,NA,NA,NA
AW32,GND,NA,NA,NA,NA,NA
AW35,GND,NA,NA,NA,NA,NA
AW36,GND,NA,NA,NA,NA,NA
AW37,GND,NA,NA,NA,NA,NA
AW38,GND,NA,NA,NA,NA,NA
P13,VCCINT,NA,NA,NA,NA,NA
P15,VCCINT,NA,NA,NA,NA,NA
P17,VCCINT,NA,NA,NA,NA,NA
P19,VCCINT,NA,NA,NA,NA,NA
R12,VCCINT,NA,NA,NA,NA,NA
R14,VCCINT,NA,NA,NA,NA,NA
R16,VCCINT,NA,NA,NA,NA,NA
R18,VCCINT,NA,NA,NA,NA,NA
R20,VCCINT,NA,NA,NA,NA,NA
R22,VCCINT,NA,NA,NA,NA,NA
T11,VCCINT,NA,NA,NA,NA,NA
T13,VCCINT,NA,NA,NA,NA,NA
T15,VCCINT,NA,NA,NA,NA,NA
T17,VCCINT,NA,NA,NA,NA,NA
T19,VCCINT,NA,NA,NA,NA,NA
T21,VCCINT,NA,NA,NA,NA,NA
T23,VCCINT,NA,NA,NA,NA,NA
U12,VCCINT,NA,NA,NA,NA,NA
U14,VCCINT,NA,NA,NA,NA,NA
U16,VCCINT,NA,NA,NA,NA,NA
U18,VCCINT,NA,NA,NA,NA,NA
U20,VCCINT,NA,NA,NA,NA,NA
U22,VCCINT,NA,NA,NA,NA,NA
V13,VCCINT,NA,NA,NA,NA,NA
V15,VCCINT,NA,NA,NA,NA,NA
V17,VCCINT,NA,NA,NA,NA,NA
V19,VCCINT,NA,NA,NA,NA,NA
V21,VCCINT,NA,NA,NA,NA,NA
V23,VCCINT,NA,NA,NA,NA,NA
W12,VCCINT,NA,NA,NA,NA,NA
W14,VCCINT,NA,NA,NA,NA,NA
W18,VCCINT,NA,NA,NA,NA,NA
W20,VCCINT,NA,NA,NA,NA,NA
W22,VCCINT,NA,NA,NA,NA,NA
Y13,VCCINT,NA,NA,NA,NA,NA
Y17,VCCINT,NA,NA,NA,NA,NA
Y19,VCCINT,NA,NA,NA,NA,NA
Y21,VCCINT,NA,NA,NA,NA,NA
Y23,VCCINT,NA,NA,NA,NA,NA
AA12,VCCINT,NA,NA,NA,NA,NA
AA14,VCCINT,NA,NA,NA,NA,NA
AA18,VCCINT,NA,NA,NA,NA,NA
AA20,VCCINT,NA,NA,NA,NA,NA
AA22,VCCINT,NA,NA,NA,NA,NA
AB13,VCCINT,NA,NA,NA,NA,NA
AB17,VCCINT,NA,NA,NA,NA,NA
AB19,VCCINT,NA,NA,NA,NA,NA
AB21,VCCINT,NA,NA,NA,NA,NA
AB23,VCCINT,NA,NA,NA,NA,NA
AC12,VCCINT,NA,NA,NA,NA,NA
AC14,VCCINT,NA,NA,NA,NA,NA
AC16,VCCINT,NA,NA,NA,NA,NA
AC18,VCCINT,NA,NA,NA,NA,NA
AC20,VCCINT,NA,NA,NA,NA,NA
AC22,VCCINT,NA,NA,NA,NA,NA
AD11,VCCINT,NA,NA,NA,NA,NA
AD13,VCCINT,NA,NA,NA,NA,NA
AD15,VCCINT,NA,NA,NA,NA,NA
AD17,VCCINT,NA,NA,NA,NA,NA
AD19,VCCINT,NA,NA,NA,NA,NA
AD21,VCCINT,NA,NA,NA,NA,NA
AD23,VCCINT,NA,NA,NA,NA,NA
AE12,VCCINT,NA,NA,NA,NA,NA
AE14,VCCINT,NA,NA,NA,NA,NA
AE16,VCCINT,NA,NA,NA,NA,NA
AE18,VCCINT,NA,NA,NA,NA,NA
AE20,VCCINT,NA,NA,NA,NA,NA
AE22,VCCINT,NA,NA,NA,NA,NA
AF13,VCCINT,NA,NA,NA,NA,NA
AF17,VCCINT,NA,NA,NA,NA,NA
P31,VCCAUX,NA,NA,NA,NA,NA
R30,VCCAUX,NA,NA,NA,NA,NA
T31,VCCAUX,NA,NA,NA,NA,NA
U30,VCCAUX,NA,NA,NA,NA,NA
V31,VCCAUX,NA,NA,NA,NA,NA
W30,VCCAUX,NA,NA,NA,NA,NA
Y31,VCCAUX,NA,NA,NA,NA,NA
AA30,VCCAUX,NA,NA,NA,NA,NA
AB31,VCCAUX,NA,NA,NA,NA,NA
AC30,VCCAUX,NA,NA,NA,NA,NA
AD31,VCCAUX,NA,NA,NA,NA,NA
AE30,VCCAUX,NA,NA,NA,NA,NA
AF31,VCCAUX,NA,NA,NA,NA,NA
R26,VCCAUX_IO,NA,NA,NA,NA,NA
R28,VCCAUX_IO,NA,NA,NA,NA,NA
T27,VCCAUX_IO,NA,NA,NA,NA,NA
T29,VCCAUX_IO,NA,NA,NA,NA,NA
U26,VCCAUX_IO,NA,NA,NA,NA,NA
U28,VCCAUX_IO,NA,NA,NA,NA,NA
V27,VCCAUX_IO,NA,NA,NA,NA,NA
V29,VCCAUX_IO,NA,NA,NA,NA,NA
W26,VCCAUX_IO,NA,NA,NA,NA,NA
W28,VCCAUX_IO,NA,NA,NA,NA,NA
Y27,VCCAUX_IO,NA,NA,NA,NA,NA
Y29,VCCAUX_IO,NA,NA,NA,NA,NA
AA26,VCCAUX_IO,NA,NA,NA,NA,NA
AA28,VCCAUX_IO,NA,NA,NA,NA,NA
AB27,VCCAUX_IO,NA,NA,NA,NA,NA
AB29,VCCAUX_IO,NA,NA,NA,NA,NA
AC26,VCCAUX_IO,NA,NA,NA,NA,NA
AC28,VCCAUX_IO,NA,NA,NA,NA,NA
AD27,VCCAUX_IO,NA,NA,NA,NA,NA
AD29,VCCAUX_IO,NA,NA,NA,NA,NA
AE26,VCCAUX_IO,NA,NA,NA,NA,NA
AE28,VCCAUX_IO,NA,NA,NA,NA,NA
W9,VCCO_0,NA,0,NA,NA,NA
AA9,VCCO_0,NA,0,NA,NA,NA
C30,VCCO_44,NA,44,NA,NA,NA
F31,VCCO_44,NA,44,NA,NA,NA
G28,VCCO_44,NA,44,NA,NA,NA
J32,VCCO_44,NA,44,NA,NA,NA
K29,VCCO_44,NA,44,NA,NA,NA
N30,VCCO_44,NA,44,NA,NA,NA
P27,VCCO_44,NA,44,NA,NA,NA
A26,VCCO_45,NA,45,NA,NA,NA
B23,VCCO_45,NA,45,NA,NA,NA
D27,VCCO_45,NA,45,NA,NA,NA
E24,VCCO_45,NA,45,NA,NA,NA
H25,VCCO_45,NA,45,NA,NA,NA
L26,VCCO_45,NA,45,NA,NA,NA
M23,VCCO_45,NA,45,NA,NA,NA
C20,VCCO_46,NA,46,NA,NA,NA
F21,VCCO_46,NA,46,NA,NA,NA
G18,VCCO_46,NA,46,NA,NA,NA
J22,VCCO_46,NA,46,NA,NA,NA
K19,VCCO_46,NA,46,NA,NA,NA
N20,VCCO_46,NA,46,NA,NA,NA
C10,VCCO_47,NA,47,NA,NA,NA
F11,VCCO_47,NA,47,NA,NA,NA
G8,VCCO_47,NA,47,NA,NA,NA
J12,VCCO_47,NA,47,NA,NA,NA
K9,VCCO_47,NA,47,NA,NA,NA
N10,VCCO_47,NA,47,NA,NA,NA
A16,VCCO_48,NA,48,NA,NA,NA
B13,VCCO_48,NA,48,NA,NA,NA
D17,VCCO_48,NA,48,NA,NA,NA
E14,VCCO_48,NA,48,NA,NA,NA
H15,VCCO_48,NA,48,NA,NA,NA
L16,VCCO_48,NA,48,NA,NA,NA
M13,VCCO_48,NA,48,NA,NA,NA
AF29,VCCO_65,NA,65,NA,NA,NA
AJ30,VCCO_65,NA,65,NA,NA,NA
AM31,VCCO_65,NA,65,NA,NA,NA
AN28,VCCO_65,NA,65,NA,NA,NA
AR32,VCCO_65,NA,65,NA,NA,NA
AT29,VCCO_65,NA,65,NA,NA,NA
AW30,VCCO_65,NA,65,NA,NA,NA
AF19,VCCO_66,NA,66,NA,NA,NA
AJ20,VCCO_66,NA,66,NA,NA,NA
AM21,VCCO_66,NA,66,NA,NA,NA
AN18,VCCO_66,NA,66,NA,NA,NA
AT19,VCCO_66,NA,66,NA,NA,NA
AW20,VCCO_66,NA,66,NA,NA,NA
AG16,VCCO_67,NA,67,NA,NA,NA
AH13,VCCO_67,NA,67,NA,NA,NA
AK17,VCCO_67,NA,67,NA,NA,NA
AL14,VCCO_67,NA,67,NA,NA,NA
AP15,VCCO_67,NA,67,NA,NA,NA
AU16,VCCO_67,NA,67,NA,NA,NA
AV13,VCCO_67,NA,67,NA,NA,NA
AF9,VCCO_68,NA,68,NA,NA,NA
AJ10,VCCO_68,NA,68,NA,NA,NA
AM11,VCCO_68,NA,68,NA,NA,NA
AN8,VCCO_68,NA,68,NA,NA,NA
AR12,VCCO_68,NA,68,NA,NA,NA
AT9,VCCO_68,NA,68,NA,NA,NA
AW10,VCCO_68,NA,68,NA,NA,NA
AG26,VCCO_84,NA,84,NA,NA,NA
AH23,VCCO_84,NA,84,NA,NA,NA
AK27,VCCO_84,NA,84,NA,NA,NA
AL24,VCCO_84,NA,84,NA,NA,NA
AP25,VCCO_94,NA,94,NA,NA,NA
AR22,VCCO_94,NA,94,NA,NA,NA
AU26,VCCO_94,NA,94,NA,NA,NA
AV23,VCCO_94,NA,94,NA,NA,NA
R24,VCCINT_IO,NA,NA,NA,NA,NA
T25,VCCINT_IO,NA,NA,NA,NA,NA
U24,VCCINT_IO,NA,NA,NA,NA,NA
V25,VCCINT_IO,NA,NA,NA,NA,NA
W24,VCCINT_IO,NA,NA,NA,NA,NA
Y25,VCCINT_IO,NA,NA,NA,NA,NA
AA24,VCCINT_IO,NA,NA,NA,NA,NA
AB25,VCCINT_IO,NA,NA,NA,NA,NA
AC24,VCCINT_IO,NA,NA,NA,NA,NA
AD25,VCCINT_IO,NA,NA,NA,NA,NA
AE24,VCCINT_IO,NA,NA,NA,NA,NA
AF25,VCCINT_IO,NA,NA,NA,NA,NA
R10,VCCBRAM,NA,NA,NA,NA,NA
T9,VCCBRAM,NA,NA,NA,NA,NA
U10,VCCBRAM,NA,NA,NA,NA,NA
V9,VCCBRAM,NA,NA,NA,NA,NA
V11,VCCBRAM,NA,NA,NA,NA,NA
Y11,VCCBRAM,NA,NA,NA,NA,NA
AB9,VCCBRAM,NA,NA,NA,NA,NA
AB11,VCCBRAM,NA,NA,NA,NA,NA
AC10,VCCBRAM,NA,NA,NA,NA,NA
AD9,VCCBRAM,NA,NA,NA,NA,NA
AE10,VCCBRAM,NA,NA,NA,NA,NA
AF11,VCCBRAM,NA,NA,NA,NA,NA
,,,,,,
Total Number of Pins, 1517,,,,,,
