"#  (c) Copyright 2016 Xilinx, Inc. All rights reserved."
"# "
"#  This file contains confidential and proprietary information"
"#  of Xilinx, Inc. and is protected under U.S. and"
"#  international copyright and other intellectual property"
"#  laws."
"# "
"#  DISCLAIMER"
"#  This disclaimer is not a license and does not grant any"
"#  rights to the materials distributed herewith. Except as"
"#  otherwise provided in a valid license issued to you by"
"#  Xilinx, and to the maximum extent permitted by applicable"
"#  law: (1) THESE MATERIALS ARE MADE AVAILABLE ""AS IS"" AND"
"#  WITH ALL FAULTS, AND XILINX HEREBY DISCLAIMS ALL WARRANTIES"
"#  AND CONDITIONS, EXPRESS, IMPLIED, OR STATUTORY, INCLUDING"
"#  BUT NOT LIMITED TO WARRANTIES OF MERCHANTABILITY, NON-"
"#  INFRINGEMENT, OR FITNESS FOR ANY PARTICULAR PURPOSE; and"
"#  (2) Xilinx shall not be liable (whether in contract or tort,"
"#  including negligence, or under any other theory of"
"#  liability) for any loss or damage of any kind or nature"
"#  related to, arising under or in connection with these"
"#  materials, including for any direct, or any indirect,"
"#  special, incidental, or consequential loss or damage"
"#  (including loss of data, profits, goodwill, or any type of"
"#  loss or damage suffered as a result of any action brought"
"#  by a third party) even if such damage or loss was"
"#  reasonably foreseeable or Xilinx had been advised of the"
"#  possibility of the same."
"# "
"#  CRITICAL APPLICATIONS"
"#  Xilinx products are not designed or intended to be fail-"
"#  safe, or for use in any application requiring fail-safe"
"#  performance, such as life-support or safety devices or"
"#  systems, Class III medical devices, nuclear facilities,"
"#  applications related to the deployment of airbags, or any"
"#  other applications that could lead to death, personal"
"#  injury, or severe property or environmental damage"
"#  (individually and collectively, ""Critical"
"#  Applications""). Customer assumes the sole risk and"
"#  liability of any use of Xilinx products in Critical"
"#  Applications, subject only to applicable laws and"
"#  regulations governing limitations on product liability."
"# "
"#  THIS COPYRIGHT NOTICE AND DISCLAIMER MUST BE RETAINED AS"
"#  PART OF THIS FILE AT ALL TIMES."
"# "
"#----------------------------------------------------------------------"
"#  ASCII Pinout File"
"# "
"#  Device   : xcvu35pfsvh2104"
"#  Date     : 11/10/2017 11:31:50"
"#  Revision : 1.0"
"#  Status   : Engineering Sample"
"# "
"#  Engineering Sample pkg specifications are based on a released"
"#  package design and validated with ES engineering sample"
"#  (ES) devices. Package specifications with this designation"
"#  are considered stable, however some pinout and mechanical"
"#  specifications might change prior to the production release"
"#  of the particular device. Package pinouts with this"
"#  designation are to be used for PCB and Vivado designs"
"#  using ES devices."
"# "
"#----------------------------------------------------------------------"
"#  Modification History"
"#  | Date    : 5/16/2017"
"#  | Revision: 0.1"
"#  | Status  : Evaluation Only"
"#  | Details : Initial pkg file"
"#----------------------------------------------------------------------"
"#  | Date    : 5/18/2017"
"#  | Revision: 0.2"
"#  | Status  : Evaluation Only"
"#  | Details : Swap bank 43 & 83"
"#----------------------------------------------------------------------"
"#  | Date    : 6/16/2017"
"#  | Revision: 0.3"
"#  | Status  : Evaluation Only"
"#  | Details : Layout update to incorporate 50u growth in shim"
"#----------------------------------------------------------------------"
"#  | Date    : 8/30/2017"
"#  | Revision: 0.4"
"#  | Status  : Evaluation Only"
"#  | Details : Frozen C4 bumps"
"#----------------------------------------------------------------------"
"#  | Date    : 10/9/2017"
"#  | Revision: 0.5"
"#  | Status  : Evaluation Only"
"#  | Details : Changed one mech_dummy C4 bump to VCCO18 C4 bump"
"#  | and one VCCBRAM_2 C4 bump to VCCBRAM_1 C4 bump"
"#----------------------------------------------------------------------"
"#  | Date    : 10/12/2017"
"#  | Revision: 0.6"
"#  | Status  : Evaluation Only"
"#  | Details : Converted mech_dummy to VCCINT/VCCINT_IO as per Packaging team request"
"#----------------------------------------------------------------------"
"#  | Date    : 11/1/2017"
"#  | Revision: 0.7"
"#  | Status  : Evaluation Only"
"#  | Details : Updated pkg file in new format with 9th column for bonded out pins"
"#----------------------------------------------------------------------"
"#  | Date    : 11/10/2017"
"#  | Revision: 1.0"
"#  | Status  : Engineering Sample"
"#  | Details : Updated to Engineering_Sample"
"#----------------------------------------------------------------------"
,,,,,
Pin,Pin Name,Memory Byte Group,Bank,I/O Type,Super Logic Region
BA6,CCLK_0,NA,0,CONFIG,0
BA9,RSVDGND,NA,NA,NA,0
AW7,D00_MOSI_0,NA,0,CONFIG,0
AV7,D01_DIN_0,NA,0,CONFIG,0
AW8,D02_0,NA,0,CONFIG,0
AV8,D03_0,NA,0,CONFIG,0
BC6,DONE_0,NA,0,CONFIG,0
AA23,DXN,NA,NA,NA,0
AA24,DXP,NA,NA,NA,0
BA7,INIT_B_0,NA,0,CONFIG,0
BC7,M0_0,NA,0,CONFIG,0
BC8,M1_0,NA,0,CONFIG,0
BD8,M2_0,NA,0,CONFIG,0
AY9,POR_OVERRIDE,NA,NA,NA,0
AW9,PROGRAM_B_0,NA,0,CONFIG,0
BB8,PUDC_B_0,NA,0,CONFIG,0
BA8,RDWR_FCS_B_0,NA,0,CONFIG,0
BB6,TCK_0,NA,0,CONFIG,0
AV6,TDI_0,NA,0,CONFIG,0
AY7,TDO_0,NA,0,CONFIG,0
AY6,TMS_0,NA,0,CONFIG,0
AU6,VBATT,NA,NA,NA,0
Y23,VN,NA,NA,NA,0
W24,VP,NA,NA,NA,0
W23,VREFN,NA,NA,NA,0
Y24,VREFP,NA,NA,NA,0
A14,IO_L24N_T3U_N11_67,3U,67,HP,0
B14,IO_L24P_T3U_N10_67,3U,67,HP,0
A12,IO_L23N_T3U_N9_67,3U,67,HP,0
A13,IO_L23P_T3U_N8_67,3U,67,HP,0
B11,IO_L22N_T3U_N7_DBC_AD0N_67,3U,67,HP,0
B12,IO_L22P_T3U_N6_DBC_AD0P_67,3U,67,HP,0
A9,IO_L21N_T3L_N5_AD8N_67,3L,67,HP,0
A10,IO_L21P_T3L_N4_AD8P_67,3L,67,HP,0
C11,IO_L20N_T3L_N3_AD1N_67,3L,67,HP,0
C12,IO_L20P_T3L_N2_AD1P_67,3L,67,HP,0
B9,IO_L19N_T3L_N1_DBC_AD9N_67,3L,67,HP,0
B10,IO_L19P_T3L_N0_DBC_AD9P_67,3L,67,HP,0
C9,IO_T3U_N12_67,3U,67,HP,0
D11,IO_T2U_N12_67,2U,67,HP,0
C13,IO_L18N_T2U_N11_AD2N_67,2U,67,HP,0
C14,IO_L18P_T2U_N10_AD2P_67,2U,67,HP,0
D13,IO_L17N_T2U_N9_AD10N_67,2U,67,HP,0
D14,IO_L17P_T2U_N8_AD10P_67,2U,67,HP,0
D9,IO_L16N_T2U_N7_QBC_AD3N_67,2U,67,HP,0
D10,IO_L16P_T2U_N6_QBC_AD3P_67,2U,67,HP,0
E9,IO_L15N_T2L_N5_AD11N_67,2L,67,HP,0
F9,IO_L15P_T2L_N4_AD11P_67,2L,67,HP,0
E12,IO_L14N_T2L_N3_GC_67,2L,67,HP,0
E13,IO_L14P_T2L_N2_GC_67,2L,67,HP,0
E10,IO_L13N_T2L_N1_GC_QBC_67,2L,67,HP,0
E11,IO_L13P_T2L_N0_GC_QBC_67,2L,67,HP,0
F10,IO_L12N_T1U_N11_GC_67,1U,67,HP,0
G10,IO_L12P_T1U_N10_GC_67,1U,67,HP,0
F12,IO_L11N_T1U_N9_GC_67,1U,67,HP,0
F13,IO_L11P_T1U_N8_GC_67,1U,67,HP,0
F14,IO_L10N_T1U_N7_QBC_AD4N_67,1U,67,HP,0
G14,IO_L10P_T1U_N6_QBC_AD4P_67,1U,67,HP,0
H13,IO_L9N_T1L_N5_AD12N_67,1L,67,HP,0
H14,IO_L9P_T1L_N4_AD12P_67,1L,67,HP,0
G9,IO_L8N_T1L_N3_AD5N_67,1L,67,HP,0
H9,IO_L8P_T1L_N2_AD5P_67,1L,67,HP,0
G11,IO_L7N_T1L_N1_QBC_AD13N_67,1L,67,HP,0
G12,IO_L7P_T1L_N0_QBC_AD13P_67,1L,67,HP,0
J13,IO_T1U_N12_67,1U,67,HP,0
K13,IO_T0U_N12_VRP_67,0U,67,HP,0
H11,IO_L6N_T0U_N11_AD6N_67,0U,67,HP,0
H12,IO_L6P_T0U_N10_AD6P_67,0U,67,HP,0
J11,IO_L5N_T0U_N9_AD14N_67,0U,67,HP,0
K12,IO_L5P_T0U_N8_AD14P_67,0U,67,HP,0
J9,IO_L4N_T0U_N7_DBC_AD7N_67,0U,67,HP,0
J10,IO_L4P_T0U_N6_DBC_AD7P_67,0U,67,HP,0
K9,IO_L3N_T0L_N5_AD15N_67,0L,67,HP,0
K10,IO_L3P_T0L_N4_AD15P_67,0L,67,HP,0
K11,IO_L2N_T0L_N3_67,0L,67,HP,0
L11,IO_L2P_T0L_N2_67,0L,67,HP,0
L12,IO_L1N_T0L_N1_DBC_67,0L,67,HP,0
L13,IO_L1P_T0L_N0_DBC_67,0L,67,HP,0
M13,VREF_67,NA,67,HP,0
AV36,IO_L24N_T3U_N11_66,3U,66,HP,0
AV35,IO_L24P_T3U_N10_66,3U,66,HP,0
BA36,IO_L23N_T3U_N9_66,3U,66,HP,0
AY36,IO_L23P_T3U_N8_66,3U,66,HP,0
AW33,IO_L22N_T3U_N7_DBC_AD0N_66,3U,66,HP,0
AV33,IO_L22P_T3U_N6_DBC_AD0P_66,3U,66,HP,0
BA34,IO_L21N_T3L_N5_AD8N_66,3L,66,HP,0
AY34,IO_L21P_T3L_N4_AD8P_66,3L,66,HP,0
AW35,IO_L20N_T3L_N3_AD1N_66,3L,66,HP,0
AW34,IO_L20P_T3L_N2_AD1P_66,3L,66,HP,0
BA32,IO_L19N_T3L_N1_DBC_AD9N_66,3L,66,HP,0
AY32,IO_L19P_T3L_N0_DBC_AD9P_66,3L,66,HP,0
AY35,IO_T3U_N12_66,3U,66,HP,0
AW32,IO_T2U_N12_66,2U,66,HP,0
AV32,IO_L18N_T2U_N11_AD2N_66,2U,66,HP,0
AV31,IO_L18P_T2U_N10_AD2P_66,2U,66,HP,0
AY30,IO_L17N_T2U_N9_AD10N_66,2U,66,HP,0
AW30,IO_L17P_T2U_N8_AD10P_66,2U,66,HP,0
BB29,IO_L16N_T2U_N7_QBC_AD3N_66,2U,66,HP,0
BA29,IO_L16P_T2U_N6_QBC_AD3P_66,2U,66,HP,0
AY29,IO_L15N_T2L_N5_AD11N_66,2L,66,HP,0
AW29,IO_L15P_T2L_N4_AD11P_66,2L,66,HP,0
BB31,IO_L14N_T2L_N3_GC_66,2L,66,HP,0
BB30,IO_L14P_T2L_N2_GC_66,2L,66,HP,0
BA31,IO_L13N_T2L_N1_GC_QBC_66,2L,66,HP,0
AY31,IO_L13P_T2L_N0_GC_QBC_66,2L,66,HP,0
BB33,IO_L12N_T1U_N11_GC_66,1U,66,HP,0
BA33,IO_L12P_T1U_N10_GC_66,1U,66,HP,0
BC33,IO_L11N_T1U_N9_GC_66,1U,66,HP,0
BC32,IO_L11P_T1U_N8_GC_66,1U,66,HP,0
BB35,IO_L10N_T1U_N7_QBC_AD4N_66,1U,66,HP,0
BB34,IO_L10P_T1U_N6_QBC_AD4P_66,1U,66,HP,0
BC36,IO_L9N_T1L_N5_AD12N_66,1L,66,HP,0
BB36,IO_L9P_T1L_N4_AD12P_66,1L,66,HP,0
BD35,IO_L8N_T1L_N3_AD5N_66,1L,66,HP,0
BC35,IO_L8P_T1L_N2_AD5P_66,1L,66,HP,0
BE35,IO_L7N_T1L_N1_QBC_AD13N_66,1L,66,HP,0
BE34,IO_L7P_T1L_N0_QBC_AD13P_66,1L,66,HP,0
BD34,IO_T1U_N12_66,1U,66,HP,0
BD33,IO_T0U_N12_VRP_66,0U,66,HP,0
BD30,IO_L6N_T0U_N11_AD6N_66,0U,66,HP,0
BC30,IO_L6P_T0U_N10_AD6P_66,0U,66,HP,0
BE30,IO_L5N_T0U_N9_AD14N_66,0U,66,HP,0
BD29,IO_L5P_T0U_N8_AD14P_66,0U,66,HP,0
BD32,IO_L4N_T0U_N7_DBC_AD7N_66,0U,66,HP,0
BC31,IO_L4P_T0U_N6_DBC_AD7P_66,0U,66,HP,0
BE32,IO_L3N_T0L_N5_AD15N_66,0L,66,HP,0
BE31,IO_L3P_T0L_N4_AD15P_66,0L,66,HP,0
BF34,IO_L2N_T0L_N3_66,0L,66,HP,0
BF33,IO_L2P_T0L_N2_66,0L,66,HP,0
BF32,IO_L1N_T0L_N1_DBC_66,0L,66,HP,0
BF31,IO_L1P_T0L_N0_DBC_66,0L,66,HP,0
AV30,VREF_66,NA,66,HP,0
AV27,IO_L24N_T3U_N11_DOUT_CSO_B_65,3U,65,HP,0
AV26,IO_L24P_T3U_N10_EMCCLK_65,3U,65,HP,0
AY27,IO_L23N_T3U_N9_PERSTN1_I2C_SDA_65,3U,65,HP,0
AY26,IO_L23P_T3U_N8_I2C_SCLK_65,3U,65,HP,0
AW28,IO_L22N_T3U_N7_DBC_AD0N_D05_65,3U,65,HP,0
AV28,IO_L22P_T3U_N6_DBC_AD0P_D04_65,3U,65,HP,0
BC28,IO_L21N_T3L_N5_AD8N_D07_65,3L,65,HP,0
BB28,IO_L21P_T3L_N4_AD8P_D06_65,3L,65,HP,0
BA28,IO_L20N_T3L_N3_AD1N_D09_65,3L,65,HP,0
BA27,IO_L20P_T3L_N2_AD1P_D08_65,3L,65,HP,0
BA26,IO_L19N_T3L_N1_DBC_AD9N_D11_65,3L,65,HP,0
AY25,IO_L19P_T3L_N0_DBC_AD9P_D10_65,3L,65,HP,0
AW27,IO_T3U_N12_PERSTN0_65,3U,65,HP,0
BF28,IO_T2U_N12_CSI_ADV_B_65,2U,65,HP,0
BF29,IO_L18N_T2U_N11_AD2N_D13_65,2U,65,HP,0
BE29,IO_L18P_T2U_N10_AD2P_D12_65,2U,65,HP,0
BD28,IO_L17N_T2U_N9_AD10N_D15_65,2U,65,HP,0
BD27,IO_L17P_T2U_N8_AD10P_D14_65,2U,65,HP,0
BF27,IO_L16N_T2U_N7_QBC_AD3N_A01_D17_65,2U,65,HP,0
BE27,IO_L16P_T2U_N6_QBC_AD3P_A00_D16_65,2U,65,HP,0
BF26,IO_L15N_T2L_N5_AD11N_A03_D19_65,2L,65,HP,0
BE26,IO_L15P_T2L_N4_AD11P_A02_D18_65,2L,65,HP,0
BC27,IO_L14N_T2L_N3_GC_A05_D21_65,2L,65,HP,0
BC26,IO_L14P_T2L_N2_GC_A04_D20_65,2L,65,HP,0
BB26,IO_L13N_T2L_N1_GC_QBC_A07_D23_65,2L,65,HP,0
BB25,IO_L13P_T2L_N0_GC_QBC_A06_D22_65,2L,65,HP,0
BD25,IO_L12N_T1U_N11_GC_A09_D25_65,1U,65,HP,0
BC25,IO_L12P_T1U_N10_GC_A08_D24_65,1U,65,HP,0
BD24,IO_L11N_T1U_N9_GC_A11_D27_65,1U,65,HP,0
BD23,IO_L11P_T1U_N8_GC_A10_D26_65,1U,65,HP,0
BE25,IO_L10N_T1U_N7_QBC_AD4N_A13_D29_65,1U,65,HP,0
BE24,IO_L10P_T1U_N6_QBC_AD4P_A12_D28_65,1U,65,HP,0
BE22,IO_L9N_T1L_N5_AD12N_A15_D31_65,1L,65,HP,0
BD22,IO_L9P_T1L_N4_AD12P_A14_D30_65,1L,65,HP,0
BF24,IO_L8N_T1L_N3_AD5N_A17_65,1L,65,HP,0
BF23,IO_L8P_T1L_N2_AD5P_A16_65,1L,65,HP,0
BC23,IO_L7N_T1L_N1_QBC_AD13N_A19_65,1L,65,HP,0
BC22,IO_L7P_T1L_N0_QBC_AD13P_A18_65,1L,65,HP,0
BF22,IO_T1U_N12_SMBALERT_65,1U,65,HP,0
AY24,IO_T0U_N12_VRP_A28_65,0U,65,HP,0
AW25,IO_L6N_T0U_N11_AD6N_A21_65,0U,65,HP,0
AV25,IO_L6P_T0U_N10_AD6P_A20_65,0U,65,HP,0
BB24,IO_L5N_T0U_N9_AD14N_A23_65,0U,65,HP,0
BA24,IO_L5P_T0U_N8_AD14P_A22_65,0U,65,HP,0
BB23,IO_L4N_T0U_N7_DBC_AD7N_A25_65,0U,65,HP,0
BA23,IO_L4P_T0U_N6_DBC_AD7P_A24_65,0U,65,HP,0
BA22,IO_L3N_T0L_N5_AD15N_A27_65,0L,65,HP,0
AY22,IO_L3P_T0L_N4_AD15P_A26_65,0L,65,HP,0
AW24,IO_L2N_T0L_N3_FWE_FCS2_B_65,0L,65,HP,0
AW23,IO_L2P_T0L_N2_FOE_B_65,0L,65,HP,0
AW22,IO_L1N_T0L_N1_DBC_RS1_65,0L,65,HP,0
AV22,IO_L1P_T0L_N0_DBC_RS0_65,0L,65,HP,0
AV23,VREF_65,NA,65,HP,0
AV15,IO_L24N_T3U_N11_64,3U,64,HP,0
AV16,IO_L24P_T3U_N10_64,3U,64,HP,0
AW14,IO_L23N_T3U_N9_64,3U,64,HP,0
AW15,IO_L23P_T3U_N8_64,3U,64,HP,0
BA14,IO_L22N_T3U_N7_DBC_AD0N_64,3U,64,HP,0
AY14,IO_L22P_T3U_N6_DBC_AD0P_64,3U,64,HP,0
AY15,IO_L21N_T3L_N5_AD8N_64,3L,64,HP,0
AY16,IO_L21P_T3L_N4_AD8P_64,3L,64,HP,0
BB16,IO_L20N_T3L_N3_AD1N_64,3L,64,HP,0
BA16,IO_L20P_T3L_N2_AD1P_64,3L,64,HP,0
BC15,IO_L19N_T3L_N1_DBC_AD9N_64,3L,64,HP,0
BB15,IO_L19P_T3L_N0_DBC_AD9P_64,3L,64,HP,0
AV17,IO_T3U_N12_64,3U,64,HP,0
AV18,IO_T2U_N12_64,2U,64,HP,0
AY17,IO_L18N_T2U_N11_AD2N_64,2U,64,HP,0
AW17,IO_L18P_T2U_N10_AD2P_64,2U,64,HP,0
AW18,IO_L17N_T2U_N9_AD10N_64,2U,64,HP,0
AW19,IO_L17P_T2U_N8_AD10P_64,2U,64,HP,0
AW20,IO_L16N_T2U_N7_QBC_AD3N_64,2U,64,HP,0
AV20,IO_L16P_T2U_N6_QBC_AD3P_64,2U,64,HP,0
AY20,IO_L15N_T2L_N5_AD11N_64,2L,64,HP,0
AY21,IO_L15P_T2L_N4_AD11P_64,2L,64,HP,0
BA17,IO_L14N_T2L_N3_GC_64,2L,64,HP,0
BA18,IO_L14P_T2L_N2_GC_64,2L,64,HP,0
BA19,IO_L13N_T2L_N1_GC_QBC_64,2L,64,HP,0
AY19,IO_L13P_T2L_N0_GC_QBC_64,2L,64,HP,0
BB19,IO_L12N_T1U_N11_GC_64,1U,64,HP,0
BB20,IO_L12P_T1U_N10_GC_64,1U,64,HP,0
BC18,IO_L11N_T1U_N9_GC_64,1U,64,HP,0
BB18,IO_L11P_T1U_N8_GC_64,1U,64,HP,0
BC20,IO_L10N_T1U_N7_QBC_AD4N_64,1U,64,HP,0
BC21,IO_L10P_T1U_N6_QBC_AD4P_64,1U,64,HP,0
BB21,IO_L9N_T1L_N5_AD12N_64,1L,64,HP,0
BA21,IO_L9P_T1L_N4_AD12P_64,1L,64,HP,0
BD19,IO_L8N_T1L_N3_AD5N_64,1L,64,HP,0
BD20,IO_L8P_T1L_N2_AD5P_64,1L,64,HP,0
BE20,IO_L7N_T1L_N1_QBC_AD13N_64,1L,64,HP,0
BE21,IO_L7P_T1L_N0_QBC_AD13P_64,1L,64,HP,0
BF21,IO_T1U_N12_64,1U,64,HP,0
BE19,IO_T0U_N12_VRP_64,0U,64,HP,0
BC16,IO_L6N_T0U_N11_AD6N_64,0U,64,HP,0
BC17,IO_L6P_T0U_N10_AD6P_64,0U,64,HP,0
BE15,IO_L5N_T0U_N9_AD14N_64,0U,64,HP,0
BD15,IO_L5P_T0U_N8_AD14P_64,0U,64,HP,0
BD17,IO_L4N_T0U_N7_DBC_AD7N_64,0U,64,HP,0
BD18,IO_L4P_T0U_N6_DBC_AD7P_64,0U,64,HP,0
BE16,IO_L3N_T0L_N5_AD15N_64,0L,64,HP,0
BE17,IO_L3P_T0L_N4_AD15P_64,0L,64,HP,0
BF18,IO_L2N_T0L_N3_64,0L,64,HP,0
BF19,IO_L2P_T0L_N2_64,0L,64,HP,0
BF16,IO_L1N_T0L_N1_DBC_64,0L,64,HP,0
BF17,IO_L1P_T0L_N0_DBC_64,0L,64,HP,0
AV21,VREF_64,NA,64,HP,0
A27,IO_L24N_T3U_N11_71,3U,71,HP,1
B27,IO_L24P_T3U_N10_71,3U,71,HP,1
A29,IO_L23N_T3U_N9_71,3U,71,HP,1
A28,IO_L23P_T3U_N8_71,3U,71,HP,1
A30,IO_L22N_T3U_N7_DBC_AD0N_71,3U,71,HP,1
B29,IO_L22P_T3U_N6_DBC_AD0P_71,3U,71,HP,1
A32,IO_L21N_T3L_N5_AD8N_71,3L,71,HP,1
B31,IO_L21P_T3L_N4_AD8P_71,3L,71,HP,1
C28,IO_L20N_T3L_N3_AD1N_71,3L,71,HP,1
C27,IO_L20P_T3L_N2_AD1P_71,3L,71,HP,1
B30,IO_L19N_T3L_N1_DBC_AD9N_71,3L,71,HP,1
C29,IO_L19P_T3L_N0_DBC_AD9P_71,3L,71,HP,1
B32,IO_T3U_N12_71,3U,71,HP,1
C32,IO_T2U_N12_71,2U,71,HP,1
D28,IO_L18N_T2U_N11_AD2N_71,2U,71,HP,1
E27,IO_L18P_T2U_N10_AD2P_71,2U,71,HP,1
C31,IO_L17N_T2U_N9_AD10N_71,2U,71,HP,1
D31,IO_L17P_T2U_N8_AD10P_71,2U,71,HP,1
D30,IO_L16N_T2U_N7_QBC_AD3N_71,2U,71,HP,1
D29,IO_L16P_T2U_N6_QBC_AD3P_71,2U,71,HP,1
E32,IO_L15N_T2L_N5_AD11N_71,2L,71,HP,1
F32,IO_L15P_T2L_N4_AD11P_71,2L,71,HP,1
E28,IO_L14N_T2L_N3_GC_71,2L,71,HP,1
F28,IO_L14P_T2L_N2_GC_71,2L,71,HP,1
E31,IO_L13N_T2L_N1_GC_QBC_71,2L,71,HP,1
E30,IO_L13P_T2L_N0_GC_QBC_71,2L,71,HP,1
F30,IO_L12N_T1U_N11_GC_71,1U,71,HP,1
F29,IO_L12P_T1U_N10_GC_71,1U,71,HP,1
G30,IO_L11N_T1U_N9_GC_71,1U,71,HP,1
G29,IO_L11P_T1U_N8_GC_71,1U,71,HP,1
F27,IO_L10N_T1U_N7_QBC_AD4N_71,1U,71,HP,1
G27,IO_L10P_T1U_N6_QBC_AD4P_71,1U,71,HP,1
G32,IO_L9N_T1L_N5_AD12N_71,1L,71,HP,1
G31,IO_L9P_T1L_N4_AD12P_71,1L,71,HP,1
H29,IO_L8N_T1L_N3_AD5N_71,1L,71,HP,1
H28,IO_L8P_T1L_N2_AD5P_71,1L,71,HP,1
H32,IO_L7N_T1L_N1_QBC_AD13N_71,1L,71,HP,1
H31,IO_L7P_T1L_N0_QBC_AD13P_71,1L,71,HP,1
H27,IO_T1U_N12_71,1U,71,HP,1
K26,IO_T0U_N12_VRP_71,0U,71,HP,1
J28,IO_L6N_T0U_N11_AD6N_71,0U,71,HP,1
K27,IO_L6P_T0U_N10_AD6P_71,0U,71,HP,1
J30,IO_L5N_T0U_N9_AD14N_71,0U,71,HP,1
J29,IO_L5P_T0U_N8_AD14P_71,0U,71,HP,1
J31,IO_L4N_T0U_N7_DBC_AD7N_71,0U,71,HP,1
K30,IO_L4P_T0U_N6_DBC_AD7P_71,0U,71,HP,1
L29,IO_L3N_T0L_N5_AD15N_71,0L,71,HP,1
L28,IO_L3P_T0L_N4_AD15P_71,0L,71,HP,1
K28,IO_L2N_T0L_N3_71,0L,71,HP,1
L27,IO_L2P_T0L_N2_71,0L,71,HP,1
K31,IO_L1N_T0L_N1_DBC_71,0L,71,HP,1
L30,IO_L1P_T0L_N0_DBC_71,0L,71,HP,1
L25,VREF_71,NA,71,HP,1
A34,IO_L24N_T3U_N11_70,3U,70,HP,1
A33,IO_L24P_T3U_N10_70,3U,70,HP,1
A35,IO_L23N_T3U_N9_70,3U,70,HP,1
B34,IO_L23P_T3U_N8_70,3U,70,HP,1
A38,IO_L22N_T3U_N7_DBC_AD0N_70,3U,70,HP,1
A37,IO_L22P_T3U_N6_DBC_AD0P_70,3U,70,HP,1
B36,IO_L21N_T3L_N5_AD8N_70,3L,70,HP,1
B35,IO_L21P_T3L_N4_AD8P_70,3L,70,HP,1
B37,IO_L20N_T3L_N3_AD1N_70,3L,70,HP,1
C36,IO_L20P_T3L_N2_AD1P_70,3L,70,HP,1
C34,IO_L19N_T3L_N1_DBC_AD9N_70,3L,70,HP,1
C33,IO_L19P_T3L_N0_DBC_AD9P_70,3L,70,HP,1
C37,IO_T3U_N12_70,3U,70,HP,1
C38,IO_T2U_N12_70,2U,70,HP,1
D36,IO_L18N_T2U_N11_AD2N_70,2U,70,HP,1
E35,IO_L18P_T2U_N10_AD2P_70,2U,70,HP,1
D33,IO_L17N_T2U_N9_AD10N_70,2U,70,HP,1
E33,IO_L17P_T2U_N8_AD10P_70,2U,70,HP,1
D38,IO_L16N_T2U_N7_QBC_AD3N_70,2U,70,HP,1
E38,IO_L16P_T2U_N6_QBC_AD3P_70,2U,70,HP,1
D35,IO_L15N_T2L_N5_AD11N_70,2L,70,HP,1
D34,IO_L15P_T2L_N4_AD11P_70,2L,70,HP,1
E37,IO_L14N_T2L_N3_GC_70,2L,70,HP,1
E36,IO_L14P_T2L_N2_GC_70,2L,70,HP,1
F34,IO_L13N_T2L_N1_GC_QBC_70,2L,70,HP,1
F33,IO_L13P_T2L_N0_GC_QBC_70,2L,70,HP,1
F38,IO_L12N_T1U_N11_GC_70,1U,70,HP,1
G37,IO_L12P_T1U_N10_GC_70,1U,70,HP,1
F37,IO_L11N_T1U_N9_GC_70,1U,70,HP,1
G36,IO_L11P_T1U_N8_GC_70,1U,70,HP,1
H37,IO_L10N_T1U_N7_QBC_AD4N_70,1U,70,HP,1
H36,IO_L10P_T1U_N6_QBC_AD4P_70,1U,70,HP,1
F35,IO_L9N_T1L_N5_AD12N_70,1L,70,HP,1
G35,IO_L9P_T1L_N4_AD12P_70,1L,70,HP,1
K38,IO_L8N_T1L_N3_AD5N_70,1L,70,HP,1
K37,IO_L8P_T1L_N2_AD5P_70,1L,70,HP,1
H38,IO_L7N_T1L_N1_QBC_AD13N_70,1L,70,HP,1
J38,IO_L7P_T1L_N0_QBC_AD13P_70,1L,70,HP,1
J36,IO_T1U_N12_70,1U,70,HP,1
H34,IO_T0U_N12_VRP_70,0U,70,HP,1
G34,IO_L6N_T0U_N11_AD6N_70,0U,70,HP,1
H33,IO_L6P_T0U_N10_AD6P_70,0U,70,HP,1
K32,IO_L5N_T0U_N9_AD14N_70,0U,70,HP,1
L32,IO_L5P_T0U_N8_AD14P_70,0U,70,HP,1
K35,IO_L4N_T0U_N7_DBC_AD7N_70,0U,70,HP,1
L34,IO_L4P_T0U_N6_DBC_AD7P_70,0U,70,HP,1
J33,IO_L3N_T0L_N5_AD15N_70,0L,70,HP,1
K33,IO_L3P_T0L_N4_AD15P_70,0L,70,HP,1
K36,IO_L2N_T0L_N3_70,0L,70,HP,1
L35,IO_L2P_T0L_N2_70,0L,70,HP,1
J35,IO_L1N_T0L_N1_DBC_70,0L,70,HP,1
J34,IO_L1P_T0L_N0_DBC_70,0L,70,HP,1
L33,VREF_70,NA,70,HP,1
C23,IO_L24N_T3U_N11_69,3U,69,HP,1
C24,IO_L24P_T3U_N10_69,3U,69,HP,1
A25,IO_L23N_T3U_N9_69,3U,69,HP,1
B26,IO_L23P_T3U_N8_69,3U,69,HP,1
A23,IO_L22N_T3U_N7_DBC_AD0N_69,3U,69,HP,1
A24,IO_L22P_T3U_N6_DBC_AD0P_69,3U,69,HP,1
B24,IO_L21N_T3L_N5_AD8N_69,3L,69,HP,1
B25,IO_L21P_T3L_N4_AD8P_69,3L,69,HP,1
A22,IO_L20N_T3L_N3_AD1N_69,3L,69,HP,1
B22,IO_L20P_T3L_N2_AD1P_69,3L,69,HP,1
B21,IO_L19N_T3L_N1_DBC_AD9N_69,3L,69,HP,1
C22,IO_L19P_T3L_N0_DBC_AD9P_69,3L,69,HP,1
C21,IO_T3U_N12_69,3U,69,HP,1
C26,IO_T2U_N12_69,2U,69,HP,1
D26,IO_L18N_T2U_N11_AD2N_69,2U,69,HP,1
E26,IO_L18P_T2U_N10_AD2P_69,2U,69,HP,1
D25,IO_L17N_T2U_N9_AD10N_69,2U,69,HP,1
E25,IO_L17P_T2U_N8_AD10P_69,2U,69,HP,1
D23,IO_L16N_T2U_N7_QBC_AD3N_69,2U,69,HP,1
D24,IO_L16P_T2U_N6_QBC_AD3P_69,2U,69,HP,1
D21,IO_L15N_T2L_N5_AD11N_69,2L,69,HP,1
E21,IO_L15P_T2L_N4_AD11P_69,2L,69,HP,1
F24,IO_L14N_T2L_N3_GC_69,2L,69,HP,1
F25,IO_L14P_T2L_N2_GC_69,2L,69,HP,1
E22,IO_L13N_T2L_N1_GC_QBC_69,2L,69,HP,1
E23,IO_L13P_T2L_N0_GC_QBC_69,2L,69,HP,1
G24,IO_L12N_T1U_N11_GC_69,1U,69,HP,1
G25,IO_L12P_T1U_N10_GC_69,1U,69,HP,1
F22,IO_L11N_T1U_N9_GC_69,1U,69,HP,1
F23,IO_L11P_T1U_N8_GC_69,1U,69,HP,1
G22,IO_L10N_T1U_N7_QBC_AD4N_69,1U,69,HP,1
H23,IO_L10P_T1U_N6_QBC_AD4P_69,1U,69,HP,1
G26,IO_L9N_T1L_N5_AD12N_69,1L,69,HP,1
H26,IO_L9P_T1L_N4_AD12P_69,1L,69,HP,1
J24,IO_L8N_T1L_N3_AD5N_69,1L,69,HP,1
K25,IO_L8P_T1L_N2_AD5P_69,1L,69,HP,1
J25,IO_L7N_T1L_N1_QBC_AD13N_69,1L,69,HP,1
J26,IO_L7P_T1L_N0_QBC_AD13P_69,1L,69,HP,1
H24,IO_T1U_N12_69,1U,69,HP,1
J23,IO_T0U_N12_VRP_69,0U,69,HP,1
G21,IO_L6N_T0U_N11_AD6N_69,0U,69,HP,1
H22,IO_L6P_T0U_N10_AD6P_69,0U,69,HP,1
H21,IO_L5N_T0U_N9_AD14N_69,0U,69,HP,1
J21,IO_L5P_T0U_N8_AD14P_69,0U,69,HP,1
J20,IO_L4N_T0U_N7_DBC_AD7N_69,0U,69,HP,1
K20,IO_L4P_T0U_N6_DBC_AD7P_69,0U,69,HP,1
K21,IO_L3N_T0L_N5_AD15N_69,0L,69,HP,1
K22,IO_L3P_T0L_N4_AD15P_69,0L,69,HP,1
K23,IO_L2N_T0L_N3_69,0L,69,HP,1
L24,IO_L2P_T0L_N2_69,0L,69,HP,1
L22,IO_L1N_T0L_N1_DBC_69,0L,69,HP,1
L23,IO_L1P_T0L_N0_DBC_69,0L,69,HP,1
L20,VREF_69,NA,69,HP,1
A15,IO_L24N_T3U_N11_68,3U,68,HP,1
B15,IO_L24P_T3U_N10_68,3U,68,HP,1
A17,IO_L23N_T3U_N9_68,3U,68,HP,1
A18,IO_L23P_T3U_N8_68,3U,68,HP,1
A19,IO_L22N_T3U_N7_DBC_AD0N_68,3U,68,HP,1
A20,IO_L22P_T3U_N6_DBC_AD0P_68,3U,68,HP,1
B16,IO_L21N_T3L_N5_AD8N_68,3L,68,HP,1
B17,IO_L21P_T3L_N4_AD8P_68,3L,68,HP,1
B19,IO_L20N_T3L_N3_AD1N_68,3L,68,HP,1
B20,IO_L20P_T3L_N2_AD1P_68,3L,68,HP,1
C16,IO_L19N_T3L_N1_DBC_AD9N_68,3L,68,HP,1
C17,IO_L19P_T3L_N0_DBC_AD9P_68,3L,68,HP,1
C18,IO_T3U_N12_68,3U,68,HP,1
C19,IO_T2U_N12_68,2U,68,HP,1
D18,IO_L18N_T2U_N11_AD2N_68,2U,68,HP,1
D19,IO_L18P_T2U_N10_AD2P_68,2U,68,HP,1
D15,IO_L17N_T2U_N9_AD10N_68,2U,68,HP,1
D16,IO_L17P_T2U_N8_AD10P_68,2U,68,HP,1
D20,IO_L16N_T2U_N7_QBC_AD3N_68,2U,68,HP,1
E20,IO_L16P_T2U_N6_QBC_AD3P_68,2U,68,HP,1
E15,IO_L15N_T2L_N5_AD11N_68,2L,68,HP,1
F15,IO_L15P_T2L_N4_AD11P_68,2L,68,HP,1
E17,IO_L14N_T2L_N3_GC_68,2L,68,HP,1
E18,IO_L14P_T2L_N2_GC_68,2L,68,HP,1
E16,IO_L13N_T2L_N1_GC_QBC_68,2L,68,HP,1
F17,IO_L13P_T2L_N0_GC_QBC_68,2L,68,HP,1
F18,IO_L12N_T1U_N11_GC_68,1U,68,HP,1
F19,IO_L12P_T1U_N10_GC_68,1U,68,HP,1
G16,IO_L11N_T1U_N9_GC_68,1U,68,HP,1
G17,IO_L11P_T1U_N8_GC_68,1U,68,HP,1
F20,IO_L10N_T1U_N7_QBC_AD4N_68,1U,68,HP,1
G20,IO_L10P_T1U_N6_QBC_AD4P_68,1U,68,HP,1
H17,IO_L9N_T1L_N5_AD12N_68,1L,68,HP,1
H18,IO_L9P_T1L_N4_AD12P_68,1L,68,HP,1
G19,IO_L8N_T1L_N3_AD5N_68,1L,68,HP,1
H19,IO_L8P_T1L_N2_AD5P_68,1L,68,HP,1
G15,IO_L7N_T1L_N1_QBC_AD13N_68,1L,68,HP,1
H16,IO_L7P_T1L_N0_QBC_AD13P_68,1L,68,HP,1
J19,IO_T1U_N12_68,1U,68,HP,1
J14,IO_T0U_N12_VRP_68,0U,68,HP,1
J18,IO_L6N_T0U_N11_AD6N_68,0U,68,HP,1
K18,IO_L6P_T0U_N10_AD6P_68,0U,68,HP,1
L18,IO_L5N_T0U_N9_AD14N_68,0U,68,HP,1
L19,IO_L5P_T0U_N8_AD14P_68,0U,68,HP,1
J16,IO_L4N_T0U_N7_DBC_AD7N_68,0U,68,HP,1
K16,IO_L4P_T0U_N6_DBC_AD7P_68,0U,68,HP,1
K17,IO_L3N_T0L_N5_AD15N_68,0L,68,HP,1
L17,IO_L3P_T0L_N4_AD15P_68,0L,68,HP,1
L15,IO_L2N_T0L_N3_68,0L,68,HP,1
L16,IO_L2P_T0L_N2_68,0L,68,HP,1
J15,IO_L1N_T0L_N1_DBC_68,0L,68,HP,1
K15,IO_L1P_T0L_N0_DBC_68,0L,68,HP,1
L14,VREF_68,NA,68,HP,1
AV41,RSVD,NA,43,NA,NA
AW38,RSVD,NA,43,NA,NA
AW37,RSVD,NA,43,NA,NA
AW39,RSVD,NA,43,NA,NA
AY37,RSVD,NA,43,NA,NA
AW40,RSVD,NA,43,NA,NA
AY39,RSVD,NA,43,NA,NA
AY41,RSVD,NA,43,NA,NA
AY40,RSVD,NA,43,NA,NA
BA37,RSVD,NA,43,NA,NA
BA39,RSVD,NA,43,NA,NA
BA38,RSVD,NA,43,NA,NA
BA41,RSVD,NA,43,NA,NA
BB39,RSVDGND,NA,43,NA,NA
BB38,RSVD,NA,43,NA,NA
BB40,RSVD,NA,43,NA,NA
BB41,RSVD,NA,43,NA,NA
BC37,RSVD,NA,43,NA,NA
BC38,RSVD,NA,43,NA,NA
BC40,RSVD,NA,43,NA,NA
BC41,RSVD,NA,43,NA,NA
BD37,RSVD,NA,43,NA,NA
BD38,RSVD,NA,43,NA,NA
BD39,RSVD,NA,43,NA,NA
BE37,RSVD,NA,43,NA,NA
BD40,RSVD,NA,43,NA,NA
AU41,RSVD,NA,43,NA,NA
BE39,RSVD,NA,43,NA,NA
BF40,RSVD,NA,43,NA,NA
BE40,RSVD,NA,43,NA,NA
BF39,RSVD,NA,43,NA,NA
BF38,RSVD,NA,43,NA,NA
BF37,RSVD,NA,43,NA,NA
BF36,RSVD,NA,43,NA,NA
BE36,RSVD,NA,43,NA,NA
AV37,RSVD,NA,43,NA,NA
AV38,RSVD,NA,43,NA,NA
AV40,RSVD,NA,43,NA,NA
AU34,RSVD,NA,43,NA,NA
AU36,RSVD,NA,43,NA,NA
AU14,RSVD,NA,83,NA,NA
AU12,RSVD,NA,83,NA,NA
BC13,RSVD,NA,83,NA,NA
BB13,RSVD,NA,83,NA,NA
BC12,RSVD,NA,83,NA,NA
BD12,RSVD,NA,83,NA,NA
BD14,RSVD,NA,83,NA,NA
BF13,RSVD,NA,83,NA,NA
BE12,RSVD,NA,83,NA,NA
BF12,RSVD,NA,83,NA,NA
BF11,RSVD,NA,83,NA,NA
BF9,RSVD,NA,83,NA,NA
BE10,RSVD,NA,83,NA,NA
BF8,RSVD,NA,83,NA,NA
BE9,RSVD,NA,83,NA,NA
BA12,RSVDGND,NA,83,NA,NA
AY12,RSVD,NA,83,NA,NA
AW12,RSVD,NA,83,NA,NA
AV12,RSVD,NA,83,NA,NA
BA13,RSVD,NA,83,NA,NA
AW13,RSVD,NA,83,NA,NA
AV13,RSVD,NA,83,NA,NA
BD10,RSVD,NA,83,NA,NA
BE11,RSVD,NA,83,NA,NA
BC10,RSVD,NA,83,NA,NA
BD9,RSVD,NA,83,NA,NA
BC11,RSVD,NA,83,NA,NA
BB11,RSVD,NA,83,NA,NA
BF14,RSVD,NA,83,NA,NA
BA11,RSVD,NA,83,NA,NA
BB9,RSVD,NA,83,NA,NA
BB10,RSVD,NA,83,NA,NA
AY11,RSVD,NA,83,NA,NA
AY10,RSVD,NA,83,NA,NA
AV11,RSVD,NA,83,NA,NA
AW10,RSVD,NA,83,NA,NA
AV10,RSVD,NA,83,NA,NA
BE14,RSVD,NA,83,NA,NA
BD13,RSVD,NA,83,NA,NA
BB14,RSVD,NA,83,NA,NA
AK39,MGTREFCLK0N_124,NA,124,GTY,0
AK38,MGTREFCLK0P_124,NA,124,GTY,0
AH39,MGTREFCLK1N_124,NA,124,GTY,0
AH38,MGTREFCLK1P_124,NA,124,GTY,0
BF43,MGTYRXN0_124,NA,124,GTY,0
BD44,MGTYRXN1_124,NA,124,GTY,0
BB44,MGTYRXN2_124,NA,124,GTY,0
AY44,MGTYRXN3_124,NA,124,GTY,0
BF42,MGTYRXP0_124,NA,124,GTY,0
BD43,MGTYRXP1_124,NA,124,GTY,0
BB43,MGTYRXP2_124,NA,124,GTY,0
AY43,MGTYRXP3_124,NA,124,GTY,0
AT39,MGTYTXN0_124,NA,124,GTY,0
AR41,MGTYTXN1_124,NA,124,GTY,0
AP39,MGTYTXN2_124,NA,124,GTY,0
AN41,MGTYTXN3_124,NA,124,GTY,0
AT38,MGTYTXP0_124,NA,124,GTY,0
AR40,MGTYTXP1_124,NA,124,GTY,0
AP38,MGTYTXP2_124,NA,124,GTY,0
AN40,MGTYTXP3_124,NA,124,GTY,0
AG37,MGTAVTTRCAL_LS,NA,NA,NA,0
AF39,MGTREFCLK0N_125,NA,125,GTY,0
AF38,MGTREFCLK0P_125,NA,125,GTY,0
AE37,MGTREFCLK1N_125,NA,125,GTY,0
AE36,MGTREFCLK1P_125,NA,125,GTY,0
AG36,MGTRREF_LS,NA,NA,NA,0
BC46,MGTYRXN0_125,NA,125,GTY,0
BA46,MGTYRXN1_125,NA,125,GTY,0
AW46,MGTYRXN2_125,NA,125,GTY,0
AV44,MGTYRXN3_125,NA,125,GTY,0
BC45,MGTYRXP0_125,NA,125,GTY,0
BA45,MGTYRXP1_125,NA,125,GTY,0
AW45,MGTYRXP2_125,NA,125,GTY,0
AV43,MGTYRXP3_125,NA,125,GTY,0
AM39,MGTYTXN0_125,NA,125,GTY,0
AL41,MGTYTXN1_125,NA,125,GTY,0
AJ41,MGTYTXN2_125,NA,125,GTY,0
AG41,MGTYTXN3_125,NA,125,GTY,0
AM38,MGTYTXP0_125,NA,125,GTY,0
AL40,MGTYTXP1_125,NA,125,GTY,0
AJ40,MGTYTXP2_125,NA,125,GTY,0
AG40,MGTYTXP3_125,NA,125,GTY,0
AD39,MGTREFCLK0N_126,NA,126,GTY,0
AD38,MGTREFCLK0P_126,NA,126,GTY,0
AC37,MGTREFCLK1N_126,NA,126,GTY,0
AC36,MGTREFCLK1P_126,NA,126,GTY,0
AU46,MGTYRXN0_126,NA,126,GTY,0
AT44,MGTYRXN1_126,NA,126,GTY,0
AR46,MGTYRXN2_126,NA,126,GTY,0
AP44,MGTYRXN3_126,NA,126,GTY,0
AU45,MGTYRXP0_126,NA,126,GTY,0
AT43,MGTYRXP1_126,NA,126,GTY,0
AR45,MGTYRXP2_126,NA,126,GTY,0
AP43,MGTYRXP3_126,NA,126,GTY,0
AH43,MGTYTXN0_126,NA,126,GTY,0
AE41,MGTYTXN1_126,NA,126,GTY,0
AF43,MGTYTXN2_126,NA,126,GTY,0
AD43,MGTYTXN3_126,NA,126,GTY,0
AH42,MGTYTXP0_126,NA,126,GTY,0
AE40,MGTYTXP1_126,NA,126,GTY,0
AF42,MGTYTXP2_126,NA,126,GTY,0
AD42,MGTYTXP3_126,NA,126,GTY,0
AB39,MGTREFCLK0N_127,NA,127,GTY,0
AB38,MGTREFCLK0P_127,NA,127,GTY,0
AA37,MGTREFCLK1N_127,NA,127,GTY,0
AA36,MGTREFCLK1P_127,NA,127,GTY,0
AN46,MGTYRXN0_127,NA,127,GTY,0
AK44,MGTYRXN1_127,NA,127,GTY,0
AM44,MGTYRXN2_127,NA,127,GTY,0
AL46,MGTYRXN3_127,NA,127,GTY,0
AN45,MGTYRXP0_127,NA,127,GTY,0
AK43,MGTYRXP1_127,NA,127,GTY,0
AM43,MGTYRXP2_127,NA,127,GTY,0
AL45,MGTYRXP3_127,NA,127,GTY,0
AC41,MGTYTXN0_127,NA,127,GTY,0
AB43,MGTYTXN1_127,NA,127,GTY,0
AA41,MGTYTXN2_127,NA,127,GTY,0
Y43,MGTYTXN3_127,NA,127,GTY,0
AC40,MGTYTXP0_127,NA,127,GTY,0
AB42,MGTYTXP1_127,NA,127,GTY,0
AA40,MGTYTXP2_127,NA,127,GTY,0
Y42,MGTYTXP3_127,NA,127,GTY,0
Y39,MGTREFCLK0N_128,NA,128,GTY,1
Y38,MGTREFCLK0P_128,NA,128,GTY,1
V39,MGTREFCLK1N_128,NA,128,GTY,1
V38,MGTREFCLK1P_128,NA,128,GTY,1
AJ46,MGTYRXN0_128,NA,128,GTY,1
AG46,MGTYRXN1_128,NA,128,GTY,1
AE46,MGTYRXN2_128,NA,128,GTY,1
AC46,MGTYRXN3_128,NA,128,GTY,1
AJ45,MGTYRXP0_128,NA,128,GTY,1
AG45,MGTYRXP1_128,NA,128,GTY,1
AE45,MGTYRXP2_128,NA,128,GTY,1
AC45,MGTYRXP3_128,NA,128,GTY,1
W41,MGTYTXN0_128,NA,128,GTY,1
U41,MGTYTXN1_128,NA,128,GTY,1
T43,MGTYTXN2_128,NA,128,GTY,1
R41,MGTYTXN3_128,NA,128,GTY,1
W40,MGTYTXP0_128,NA,128,GTY,1
U40,MGTYTXP1_128,NA,128,GTY,1
T42,MGTYTXP2_128,NA,128,GTY,1
R40,MGTYTXP3_128,NA,128,GTY,1
W37,MGTAVTTRCAL_LN,NA,NA,NA,1
U37,MGTREFCLK0N_129,NA,129,GTY,1
U36,MGTREFCLK0P_129,NA,129,GTY,1
T39,MGTREFCLK1N_129,NA,129,GTY,1
T38,MGTREFCLK1P_129,NA,129,GTY,1
W36,MGTRREF_LN,NA,NA,NA,1
V44,MGTYRXN0_129,NA,129,GTY,1
AA46,MGTYRXN1_129,NA,129,GTY,1
W46,MGTYRXN2_129,NA,129,GTY,1
U46,MGTYRXN3_129,NA,129,GTY,1
V43,MGTYRXP0_129,NA,129,GTY,1
AA45,MGTYRXP1_129,NA,129,GTY,1
W45,MGTYRXP2_129,NA,129,GTY,1
U45,MGTYRXP3_129,NA,129,GTY,1
P43,MGTYTXN0_129,NA,129,GTY,1
N41,MGTYTXN1_129,NA,129,GTY,1
K43,MGTYTXN2_129,NA,129,GTY,1
L41,MGTYTXN3_129,NA,129,GTY,1
P42,MGTYTXP0_129,NA,129,GTY,1
N40,MGTYTXP1_129,NA,129,GTY,1
K42,MGTYTXP2_129,NA,129,GTY,1
L40,MGTYTXP3_129,NA,129,GTY,1
R37,MGTREFCLK0N_130,NA,130,GTY,1
R36,MGTREFCLK0P_130,NA,130,GTY,1
P39,MGTREFCLK1N_130,NA,130,GTY,1
P38,MGTREFCLK1P_130,NA,130,GTY,1
R46,MGTYRXN0_130,NA,130,GTY,1
N46,MGTYRXN1_130,NA,130,GTY,1
M44,MGTYRXN2_130,NA,130,GTY,1
L46,MGTYRXN3_130,NA,130,GTY,1
R45,MGTYRXP0_130,NA,130,GTY,1
N45,MGTYRXP1_130,NA,130,GTY,1
M43,MGTYRXP2_130,NA,130,GTY,1
L45,MGTYRXP3_130,NA,130,GTY,1
J41,MGTYTXN0_130,NA,130,GTY,1
H43,MGTYTXN1_130,NA,130,GTY,1
G41,MGTYTXN2_130,NA,130,GTY,1
E41,MGTYTXN3_130,NA,130,GTY,1
J40,MGTYTXP0_130,NA,130,GTY,1
H42,MGTYTXP1_130,NA,130,GTY,1
G40,MGTYTXP2_130,NA,130,GTY,1
E40,MGTYTXP3_130,NA,130,GTY,1
N37,MGTREFCLK0N_131,NA,131,GTY,1
N36,MGTREFCLK0P_131,NA,131,GTY,1
M39,MGTREFCLK1N_131,NA,131,GTY,1
M38,MGTREFCLK1P_131,NA,131,GTY,1
J46,MGTYRXN0_131,NA,131,GTY,1
G46,MGTYRXN1_131,NA,131,GTY,1
F44,MGTYRXN2_131,NA,131,GTY,1
E46,MGTYRXN3_131,NA,131,GTY,1
J45,MGTYRXP0_131,NA,131,GTY,1
G45,MGTYRXP1_131,NA,131,GTY,1
F43,MGTYRXP2_131,NA,131,GTY,1
E45,MGTYRXP3_131,NA,131,GTY,1
D43,MGTYTXN0_131,NA,131,GTY,1
C41,MGTYTXN1_131,NA,131,GTY,1
B43,MGTYTXN2_131,NA,131,GTY,1
A41,MGTYTXN3_131,NA,131,GTY,1
D42,MGTYTXP0_131,NA,131,GTY,1
C40,MGTYTXP1_131,NA,131,GTY,1
B42,MGTYTXP2_131,NA,131,GTY,1
A40,MGTYTXP3_131,NA,131,GTY,1
AK8,MGTREFCLK0N_224,NA,224,GTY,0
AK9,MGTREFCLK0P_224,NA,224,GTY,0
AH8,MGTREFCLK1N_224,NA,224,GTY,0
AH9,MGTREFCLK1P_224,NA,224,GTY,0
BE5,MGTYRXN0_224,NA,224,GTY,0
BD3,MGTYRXN1_224,NA,224,GTY,0
BB3,MGTYRXN2_224,NA,224,GTY,0
AY3,MGTYRXN3_224,NA,224,GTY,0
BE6,MGTYRXP0_224,NA,224,GTY,0
BD4,MGTYRXP1_224,NA,224,GTY,0
BB4,MGTYRXP2_224,NA,224,GTY,0
AY4,MGTYRXP3_224,NA,224,GTY,0
AT8,MGTYTXN0_224,NA,224,GTY,0
AR6,MGTYTXN1_224,NA,224,GTY,0
AP8,MGTYTXN2_224,NA,224,GTY,0
AN6,MGTYTXN3_224,NA,224,GTY,0
AT9,MGTYTXP0_224,NA,224,GTY,0
AR7,MGTYTXP1_224,NA,224,GTY,0
AP9,MGTYTXP2_224,NA,224,GTY,0
AN7,MGTYTXP3_224,NA,224,GTY,0
AG10,MGTAVTTRCAL_RS,NA,NA,NA,0
AF8,MGTREFCLK0N_225,NA,225,GTY,0
AF9,MGTREFCLK0P_225,NA,225,GTY,0
AE10,MGTREFCLK1N_225,NA,225,GTY,0
AE11,MGTREFCLK1P_225,NA,225,GTY,0
AG11,MGTRREF_RS,NA,NA,NA,0
BC1,MGTYRXN0_225,NA,225,GTY,0
BA1,MGTYRXN1_225,NA,225,GTY,0
AW1,MGTYRXN2_225,NA,225,GTY,0
AV3,MGTYRXN3_225,NA,225,GTY,0
BC2,MGTYRXP0_225,NA,225,GTY,0
BA2,MGTYRXP1_225,NA,225,GTY,0
AW2,MGTYRXP2_225,NA,225,GTY,0
AV4,MGTYRXP3_225,NA,225,GTY,0
AM8,MGTYTXN0_225,NA,225,GTY,0
AL6,MGTYTXN1_225,NA,225,GTY,0
AJ6,MGTYTXN2_225,NA,225,GTY,0
AG6,MGTYTXN3_225,NA,225,GTY,0
AM9,MGTYTXP0_225,NA,225,GTY,0
AL7,MGTYTXP1_225,NA,225,GTY,0
AJ7,MGTYTXP2_225,NA,225,GTY,0
AG7,MGTYTXP3_225,NA,225,GTY,0
AD8,MGTREFCLK0N_226,NA,226,GTY,0
AD9,MGTREFCLK0P_226,NA,226,GTY,0
AC10,MGTREFCLK1N_226,NA,226,GTY,0
AC11,MGTREFCLK1P_226,NA,226,GTY,0
AU1,MGTYRXN0_226,NA,226,GTY,0
AT3,MGTYRXN1_226,NA,226,GTY,0
AR1,MGTYRXN2_226,NA,226,GTY,0
AP3,MGTYRXN3_226,NA,226,GTY,0
AU2,MGTYRXP0_226,NA,226,GTY,0
AT4,MGTYRXP1_226,NA,226,GTY,0
AR2,MGTYRXP2_226,NA,226,GTY,0
AP4,MGTYRXP3_226,NA,226,GTY,0
AH4,MGTYTXN0_226,NA,226,GTY,0
AE6,MGTYTXN1_226,NA,226,GTY,0
AF4,MGTYTXN2_226,NA,226,GTY,0
AD4,MGTYTXN3_226,NA,226,GTY,0
AH5,MGTYTXP0_226,NA,226,GTY,0
AE7,MGTYTXP1_226,NA,226,GTY,0
AF5,MGTYTXP2_226,NA,226,GTY,0
AD5,MGTYTXP3_226,NA,226,GTY,0
AB8,MGTREFCLK0N_227,NA,227,GTY,0
AB9,MGTREFCLK0P_227,NA,227,GTY,0
AA10,MGTREFCLK1N_227,NA,227,GTY,0
AA11,MGTREFCLK1P_227,NA,227,GTY,0
AN1,MGTYRXN0_227,NA,227,GTY,0
AK3,MGTYRXN1_227,NA,227,GTY,0
AM3,MGTYRXN2_227,NA,227,GTY,0
AL1,MGTYRXN3_227,NA,227,GTY,0
AN2,MGTYRXP0_227,NA,227,GTY,0
AK4,MGTYRXP1_227,NA,227,GTY,0
AM4,MGTYRXP2_227,NA,227,GTY,0
AL2,MGTYRXP3_227,NA,227,GTY,0
AC6,MGTYTXN0_227,NA,227,GTY,0
AB4,MGTYTXN1_227,NA,227,GTY,0
AA6,MGTYTXN2_227,NA,227,GTY,0
Y4,MGTYTXN3_227,NA,227,GTY,0
AC7,MGTYTXP0_227,NA,227,GTY,0
AB5,MGTYTXP1_227,NA,227,GTY,0
AA7,MGTYTXP2_227,NA,227,GTY,0
Y5,MGTYTXP3_227,NA,227,GTY,0
Y8,MGTREFCLK0N_228,NA,228,GTY,1
Y9,MGTREFCLK0P_228,NA,228,GTY,1
V8,MGTREFCLK1N_228,NA,228,GTY,1
V9,MGTREFCLK1P_228,NA,228,GTY,1
AJ1,MGTYRXN0_228,NA,228,GTY,1
AG1,MGTYRXN1_228,NA,228,GTY,1
AE1,MGTYRXN2_228,NA,228,GTY,1
AC1,MGTYRXN3_228,NA,228,GTY,1
AJ2,MGTYRXP0_228,NA,228,GTY,1
AG2,MGTYRXP1_228,NA,228,GTY,1
AE2,MGTYRXP2_228,NA,228,GTY,1
AC2,MGTYRXP3_228,NA,228,GTY,1
W6,MGTYTXN0_228,NA,228,GTY,1
U6,MGTYTXN1_228,NA,228,GTY,1
T4,MGTYTXN2_228,NA,228,GTY,1
R6,MGTYTXN3_228,NA,228,GTY,1
W7,MGTYTXP0_228,NA,228,GTY,1
U7,MGTYTXP1_228,NA,228,GTY,1
T5,MGTYTXP2_228,NA,228,GTY,1
R7,MGTYTXP3_228,NA,228,GTY,1
W10,MGTAVTTRCAL_RN,NA,NA,NA,1
U10,MGTREFCLK0N_229,NA,229,GTY,1
U11,MGTREFCLK0P_229,NA,229,GTY,1
T8,MGTREFCLK1N_229,NA,229,GTY,1
T9,MGTREFCLK1P_229,NA,229,GTY,1
W11,MGTRREF_RN,NA,NA,NA,1
V3,MGTYRXN0_229,NA,229,GTY,1
AA1,MGTYRXN1_229,NA,229,GTY,1
W1,MGTYRXN2_229,NA,229,GTY,1
U1,MGTYRXN3_229,NA,229,GTY,1
V4,MGTYRXP0_229,NA,229,GTY,1
AA2,MGTYRXP1_229,NA,229,GTY,1
W2,MGTYRXP2_229,NA,229,GTY,1
U2,MGTYRXP3_229,NA,229,GTY,1
P4,MGTYTXN0_229,NA,229,GTY,1
N6,MGTYTXN1_229,NA,229,GTY,1
K4,MGTYTXN2_229,NA,229,GTY,1
L6,MGTYTXN3_229,NA,229,GTY,1
P5,MGTYTXP0_229,NA,229,GTY,1
N7,MGTYTXP1_229,NA,229,GTY,1
K5,MGTYTXP2_229,NA,229,GTY,1
L7,MGTYTXP3_229,NA,229,GTY,1
R10,MGTREFCLK0N_230,NA,230,GTY,1
R11,MGTREFCLK0P_230,NA,230,GTY,1
P8,MGTREFCLK1N_230,NA,230,GTY,1
P9,MGTREFCLK1P_230,NA,230,GTY,1
R1,MGTYRXN0_230,NA,230,GTY,1
N1,MGTYRXN1_230,NA,230,GTY,1
M3,MGTYRXN2_230,NA,230,GTY,1
L1,MGTYRXN3_230,NA,230,GTY,1
R2,MGTYRXP0_230,NA,230,GTY,1
N2,MGTYRXP1_230,NA,230,GTY,1
M4,MGTYRXP2_230,NA,230,GTY,1
L2,MGTYRXP3_230,NA,230,GTY,1
J6,MGTYTXN0_230,NA,230,GTY,1
H4,MGTYTXN1_230,NA,230,GTY,1
G6,MGTYTXN2_230,NA,230,GTY,1
E6,MGTYTXN3_230,NA,230,GTY,1
J7,MGTYTXP0_230,NA,230,GTY,1
H5,MGTYTXP1_230,NA,230,GTY,1
G7,MGTYTXP2_230,NA,230,GTY,1
E7,MGTYTXP3_230,NA,230,GTY,1
N10,MGTREFCLK0N_231,NA,231,GTY,1
N11,MGTREFCLK0P_231,NA,231,GTY,1
M8,MGTREFCLK1N_231,NA,231,GTY,1
M9,MGTREFCLK1P_231,NA,231,GTY,1
J1,MGTYRXN0_231,NA,231,GTY,1
G1,MGTYRXN1_231,NA,231,GTY,1
F3,MGTYRXN2_231,NA,231,GTY,1
E1,MGTYRXN3_231,NA,231,GTY,1
J2,MGTYRXP0_231,NA,231,GTY,1
G2,MGTYRXP1_231,NA,231,GTY,1
F4,MGTYRXP2_231,NA,231,GTY,1
E2,MGTYRXP3_231,NA,231,GTY,1
D4,MGTYTXN0_231,NA,231,GTY,1
C6,MGTYTXN1_231,NA,231,GTY,1
B4,MGTYTXN2_231,NA,231,GTY,1
A6,MGTYTXN3_231,NA,231,GTY,1
D5,MGTYTXP0_231,NA,231,GTY,1
C7,MGTYTXP1_231,NA,231,GTY,1
B5,MGTYTXP2_231,NA,231,GTY,1
A7,MGTYTXP3_231,NA,231,GTY,1
AY8,VCCO_0,NA,0,NA,0
BC9,VCCO_0,NA,0,NA,0
AU28,VCCAUX_HBM_43,NA,43,NA,NA
AU30,VCCAUX_HBM_43,NA,43,NA,NA
AN24,VCC_HBM_43,NA,43,NA,NA
AN26,VCC_HBM_43,NA,43,NA,NA
AN28,VCC_HBM_43,NA,43,NA,NA
AN30,VCC_HBM_43,NA,43,NA,NA
AN32,VCC_HBM_43,NA,43,NA,NA
AN34,VCC_HBM_43,NA,43,NA,NA
AN36,VCC_HBM_43,NA,43,NA,NA
AP25,VCC_HBM_43,NA,43,NA,NA
AP27,VCC_HBM_43,NA,43,NA,NA
AP29,VCC_HBM_43,NA,43,NA,NA
AP31,VCC_HBM_43,NA,43,NA,NA
AP33,VCC_HBM_43,NA,43,NA,NA
AP35,VCC_HBM_43,NA,43,NA,NA
AR24,VCC_HBM_43,NA,43,NA,NA
AR26,VCC_HBM_43,NA,43,NA,NA
AR28,VCC_HBM_43,NA,43,NA,NA
AR30,VCC_HBM_43,NA,43,NA,NA
AR32,VCC_HBM_43,NA,43,NA,NA
AR34,VCC_HBM_43,NA,43,NA,NA
AR36,VCC_HBM_43,NA,43,NA,NA
AT25,VCC_HBM_43,NA,43,NA,NA
AT27,VCC_HBM_43,NA,43,NA,NA
AT29,VCC_HBM_43,NA,43,NA,NA
AT31,VCC_HBM_43,NA,43,NA,NA
AT33,VCC_HBM_43,NA,43,NA,NA
AT35,VCC_HBM_43,NA,43,NA,NA
AU24,VCC_HBM_43,NA,43,NA,NA
AU26,VCC_HBM_43,NA,43,NA,NA
AU32,VCC_HBM_43,NA,43,NA,NA
AK25,VCC_IO_HBM_43,NA,43,NA,NA
AK27,VCC_IO_HBM_43,NA,43,NA,NA
AK29,VCC_IO_HBM_43,NA,43,NA,NA
AK31,VCC_IO_HBM_43,NA,43,NA,NA
AK33,VCC_IO_HBM_43,NA,43,NA,NA
AK35,VCC_IO_HBM_43,NA,43,NA,NA
AL24,VCC_IO_HBM_43,NA,43,NA,NA
AL26,VCC_IO_HBM_43,NA,43,NA,NA
AL28,VCC_IO_HBM_43,NA,43,NA,NA
AL30,VCC_IO_HBM_43,NA,43,NA,NA
AL32,VCC_IO_HBM_43,NA,43,NA,NA
AL34,VCC_IO_HBM_43,NA,43,NA,NA
AL36,VCC_IO_HBM_43,NA,43,NA,NA
AM25,VCC_IO_HBM_43,NA,43,NA,NA
AM27,VCC_IO_HBM_43,NA,43,NA,NA
AM29,VCC_IO_HBM_43,NA,43,NA,NA
AM31,VCC_IO_HBM_43,NA,43,NA,NA
AM33,VCC_IO_HBM_43,NA,43,NA,NA
AM35,VCC_IO_HBM_43,NA,43,NA,NA
AY18,VCCO_64,NA,64,NA,0
BA15,VCCO_64,NA,64,NA,0
BC19,VCCO_64,NA,64,NA,0
AY23,VCCO_65,NA,65,NA,0
BB27,VCCO_65,NA,65,NA,0
BC24,VCCO_65,NA,65,NA,0
AY33,VCCO_66,NA,66,NA,0
BA30,VCCO_66,NA,66,NA,0
BC34,VCCO_66,NA,66,NA,0
C10,VCCO_67,NA,67,NA,0
E14,VCCO_67,NA,67,NA,0
F11,VCCO_67,NA,67,NA,0
C20,VCCO_68,NA,68,NA,1
D17,VCCO_68,NA,68,NA,1
G18,VCCO_68,NA,68,NA,1
C25,VCCO_69,NA,69,NA,1
F26,VCCO_69,NA,69,NA,1
G23,VCCO_69,NA,69,NA,1
C35,VCCO_70,NA,70,NA,1
F36,VCCO_70,NA,70,NA,1
G33,VCCO_70,NA,70,NA,1
B28,VCCO_71,NA,71,NA,1
E29,VCCO_71,NA,71,NA,1
H30,VCCO_71,NA,71,NA,1
AU18,VCCAUX_HBM_83,NA,83,NA,NA
AU20,VCCAUX_HBM_83,NA,83,NA,NA
AN12,VCC_HBM_83,NA,83,NA,NA
AN14,VCC_HBM_83,NA,83,NA,NA
AN16,VCC_HBM_83,NA,83,NA,NA
AN18,VCC_HBM_83,NA,83,NA,NA
AN20,VCC_HBM_83,NA,83,NA,NA
AN22,VCC_HBM_83,NA,83,NA,NA
AP11,VCC_HBM_83,NA,83,NA,NA
AP13,VCC_HBM_83,NA,83,NA,NA
AP15,VCC_HBM_83,NA,83,NA,NA
AP17,VCC_HBM_83,NA,83,NA,NA
AP19,VCC_HBM_83,NA,83,NA,NA
AP21,VCC_HBM_83,NA,83,NA,NA
AP23,VCC_HBM_83,NA,83,NA,NA
AR12,VCC_HBM_83,NA,83,NA,NA
AR14,VCC_HBM_83,NA,83,NA,NA
AR16,VCC_HBM_83,NA,83,NA,NA
AR18,VCC_HBM_83,NA,83,NA,NA
AR20,VCC_HBM_83,NA,83,NA,NA
AR22,VCC_HBM_83,NA,83,NA,NA
AT11,VCC_HBM_83,NA,83,NA,NA
AT13,VCC_HBM_83,NA,83,NA,NA
AT15,VCC_HBM_83,NA,83,NA,NA
AT17,VCC_HBM_83,NA,83,NA,NA
AT19,VCC_HBM_83,NA,83,NA,NA
AT21,VCC_HBM_83,NA,83,NA,NA
AT23,VCC_HBM_83,NA,83,NA,NA
AU16,VCC_HBM_83,NA,83,NA,NA
AU22,VCC_HBM_83,NA,83,NA,NA
AK11,VCC_IO_HBM_83,NA,83,NA,NA
AK13,VCC_IO_HBM_83,NA,83,NA,NA
AK15,VCC_IO_HBM_83,NA,83,NA,NA
AK17,VCC_IO_HBM_83,NA,83,NA,NA
AK19,VCC_IO_HBM_83,NA,83,NA,NA
AK21,VCC_IO_HBM_83,NA,83,NA,NA
AK23,VCC_IO_HBM_83,NA,83,NA,NA
AL12,VCC_IO_HBM_83,NA,83,NA,NA
AL14,VCC_IO_HBM_83,NA,83,NA,NA
AL16,VCC_IO_HBM_83,NA,83,NA,NA
AL18,VCC_IO_HBM_83,NA,83,NA,NA
AL20,VCC_IO_HBM_83,NA,83,NA,NA
AL22,VCC_IO_HBM_83,NA,83,NA,NA
AM11,VCC_IO_HBM_83,NA,83,NA,NA
AM13,VCC_IO_HBM_83,NA,83,NA,NA
AM15,VCC_IO_HBM_83,NA,83,NA,NA
AM17,VCC_IO_HBM_83,NA,83,NA,NA
AM19,VCC_IO_HBM_83,NA,83,NA,NA
AM21,VCC_IO_HBM_83,NA,83,NA,NA
AM23,VCC_IO_HBM_83,NA,83,NA,NA
A11,GND,NA,NA,NA,NA
A16,GND,NA,NA,NA,NA
A21,GND,NA,NA,NA,NA
A26,GND,NA,NA,NA,NA
A3,GND,NA,NA,NA,NA
A31,GND,NA,NA,NA,NA
A36,GND,NA,NA,NA,NA
A39,GND,NA,NA,NA,NA
A4,GND,NA,NA,NA,NA
A42,GND,NA,NA,NA,NA
A43,GND,NA,NA,NA,NA
A44,GND,NA,NA,NA,NA
A5,GND,NA,NA,NA,NA
A8,GND,NA,NA,NA,NA
AA12,GND,NA,NA,NA,NA
AA13,GND,NA,NA,NA,NA
AA15,GND,NA,NA,NA,NA
AA17,GND,NA,NA,NA,NA
AA19,GND,NA,NA,NA,NA
AA21,GND,NA,NA,NA,NA
AA25,GND,NA,NA,NA,NA
AA27,GND,NA,NA,NA,NA
AA29,GND,NA,NA,NA,NA
AA3,GND,NA,NA,NA,NA
AA31,GND,NA,NA,NA,NA
AA33,GND,NA,NA,NA,NA
AA35,GND,NA,NA,NA,NA
AA39,GND,NA,NA,NA,NA
AA4,GND,NA,NA,NA,NA
AA43,GND,NA,NA,NA,NA
AA44,GND,NA,NA,NA,NA
AA8,GND,NA,NA,NA,NA
AB1,GND,NA,NA,NA,NA
AB10,GND,NA,NA,NA,NA
AB12,GND,NA,NA,NA,NA
AB14,GND,NA,NA,NA,NA
AB16,GND,NA,NA,NA,NA
AB18,GND,NA,NA,NA,NA
AB2,GND,NA,NA,NA,NA
AB20,GND,NA,NA,NA,NA
AB22,GND,NA,NA,NA,NA
AB24,GND,NA,NA,NA,NA
AB26,GND,NA,NA,NA,NA
AB28,GND,NA,NA,NA,NA
AB3,GND,NA,NA,NA,NA
AB30,GND,NA,NA,NA,NA
AB32,GND,NA,NA,NA,NA
AB34,GND,NA,NA,NA,NA
AB35,GND,NA,NA,NA,NA
AB37,GND,NA,NA,NA,NA
AB41,GND,NA,NA,NA,NA
AB44,GND,NA,NA,NA,NA
AB45,GND,NA,NA,NA,NA
AB46,GND,NA,NA,NA,NA
AB6,GND,NA,NA,NA,NA
AC12,GND,NA,NA,NA,NA
AC13,GND,NA,NA,NA,NA
AC15,GND,NA,NA,NA,NA
AC17,GND,NA,NA,NA,NA
AC19,GND,NA,NA,NA,NA
AC21,GND,NA,NA,NA,NA
AC23,GND,NA,NA,NA,NA
AC25,GND,NA,NA,NA,NA
AC27,GND,NA,NA,NA,NA
AC29,GND,NA,NA,NA,NA
AC3,GND,NA,NA,NA,NA
AC31,GND,NA,NA,NA,NA
AC33,GND,NA,NA,NA,NA
AC35,GND,NA,NA,NA,NA
AC39,GND,NA,NA,NA,NA
AC4,GND,NA,NA,NA,NA
AC43,GND,NA,NA,NA,NA
AC44,GND,NA,NA,NA,NA
AC8,GND,NA,NA,NA,NA
AD1,GND,NA,NA,NA,NA
AD10,GND,NA,NA,NA,NA
AD12,GND,NA,NA,NA,NA
AD14,GND,NA,NA,NA,NA
AD16,GND,NA,NA,NA,NA
AD18,GND,NA,NA,NA,NA
AD2,GND,NA,NA,NA,NA
AD20,GND,NA,NA,NA,NA
AD22,GND,NA,NA,NA,NA
AD24,GND,NA,NA,NA,NA
AD26,GND,NA,NA,NA,NA
AD28,GND,NA,NA,NA,NA
AD3,GND,NA,NA,NA,NA
AD30,GND,NA,NA,NA,NA
AD32,GND,NA,NA,NA,NA
AD34,GND,NA,NA,NA,NA
AD35,GND,NA,NA,NA,NA
AD37,GND,NA,NA,NA,NA
AD41,GND,NA,NA,NA,NA
AD44,GND,NA,NA,NA,NA
AD45,GND,NA,NA,NA,NA
AD46,GND,NA,NA,NA,NA
AD6,GND,NA,NA,NA,NA
AE12,GND,NA,NA,NA,NA
AE13,GND,NA,NA,NA,NA
AE15,GND,NA,NA,NA,NA
AE17,GND,NA,NA,NA,NA
AE19,GND,NA,NA,NA,NA
AE21,GND,NA,NA,NA,NA
AE23,GND,NA,NA,NA,NA
AE25,GND,NA,NA,NA,NA
AE27,GND,NA,NA,NA,NA
AE29,GND,NA,NA,NA,NA
AE3,GND,NA,NA,NA,NA
AE31,GND,NA,NA,NA,NA
AE33,GND,NA,NA,NA,NA
AE35,GND,NA,NA,NA,NA
AE39,GND,NA,NA,NA,NA
AE4,GND,NA,NA,NA,NA
AE43,GND,NA,NA,NA,NA
AE44,GND,NA,NA,NA,NA
AE8,GND,NA,NA,NA,NA
AF1,GND,NA,NA,NA,NA
AF10,GND,NA,NA,NA,NA
AF12,GND,NA,NA,NA,NA
AF14,GND,NA,NA,NA,NA
AF16,GND,NA,NA,NA,NA
AF18,GND,NA,NA,NA,NA
AF2,GND,NA,NA,NA,NA
AF20,GND,NA,NA,NA,NA
AF22,GND,NA,NA,NA,NA
AF24,GND,NA,NA,NA,NA
AF26,GND,NA,NA,NA,NA
AF28,GND,NA,NA,NA,NA
AF3,GND,NA,NA,NA,NA
AF30,GND,NA,NA,NA,NA
AF32,GND,NA,NA,NA,NA
AF34,GND,NA,NA,NA,NA
AF35,GND,NA,NA,NA,NA
AF37,GND,NA,NA,NA,NA
AF41,GND,NA,NA,NA,NA
AF44,GND,NA,NA,NA,NA
AF45,GND,NA,NA,NA,NA
AF46,GND,NA,NA,NA,NA
AF6,GND,NA,NA,NA,NA
AG12,GND,NA,NA,NA,NA
AG13,GND,NA,NA,NA,NA
AG15,GND,NA,NA,NA,NA
AG17,GND,NA,NA,NA,NA
AG19,GND,NA,NA,NA,NA
AG21,GND,NA,NA,NA,NA
AG23,GND,NA,NA,NA,NA
AG25,GND,NA,NA,NA,NA
AG27,GND,NA,NA,NA,NA
AG29,GND,NA,NA,NA,NA
AG3,GND,NA,NA,NA,NA
AG31,GND,NA,NA,NA,NA
AG33,GND,NA,NA,NA,NA
AG35,GND,NA,NA,NA,NA
AG39,GND,NA,NA,NA,NA
AG4,GND,NA,NA,NA,NA
AG43,GND,NA,NA,NA,NA
AG44,GND,NA,NA,NA,NA
AG8,GND,NA,NA,NA,NA
AH1,GND,NA,NA,NA,NA
AH10,GND,NA,NA,NA,NA
AH11,GND,NA,NA,NA,NA
AH12,GND,NA,NA,NA,NA
AH14,GND,NA,NA,NA,NA
AH16,GND,NA,NA,NA,NA
AH18,GND,NA,NA,NA,NA
AH2,GND,NA,NA,NA,NA
AH20,GND,NA,NA,NA,NA
AH22,GND,NA,NA,NA,NA
AH24,GND,NA,NA,NA,NA
AH26,GND,NA,NA,NA,NA
AH28,GND,NA,NA,NA,NA
AH3,GND,NA,NA,NA,NA
AH30,GND,NA,NA,NA,NA
AH32,GND,NA,NA,NA,NA
AH34,GND,NA,NA,NA,NA
AH35,GND,NA,NA,NA,NA
AH36,GND,NA,NA,NA,NA
AH37,GND,NA,NA,NA,NA
AH41,GND,NA,NA,NA,NA
AH44,GND,NA,NA,NA,NA
AH45,GND,NA,NA,NA,NA
AH46,GND,NA,NA,NA,NA
AH6,GND,NA,NA,NA,NA
AJ10,GND,NA,NA,NA,NA
AJ11,GND,NA,NA,NA,NA
AJ13,GND,NA,NA,NA,NA
AJ15,GND,NA,NA,NA,NA
AJ17,GND,NA,NA,NA,NA
AJ19,GND,NA,NA,NA,NA
AJ21,GND,NA,NA,NA,NA
AJ23,GND,NA,NA,NA,NA
AJ25,GND,NA,NA,NA,NA
AJ27,GND,NA,NA,NA,NA
AJ29,GND,NA,NA,NA,NA
AJ3,GND,NA,NA,NA,NA
AJ31,GND,NA,NA,NA,NA
AJ33,GND,NA,NA,NA,NA
AJ35,GND,NA,NA,NA,NA
AJ37,GND,NA,NA,NA,NA
AJ39,GND,NA,NA,NA,NA
AJ4,GND,NA,NA,NA,NA
AJ42,GND,NA,NA,NA,NA
AJ43,GND,NA,NA,NA,NA
AJ44,GND,NA,NA,NA,NA
AJ5,GND,NA,NA,NA,NA
AJ8,GND,NA,NA,NA,NA
AK1,GND,NA,NA,NA,NA
AK10,GND,NA,NA,NA,NA
AK12,GND,NA,NA,NA,NA
AK14,GND,NA,NA,NA,NA
AK16,GND,NA,NA,NA,NA
AK18,GND,NA,NA,NA,NA
AK2,GND,NA,NA,NA,NA
AK20,GND,NA,NA,NA,NA
AK22,GND,NA,NA,NA,NA
AK24,GND,NA,NA,NA,NA
AK26,GND,NA,NA,NA,NA
AK28,GND,NA,NA,NA,NA
AK30,GND,NA,NA,NA,NA
AK32,GND,NA,NA,NA,NA
AK34,GND,NA,NA,NA,NA
AK36,GND,NA,NA,NA,NA
AK37,GND,NA,NA,NA,NA
AK41,GND,NA,NA,NA,NA
AK42,GND,NA,NA,NA,NA
AK45,GND,NA,NA,NA,NA
AK46,GND,NA,NA,NA,NA
AK5,GND,NA,NA,NA,NA
AK6,GND,NA,NA,NA,NA
AL10,GND,NA,NA,NA,NA
AL11,GND,NA,NA,NA,NA
AL13,GND,NA,NA,NA,NA
AL15,GND,NA,NA,NA,NA
AL17,GND,NA,NA,NA,NA
AL19,GND,NA,NA,NA,NA
AL21,GND,NA,NA,NA,NA
AL23,GND,NA,NA,NA,NA
AL25,GND,NA,NA,NA,NA
AL27,GND,NA,NA,NA,NA
AL29,GND,NA,NA,NA,NA
AL3,GND,NA,NA,NA,NA
AL31,GND,NA,NA,NA,NA
AL33,GND,NA,NA,NA,NA
AL35,GND,NA,NA,NA,NA
AL37,GND,NA,NA,NA,NA
AL39,GND,NA,NA,NA,NA
AL4,GND,NA,NA,NA,NA
AL42,GND,NA,NA,NA,NA
AL43,GND,NA,NA,NA,NA
AL44,GND,NA,NA,NA,NA
AL5,GND,NA,NA,NA,NA
AL8,GND,NA,NA,NA,NA
AM1,GND,NA,NA,NA,NA
AM10,GND,NA,NA,NA,NA
AM12,GND,NA,NA,NA,NA
AM14,GND,NA,NA,NA,NA
AM16,GND,NA,NA,NA,NA
AM18,GND,NA,NA,NA,NA
AM2,GND,NA,NA,NA,NA
AM20,GND,NA,NA,NA,NA
AM22,GND,NA,NA,NA,NA
AM24,GND,NA,NA,NA,NA
AM26,GND,NA,NA,NA,NA
AM28,GND,NA,NA,NA,NA
AM30,GND,NA,NA,NA,NA
AM32,GND,NA,NA,NA,NA
AM34,GND,NA,NA,NA,NA
AM36,GND,NA,NA,NA,NA
AM37,GND,NA,NA,NA,NA
AM41,GND,NA,NA,NA,NA
AM42,GND,NA,NA,NA,NA
AM45,GND,NA,NA,NA,NA
AM46,GND,NA,NA,NA,NA
AM5,GND,NA,NA,NA,NA
AM6,GND,NA,NA,NA,NA
AN10,GND,NA,NA,NA,NA
AN11,GND,NA,NA,NA,NA
AN13,GND,NA,NA,NA,NA
AN15,GND,NA,NA,NA,NA
AN17,GND,NA,NA,NA,NA
AN19,GND,NA,NA,NA,NA
AN21,GND,NA,NA,NA,NA
AN23,GND,NA,NA,NA,NA
AN25,GND,NA,NA,NA,NA
AN27,GND,NA,NA,NA,NA
AN29,GND,NA,NA,NA,NA
AN3,GND,NA,NA,NA,NA
AN31,GND,NA,NA,NA,NA
AN33,GND,NA,NA,NA,NA
AN35,GND,NA,NA,NA,NA
AN37,GND,NA,NA,NA,NA
AN38,GND,NA,NA,NA,NA
AN39,GND,NA,NA,NA,NA
AN4,GND,NA,NA,NA,NA
AN42,GND,NA,NA,NA,NA
AN43,GND,NA,NA,NA,NA
AN44,GND,NA,NA,NA,NA
AN5,GND,NA,NA,NA,NA
AN8,GND,NA,NA,NA,NA
AN9,GND,NA,NA,NA,NA
AP1,GND,NA,NA,NA,NA
AP10,GND,NA,NA,NA,NA
AP12,GND,NA,NA,NA,NA
AP14,GND,NA,NA,NA,NA
AP16,GND,NA,NA,NA,NA
AP18,GND,NA,NA,NA,NA
AP2,GND,NA,NA,NA,NA
AP20,GND,NA,NA,NA,NA
AP22,GND,NA,NA,NA,NA
AP24,GND,NA,NA,NA,NA
AP26,GND,NA,NA,NA,NA
AP28,GND,NA,NA,NA,NA
AP30,GND,NA,NA,NA,NA
AP32,GND,NA,NA,NA,NA
AP34,GND,NA,NA,NA,NA
AP36,GND,NA,NA,NA,NA
AP37,GND,NA,NA,NA,NA
AP40,GND,NA,NA,NA,NA
AP41,GND,NA,NA,NA,NA
AP42,GND,NA,NA,NA,NA
AP45,GND,NA,NA,NA,NA
AP46,GND,NA,NA,NA,NA
AP5,GND,NA,NA,NA,NA
AP6,GND,NA,NA,NA,NA
AP7,GND,NA,NA,NA,NA
AR10,GND,NA,NA,NA,NA
AR11,GND,NA,NA,NA,NA
AR13,GND,NA,NA,NA,NA
AR15,GND,NA,NA,NA,NA
AR17,GND,NA,NA,NA,NA
AR19,GND,NA,NA,NA,NA
AR21,GND,NA,NA,NA,NA
AR23,GND,NA,NA,NA,NA
AR25,GND,NA,NA,NA,NA
AR27,GND,NA,NA,NA,NA
AR29,GND,NA,NA,NA,NA
AR3,GND,NA,NA,NA,NA
AR31,GND,NA,NA,NA,NA
AR33,GND,NA,NA,NA,NA
AR35,GND,NA,NA,NA,NA
AR37,GND,NA,NA,NA,NA
AR38,GND,NA,NA,NA,NA
AR39,GND,NA,NA,NA,NA
AR4,GND,NA,NA,NA,NA
AR42,GND,NA,NA,NA,NA
AR43,GND,NA,NA,NA,NA
AR44,GND,NA,NA,NA,NA
AR5,GND,NA,NA,NA,NA
AR8,GND,NA,NA,NA,NA
AR9,GND,NA,NA,NA,NA
AT1,GND,NA,NA,NA,NA
AT10,GND,NA,NA,NA,NA
AT12,GND,NA,NA,NA,NA
AT14,GND,NA,NA,NA,NA
AT16,GND,NA,NA,NA,NA
AT18,GND,NA,NA,NA,NA
AT2,GND,NA,NA,NA,NA
AT20,GND,NA,NA,NA,NA
AT22,GND,NA,NA,NA,NA
AT24,GND,NA,NA,NA,NA
AT26,GND,NA,NA,NA,NA
AT28,GND,NA,NA,NA,NA
AT30,GND,NA,NA,NA,NA
AT32,GND,NA,NA,NA,NA
AT34,GND,NA,NA,NA,NA
AT36,GND,NA,NA,NA,NA
AT37,GND,NA,NA,NA,NA
AT40,GND,NA,NA,NA,NA
AT41,GND,NA,NA,NA,NA
AT42,GND,NA,NA,NA,NA
AT45,GND,NA,NA,NA,NA
AT46,GND,NA,NA,NA,NA
AT5,GND,NA,NA,NA,NA
AT6,GND,NA,NA,NA,NA
AT7,GND,NA,NA,NA,NA
AU10,GND,NA,NA,NA,NA
AU11,GND,NA,NA,NA,NA
AU13,GND,NA,NA,NA,NA
AU15,GND,NA,NA,NA,NA
AU17,GND,NA,NA,NA,NA
AU19,GND,NA,NA,NA,NA
AU21,GND,NA,NA,NA,NA
AU23,GND,NA,NA,NA,NA
AU25,GND,NA,NA,NA,NA
AU27,GND,NA,NA,NA,NA
AU29,GND,NA,NA,NA,NA
AU3,GND,NA,NA,NA,NA
AU31,GND,NA,NA,NA,NA
AU33,GND,NA,NA,NA,NA
AU35,GND,NA,NA,NA,NA
AU37,GND,NA,NA,NA,NA
AU38,GND,NA,NA,NA,NA
AU39,GND,NA,NA,NA,NA
AU4,GND,NA,NA,NA,NA
AU40,GND,NA,NA,NA,NA
AU42,GND,NA,NA,NA,NA
AU43,GND,NA,NA,NA,NA
AU44,GND,NA,NA,NA,NA
AU5,GND,NA,NA,NA,NA
AU7,GND,NA,NA,NA,NA
AU8,GND,NA,NA,NA,NA
AU9,GND,NA,NA,NA,NA
AV1,GND,NA,NA,NA,NA
AV14,GND,NA,NA,NA,NA
AV19,GND,NA,NA,NA,NA
AV2,GND,NA,NA,NA,NA
AV24,GND,NA,NA,NA,NA
AV29,GND,NA,NA,NA,NA
AV34,GND,NA,NA,NA,NA
AV39,GND,NA,NA,NA,NA
AV42,GND,NA,NA,NA,NA
AV45,GND,NA,NA,NA,NA
AV46,GND,NA,NA,NA,NA
AV5,GND,NA,NA,NA,NA
AV9,GND,NA,NA,NA,NA
AW11,GND,NA,NA,NA,NA
AW16,GND,NA,NA,NA,NA
AW21,GND,NA,NA,NA,NA
AW26,GND,NA,NA,NA,NA
AW3,GND,NA,NA,NA,NA
AW31,GND,NA,NA,NA,NA
AW36,GND,NA,NA,NA,NA
AW4,GND,NA,NA,NA,NA
AW41,GND,NA,NA,NA,NA
AW42,GND,NA,NA,NA,NA
AW43,GND,NA,NA,NA,NA
AW44,GND,NA,NA,NA,NA
AW5,GND,NA,NA,NA,NA
AW6,GND,NA,NA,NA,NA
AY1,GND,NA,NA,NA,NA
AY13,GND,NA,NA,NA,NA
AY2,GND,NA,NA,NA,NA
AY28,GND,NA,NA,NA,NA
AY38,GND,NA,NA,NA,NA
AY42,GND,NA,NA,NA,NA
AY45,GND,NA,NA,NA,NA
AY46,GND,NA,NA,NA,NA
AY5,GND,NA,NA,NA,NA
B13,GND,NA,NA,NA,NA
B18,GND,NA,NA,NA,NA
B2,GND,NA,NA,NA,NA
B23,GND,NA,NA,NA,NA
B3,GND,NA,NA,NA,NA
B33,GND,NA,NA,NA,NA
B38,GND,NA,NA,NA,NA
B39,GND,NA,NA,NA,NA
B40,GND,NA,NA,NA,NA
B41,GND,NA,NA,NA,NA
B44,GND,NA,NA,NA,NA
B45,GND,NA,NA,NA,NA
B6,GND,NA,NA,NA,NA
B7,GND,NA,NA,NA,NA
B8,GND,NA,NA,NA,NA
BA10,GND,NA,NA,NA,NA
BA20,GND,NA,NA,NA,NA
BA25,GND,NA,NA,NA,NA
BA3,GND,NA,NA,NA,NA
BA35,GND,NA,NA,NA,NA
BA4,GND,NA,NA,NA,NA
BA40,GND,NA,NA,NA,NA
BA42,GND,NA,NA,NA,NA
BA43,GND,NA,NA,NA,NA
BA44,GND,NA,NA,NA,NA
BA5,GND,NA,NA,NA,NA
BB1,GND,NA,NA,NA,NA
BB12,GND,NA,NA,NA,NA
BB17,GND,NA,NA,NA,NA
BB2,GND,NA,NA,NA,NA
BB22,GND,NA,NA,NA,NA
BB32,GND,NA,NA,NA,NA
BB37,GND,NA,NA,NA,NA
BB42,GND,NA,NA,NA,NA
BB45,GND,NA,NA,NA,NA
BB46,GND,NA,NA,NA,NA
BB5,GND,NA,NA,NA,NA
BB7,GND,NA,NA,NA,NA
BC14,GND,NA,NA,NA,NA
BC29,GND,NA,NA,NA,NA
BC3,GND,NA,NA,NA,NA
BC39,GND,NA,NA,NA,NA
BC4,GND,NA,NA,NA,NA
BC42,GND,NA,NA,NA,NA
BC43,GND,NA,NA,NA,NA
BC44,GND,NA,NA,NA,NA
BC5,GND,NA,NA,NA,NA
BD1,GND,NA,NA,NA,NA
BD11,GND,NA,NA,NA,NA
BD16,GND,NA,NA,NA,NA
BD2,GND,NA,NA,NA,NA
BD21,GND,NA,NA,NA,NA
BD26,GND,NA,NA,NA,NA
BD31,GND,NA,NA,NA,NA
BD36,GND,NA,NA,NA,NA
BD41,GND,NA,NA,NA,NA
BD42,GND,NA,NA,NA,NA
BD45,GND,NA,NA,NA,NA
BD46,GND,NA,NA,NA,NA
BD5,GND,NA,NA,NA,NA
BD6,GND,NA,NA,NA,NA
BD7,GND,NA,NA,NA,NA
BE13,GND,NA,NA,NA,NA
BE18,GND,NA,NA,NA,NA
BE2,GND,NA,NA,NA,NA
BE23,GND,NA,NA,NA,NA
BE28,GND,NA,NA,NA,NA
BE3,GND,NA,NA,NA,NA
BE33,GND,NA,NA,NA,NA
BE38,GND,NA,NA,NA,NA
BE4,GND,NA,NA,NA,NA
BE41,GND,NA,NA,NA,NA
BE42,GND,NA,NA,NA,NA
BE43,GND,NA,NA,NA,NA
BE44,GND,NA,NA,NA,NA
BE45,GND,NA,NA,NA,NA
BE7,GND,NA,NA,NA,NA
BE8,GND,NA,NA,NA,NA
BF10,GND,NA,NA,NA,NA
BF15,GND,NA,NA,NA,NA
BF20,GND,NA,NA,NA,NA
BF25,GND,NA,NA,NA,NA
BF3,GND,NA,NA,NA,NA
BF30,GND,NA,NA,NA,NA
BF35,GND,NA,NA,NA,NA
BF4,GND,NA,NA,NA,NA
BF41,GND,NA,NA,NA,NA
BF44,GND,NA,NA,NA,NA
BF5,GND,NA,NA,NA,NA
BF6,GND,NA,NA,NA,NA
BF7,GND,NA,NA,NA,NA
C1,GND,NA,NA,NA,NA
C15,GND,NA,NA,NA,NA
C2,GND,NA,NA,NA,NA
C3,GND,NA,NA,NA,NA
C30,GND,NA,NA,NA,NA
C39,GND,NA,NA,NA,NA
C4,GND,NA,NA,NA,NA
C42,GND,NA,NA,NA,NA
C43,GND,NA,NA,NA,NA
C44,GND,NA,NA,NA,NA
C45,GND,NA,NA,NA,NA
C46,GND,NA,NA,NA,NA
C5,GND,NA,NA,NA,NA
C8,GND,NA,NA,NA,NA
D1,GND,NA,NA,NA,NA
D12,GND,NA,NA,NA,NA
D2,GND,NA,NA,NA,NA
D22,GND,NA,NA,NA,NA
D27,GND,NA,NA,NA,NA
D3,GND,NA,NA,NA,NA
D32,GND,NA,NA,NA,NA
D37,GND,NA,NA,NA,NA
D39,GND,NA,NA,NA,NA
D40,GND,NA,NA,NA,NA
D41,GND,NA,NA,NA,NA
D44,GND,NA,NA,NA,NA
D45,GND,NA,NA,NA,NA
D46,GND,NA,NA,NA,NA
D6,GND,NA,NA,NA,NA
D7,GND,NA,NA,NA,NA
D8,GND,NA,NA,NA,NA
E19,GND,NA,NA,NA,NA
E24,GND,NA,NA,NA,NA
E3,GND,NA,NA,NA,NA
E34,GND,NA,NA,NA,NA
E39,GND,NA,NA,NA,NA
E4,GND,NA,NA,NA,NA
E42,GND,NA,NA,NA,NA
E43,GND,NA,NA,NA,NA
E44,GND,NA,NA,NA,NA
E5,GND,NA,NA,NA,NA
E8,GND,NA,NA,NA,NA
F1,GND,NA,NA,NA,NA
F16,GND,NA,NA,NA,NA
F2,GND,NA,NA,NA,NA
F21,GND,NA,NA,NA,NA
F31,GND,NA,NA,NA,NA
F39,GND,NA,NA,NA,NA
F40,GND,NA,NA,NA,NA
F41,GND,NA,NA,NA,NA
F42,GND,NA,NA,NA,NA
F45,GND,NA,NA,NA,NA
F46,GND,NA,NA,NA,NA
F5,GND,NA,NA,NA,NA
F6,GND,NA,NA,NA,NA
F7,GND,NA,NA,NA,NA
F8,GND,NA,NA,NA,NA
G13,GND,NA,NA,NA,NA
G28,GND,NA,NA,NA,NA
G3,GND,NA,NA,NA,NA
G38,GND,NA,NA,NA,NA
G39,GND,NA,NA,NA,NA
G4,GND,NA,NA,NA,NA
G42,GND,NA,NA,NA,NA
G43,GND,NA,NA,NA,NA
G44,GND,NA,NA,NA,NA
G5,GND,NA,NA,NA,NA
G8,GND,NA,NA,NA,NA
H1,GND,NA,NA,NA,NA
H10,GND,NA,NA,NA,NA
H15,GND,NA,NA,NA,NA
H2,GND,NA,NA,NA,NA
H20,GND,NA,NA,NA,NA
H25,GND,NA,NA,NA,NA
H3,GND,NA,NA,NA,NA
H35,GND,NA,NA,NA,NA
H39,GND,NA,NA,NA,NA
H41,GND,NA,NA,NA,NA
H44,GND,NA,NA,NA,NA
H45,GND,NA,NA,NA,NA
H46,GND,NA,NA,NA,NA
H6,GND,NA,NA,NA,NA
H8,GND,NA,NA,NA,NA
J12,GND,NA,NA,NA,NA
J17,GND,NA,NA,NA,NA
J22,GND,NA,NA,NA,NA
J27,GND,NA,NA,NA,NA
J3,GND,NA,NA,NA,NA
J32,GND,NA,NA,NA,NA
J37,GND,NA,NA,NA,NA
J39,GND,NA,NA,NA,NA
J4,GND,NA,NA,NA,NA
J42,GND,NA,NA,NA,NA
J43,GND,NA,NA,NA,NA
J44,GND,NA,NA,NA,NA
J5,GND,NA,NA,NA,NA
J8,GND,NA,NA,NA,NA
K1,GND,NA,NA,NA,NA
K14,GND,NA,NA,NA,NA
K19,GND,NA,NA,NA,NA
K2,GND,NA,NA,NA,NA
K24,GND,NA,NA,NA,NA
K29,GND,NA,NA,NA,NA
K3,GND,NA,NA,NA,NA
K34,GND,NA,NA,NA,NA
K39,GND,NA,NA,NA,NA
K41,GND,NA,NA,NA,NA
K44,GND,NA,NA,NA,NA
K45,GND,NA,NA,NA,NA
K46,GND,NA,NA,NA,NA
K6,GND,NA,NA,NA,NA
K8,GND,NA,NA,NA,NA
L10,GND,NA,NA,NA,NA
L21,GND,NA,NA,NA,NA
L26,GND,NA,NA,NA,NA
L3,GND,NA,NA,NA,NA
L31,GND,NA,NA,NA,NA
L36,GND,NA,NA,NA,NA
L37,GND,NA,NA,NA,NA
L38,GND,NA,NA,NA,NA
L39,GND,NA,NA,NA,NA
L4,GND,NA,NA,NA,NA
L42,GND,NA,NA,NA,NA
L43,GND,NA,NA,NA,NA
L44,GND,NA,NA,NA,NA
L5,GND,NA,NA,NA,NA
L8,GND,NA,NA,NA,NA
L9,GND,NA,NA,NA,NA
M1,GND,NA,NA,NA,NA
M10,GND,NA,NA,NA,NA
M11,GND,NA,NA,NA,NA
M12,GND,NA,NA,NA,NA
M14,GND,NA,NA,NA,NA
M16,GND,NA,NA,NA,NA
M18,GND,NA,NA,NA,NA
M2,GND,NA,NA,NA,NA
M20,GND,NA,NA,NA,NA
M22,GND,NA,NA,NA,NA
M24,GND,NA,NA,NA,NA
M26,GND,NA,NA,NA,NA
M28,GND,NA,NA,NA,NA
M30,GND,NA,NA,NA,NA
M32,GND,NA,NA,NA,NA
M34,GND,NA,NA,NA,NA
M35,GND,NA,NA,NA,NA
M36,GND,NA,NA,NA,NA
M37,GND,NA,NA,NA,NA
M41,GND,NA,NA,NA,NA
M42,GND,NA,NA,NA,NA
M45,GND,NA,NA,NA,NA
M46,GND,NA,NA,NA,NA
M5,GND,NA,NA,NA,NA
M6,GND,NA,NA,NA,NA
N12,GND,NA,NA,NA,NA
N13,GND,NA,NA,NA,NA
N15,GND,NA,NA,NA,NA
N17,GND,NA,NA,NA,NA
N19,GND,NA,NA,NA,NA
N21,GND,NA,NA,NA,NA
N23,GND,NA,NA,NA,NA
N25,GND,NA,NA,NA,NA
N27,GND,NA,NA,NA,NA
N29,GND,NA,NA,NA,NA
N3,GND,NA,NA,NA,NA
N31,GND,NA,NA,NA,NA
N33,GND,NA,NA,NA,NA
N35,GND,NA,NA,NA,NA
N39,GND,NA,NA,NA,NA
N4,GND,NA,NA,NA,NA
N42,GND,NA,NA,NA,NA
N43,GND,NA,NA,NA,NA
N44,GND,NA,NA,NA,NA
N5,GND,NA,NA,NA,NA
N8,GND,NA,NA,NA,NA
P1,GND,NA,NA,NA,NA
P10,GND,NA,NA,NA,NA
P12,GND,NA,NA,NA,NA
P14,GND,NA,NA,NA,NA
P16,GND,NA,NA,NA,NA
P18,GND,NA,NA,NA,NA
P2,GND,NA,NA,NA,NA
P20,GND,NA,NA,NA,NA
P22,GND,NA,NA,NA,NA
P24,GND,NA,NA,NA,NA
P26,GND,NA,NA,NA,NA
P28,GND,NA,NA,NA,NA
P3,GND,NA,NA,NA,NA
P30,GND,NA,NA,NA,NA
P32,GND,NA,NA,NA,NA
P34,GND,NA,NA,NA,NA
P35,GND,NA,NA,NA,NA
P37,GND,NA,NA,NA,NA
P41,GND,NA,NA,NA,NA
P44,GND,NA,NA,NA,NA
P45,GND,NA,NA,NA,NA
P46,GND,NA,NA,NA,NA
P6,GND,NA,NA,NA,NA
R12,GND,NA,NA,NA,NA
R13,GND,NA,NA,NA,NA
R15,GND,NA,NA,NA,NA
R17,GND,NA,NA,NA,NA
R19,GND,NA,NA,NA,NA
R21,GND,NA,NA,NA,NA
R23,GND,NA,NA,NA,NA
R25,GND,NA,NA,NA,NA
R27,GND,NA,NA,NA,NA
R29,GND,NA,NA,NA,NA
R3,GND,NA,NA,NA,NA
R31,GND,NA,NA,NA,NA
R33,GND,NA,NA,NA,NA
R35,GND,NA,NA,NA,NA
R39,GND,NA,NA,NA,NA
R4,GND,NA,NA,NA,NA
R43,GND,NA,NA,NA,NA
R44,GND,NA,NA,NA,NA
R8,GND,NA,NA,NA,NA
T1,GND,NA,NA,NA,NA
T10,GND,NA,NA,NA,NA
T12,GND,NA,NA,NA,NA
T14,GND,NA,NA,NA,NA
T16,GND,NA,NA,NA,NA
T18,GND,NA,NA,NA,NA
T2,GND,NA,NA,NA,NA
T20,GND,NA,NA,NA,NA
T22,GND,NA,NA,NA,NA
T24,GND,NA,NA,NA,NA
T26,GND,NA,NA,NA,NA
T28,GND,NA,NA,NA,NA
T3,GND,NA,NA,NA,NA
T30,GND,NA,NA,NA,NA
T32,GND,NA,NA,NA,NA
T34,GND,NA,NA,NA,NA
T35,GND,NA,NA,NA,NA
T37,GND,NA,NA,NA,NA
T41,GND,NA,NA,NA,NA
T44,GND,NA,NA,NA,NA
T45,GND,NA,NA,NA,NA
T46,GND,NA,NA,NA,NA
T6,GND,NA,NA,NA,NA
U12,GND,NA,NA,NA,NA
U13,GND,NA,NA,NA,NA
U15,GND,NA,NA,NA,NA
U17,GND,NA,NA,NA,NA
U19,GND,NA,NA,NA,NA
U21,GND,NA,NA,NA,NA
U23,GND,NA,NA,NA,NA
U25,GND,NA,NA,NA,NA
U27,GND,NA,NA,NA,NA
U29,GND,NA,NA,NA,NA
U3,GND,NA,NA,NA,NA
U31,GND,NA,NA,NA,NA
U33,GND,NA,NA,NA,NA
U35,GND,NA,NA,NA,NA
U39,GND,NA,NA,NA,NA
U4,GND,NA,NA,NA,NA
U42,GND,NA,NA,NA,NA
U43,GND,NA,NA,NA,NA
U44,GND,NA,NA,NA,NA
U5,GND,NA,NA,NA,NA
U8,GND,NA,NA,NA,NA
V1,GND,NA,NA,NA,NA
V10,GND,NA,NA,NA,NA
V12,GND,NA,NA,NA,NA
V14,GND,NA,NA,NA,NA
V16,GND,NA,NA,NA,NA
V18,GND,NA,NA,NA,NA
V2,GND,NA,NA,NA,NA
V20,GND,NA,NA,NA,NA
V22,GND,NA,NA,NA,NA
V26,GND,NA,NA,NA,NA
V28,GND,NA,NA,NA,NA
V30,GND,NA,NA,NA,NA
V32,GND,NA,NA,NA,NA
V34,GND,NA,NA,NA,NA
V35,GND,NA,NA,NA,NA
V37,GND,NA,NA,NA,NA
V41,GND,NA,NA,NA,NA
V42,GND,NA,NA,NA,NA
V45,GND,NA,NA,NA,NA
V46,GND,NA,NA,NA,NA
V5,GND,NA,NA,NA,NA
V6,GND,NA,NA,NA,NA
W12,GND,NA,NA,NA,NA
W13,GND,NA,NA,NA,NA
W15,GND,NA,NA,NA,NA
W17,GND,NA,NA,NA,NA
W19,GND,NA,NA,NA,NA
W21,GND,NA,NA,NA,NA
W25,GND,NA,NA,NA,NA
W27,GND,NA,NA,NA,NA
W29,GND,NA,NA,NA,NA
W3,GND,NA,NA,NA,NA
W31,GND,NA,NA,NA,NA
W33,GND,NA,NA,NA,NA
W35,GND,NA,NA,NA,NA
W39,GND,NA,NA,NA,NA
W4,GND,NA,NA,NA,NA
W42,GND,NA,NA,NA,NA
W43,GND,NA,NA,NA,NA
W44,GND,NA,NA,NA,NA
W5,GND,NA,NA,NA,NA
W8,GND,NA,NA,NA,NA
Y1,GND,NA,NA,NA,NA
Y10,GND,NA,NA,NA,NA
Y12,GND,NA,NA,NA,NA
Y14,GND,NA,NA,NA,NA
Y16,GND,NA,NA,NA,NA
Y18,GND,NA,NA,NA,NA
Y2,GND,NA,NA,NA,NA
Y20,GND,NA,NA,NA,NA
Y22,GND,NA,NA,NA,NA
Y26,GND,NA,NA,NA,NA
Y28,GND,NA,NA,NA,NA
Y3,GND,NA,NA,NA,NA
Y30,GND,NA,NA,NA,NA
Y32,GND,NA,NA,NA,NA
Y34,GND,NA,NA,NA,NA
Y35,GND,NA,NA,NA,NA
Y37,GND,NA,NA,NA,NA
Y41,GND,NA,NA,NA,NA
Y44,GND,NA,NA,NA,NA
Y45,GND,NA,NA,NA,NA
Y46,GND,NA,NA,NA,NA
Y6,GND,NA,NA,NA,NA
V24,GNDADC,NA,NA,NA,NA
AA38,MGTAVCC_LN,NA,NA,NA,NA
AC38,MGTAVCC_LN,NA,NA,NA,NA
N38,MGTAVCC_LN,NA,NA,NA,NA
R38,MGTAVCC_LN,NA,NA,NA,NA
U38,MGTAVCC_LN,NA,NA,NA,NA
W38,MGTAVCC_LN,NA,NA,NA,NA
AE38,MGTAVCC_LS,NA,NA,NA,NA
AG38,MGTAVCC_LS,NA,NA,NA,NA
AJ38,MGTAVCC_LS,NA,NA,NA,NA
AK40,MGTAVCC_LS,NA,NA,NA,NA
AL38,MGTAVCC_LS,NA,NA,NA,NA
AM40,MGTAVCC_LS,NA,NA,NA,NA
AA9,MGTAVCC_RN,NA,NA,NA,NA
AC9,MGTAVCC_RN,NA,NA,NA,NA
N9,MGTAVCC_RN,NA,NA,NA,NA
R9,MGTAVCC_RN,NA,NA,NA,NA
U9,MGTAVCC_RN,NA,NA,NA,NA
W9,MGTAVCC_RN,NA,NA,NA,NA
AE9,MGTAVCC_RS,NA,NA,NA,NA
AG9,MGTAVCC_RS,NA,NA,NA,NA
AJ9,MGTAVCC_RS,NA,NA,NA,NA
AK7,MGTAVCC_RS,NA,NA,NA,NA
AL9,MGTAVCC_RS,NA,NA,NA,NA
AM7,MGTAVCC_RS,NA,NA,NA,NA
H40,MGTAVTT_LN,NA,NA,NA,NA
K40,MGTAVTT_LN,NA,NA,NA,NA
M40,MGTAVTT_LN,NA,NA,NA,NA
P40,MGTAVTT_LN,NA,NA,NA,NA
R42,MGTAVTT_LN,NA,NA,NA,NA
T40,MGTAVTT_LN,NA,NA,NA,NA
V40,MGTAVTT_LN,NA,NA,NA,NA
Y40,MGTAVTT_LN,NA,NA,NA,NA
AA42,MGTAVTT_LS,NA,NA,NA,NA
AB40,MGTAVTT_LS,NA,NA,NA,NA
AC42,MGTAVTT_LS,NA,NA,NA,NA
AD40,MGTAVTT_LS,NA,NA,NA,NA
AE42,MGTAVTT_LS,NA,NA,NA,NA
AF40,MGTAVTT_LS,NA,NA,NA,NA
AG42,MGTAVTT_LS,NA,NA,NA,NA
AH40,MGTAVTT_LS,NA,NA,NA,NA
H7,MGTAVTT_RN,NA,NA,NA,NA
K7,MGTAVTT_RN,NA,NA,NA,NA
M7,MGTAVTT_RN,NA,NA,NA,NA
P7,MGTAVTT_RN,NA,NA,NA,NA
R5,MGTAVTT_RN,NA,NA,NA,NA
T7,MGTAVTT_RN,NA,NA,NA,NA
V7,MGTAVTT_RN,NA,NA,NA,NA
Y7,MGTAVTT_RN,NA,NA,NA,NA
AA5,MGTAVTT_RS,NA,NA,NA,NA
AB7,MGTAVTT_RS,NA,NA,NA,NA
AC5,MGTAVTT_RS,NA,NA,NA,NA
AD7,MGTAVTT_RS,NA,NA,NA,NA
AE5,MGTAVTT_RS,NA,NA,NA,NA
AF7,MGTAVTT_RS,NA,NA,NA,NA
AG5,MGTAVTT_RS,NA,NA,NA,NA
AH7,MGTAVTT_RS,NA,NA,NA,NA
P36,MGTVCCAUX_LN,NA,NA,NA,NA
T36,MGTVCCAUX_LN,NA,NA,NA,NA
V36,MGTVCCAUX_LN,NA,NA,NA,NA
Y36,MGTVCCAUX_LN,NA,NA,NA,NA
AB36,MGTVCCAUX_LS,NA,NA,NA,NA
AD36,MGTVCCAUX_LS,NA,NA,NA,NA
AF36,MGTVCCAUX_LS,NA,NA,NA,NA
P11,MGTVCCAUX_RN,NA,NA,NA,NA
T11,MGTVCCAUX_RN,NA,NA,NA,NA
V11,MGTVCCAUX_RN,NA,NA,NA,NA
Y11,MGTVCCAUX_RN,NA,NA,NA,NA
AB11,MGTVCCAUX_RS,NA,NA,NA,NA
AD11,MGTVCCAUX_RS,NA,NA,NA,NA
AF11,MGTVCCAUX_RS,NA,NA,NA,NA
V23,VCCADC,NA,NA,NA,NA
AB33,VCCAUX,NA,NA,NA,NA
AD33,VCCAUX,NA,NA,NA,NA
AF33,VCCAUX,NA,NA,NA,NA
P33,VCCAUX,NA,NA,NA,NA
T33,VCCAUX,NA,NA,NA,NA
V33,VCCAUX,NA,NA,NA,NA
Y33,VCCAUX,NA,NA,NA,NA
AA34,VCCAUX_IO,NA,NA,NA,NA
AC34,VCCAUX_IO,NA,NA,NA,NA
AE34,VCCAUX_IO,NA,NA,NA,NA
AG34,VCCAUX_IO,NA,NA,NA,NA
R34,VCCAUX_IO,NA,NA,NA,NA
U34,VCCAUX_IO,NA,NA,NA,NA
W34,VCCAUX_IO,NA,NA,NA,NA
AB13,VCCBRAM,NA,NA,NA,NA
AD13,VCCBRAM,NA,NA,NA,NA
AF13,VCCBRAM,NA,NA,NA,NA
P13,VCCBRAM,NA,NA,NA,NA
T13,VCCBRAM,NA,NA,NA,NA
V13,VCCBRAM,NA,NA,NA,NA
Y13,VCCBRAM,NA,NA,NA,NA
AA16,VCCINT,NA,NA,NA,NA
AA18,VCCINT,NA,NA,NA,NA
AA20,VCCINT,NA,NA,NA,NA
AA22,VCCINT,NA,NA,NA,NA
AA26,VCCINT,NA,NA,NA,NA
AA28,VCCINT,NA,NA,NA,NA
AA30,VCCINT,NA,NA,NA,NA
AA32,VCCINT,NA,NA,NA,NA
AB15,VCCINT,NA,NA,NA,NA
AB17,VCCINT,NA,NA,NA,NA
AB19,VCCINT,NA,NA,NA,NA
AB21,VCCINT,NA,NA,NA,NA
AB23,VCCINT,NA,NA,NA,NA
AB25,VCCINT,NA,NA,NA,NA
AB27,VCCINT,NA,NA,NA,NA
AB29,VCCINT,NA,NA,NA,NA
AB31,VCCINT,NA,NA,NA,NA
AC16,VCCINT,NA,NA,NA,NA
AC18,VCCINT,NA,NA,NA,NA
AC20,VCCINT,NA,NA,NA,NA
AC22,VCCINT,NA,NA,NA,NA
AC24,VCCINT,NA,NA,NA,NA
AC26,VCCINT,NA,NA,NA,NA
AC28,VCCINT,NA,NA,NA,NA
AC30,VCCINT,NA,NA,NA,NA
AC32,VCCINT,NA,NA,NA,NA
AD15,VCCINT,NA,NA,NA,NA
AD17,VCCINT,NA,NA,NA,NA
AD19,VCCINT,NA,NA,NA,NA
AD21,VCCINT,NA,NA,NA,NA
AD23,VCCINT,NA,NA,NA,NA
AD25,VCCINT,NA,NA,NA,NA
AD27,VCCINT,NA,NA,NA,NA
AD29,VCCINT,NA,NA,NA,NA
AD31,VCCINT,NA,NA,NA,NA
AE16,VCCINT,NA,NA,NA,NA
AE18,VCCINT,NA,NA,NA,NA
AE20,VCCINT,NA,NA,NA,NA
AE22,VCCINT,NA,NA,NA,NA
AE24,VCCINT,NA,NA,NA,NA
AE26,VCCINT,NA,NA,NA,NA
AE28,VCCINT,NA,NA,NA,NA
AE30,VCCINT,NA,NA,NA,NA
AE32,VCCINT,NA,NA,NA,NA
AF15,VCCINT,NA,NA,NA,NA
AF17,VCCINT,NA,NA,NA,NA
AF19,VCCINT,NA,NA,NA,NA
AF21,VCCINT,NA,NA,NA,NA
AF23,VCCINT,NA,NA,NA,NA
AF25,VCCINT,NA,NA,NA,NA
AF27,VCCINT,NA,NA,NA,NA
AF29,VCCINT,NA,NA,NA,NA
AF31,VCCINT,NA,NA,NA,NA
AG16,VCCINT,NA,NA,NA,NA
AG18,VCCINT,NA,NA,NA,NA
AG20,VCCINT,NA,NA,NA,NA
AG22,VCCINT,NA,NA,NA,NA
AG24,VCCINT,NA,NA,NA,NA
AG26,VCCINT,NA,NA,NA,NA
AG28,VCCINT,NA,NA,NA,NA
AG30,VCCINT,NA,NA,NA,NA
AG32,VCCINT,NA,NA,NA,NA
M15,VCCINT,NA,NA,NA,NA
M17,VCCINT,NA,NA,NA,NA
M19,VCCINT,NA,NA,NA,NA
M21,VCCINT,NA,NA,NA,NA
M23,VCCINT,NA,NA,NA,NA
M25,VCCINT,NA,NA,NA,NA
M27,VCCINT,NA,NA,NA,NA
M29,VCCINT,NA,NA,NA,NA
M31,VCCINT,NA,NA,NA,NA
M33,VCCINT,NA,NA,NA,NA
N14,VCCINT,NA,NA,NA,NA
N16,VCCINT,NA,NA,NA,NA
N18,VCCINT,NA,NA,NA,NA
N20,VCCINT,NA,NA,NA,NA
N22,VCCINT,NA,NA,NA,NA
N24,VCCINT,NA,NA,NA,NA
N26,VCCINT,NA,NA,NA,NA
N28,VCCINT,NA,NA,NA,NA
N30,VCCINT,NA,NA,NA,NA
N32,VCCINT,NA,NA,NA,NA
N34,VCCINT,NA,NA,NA,NA
P15,VCCINT,NA,NA,NA,NA
P17,VCCINT,NA,NA,NA,NA
P19,VCCINT,NA,NA,NA,NA
P21,VCCINT,NA,NA,NA,NA
P23,VCCINT,NA,NA,NA,NA
P25,VCCINT,NA,NA,NA,NA
P27,VCCINT,NA,NA,NA,NA
P29,VCCINT,NA,NA,NA,NA
P31,VCCINT,NA,NA,NA,NA
R16,VCCINT,NA,NA,NA,NA
R18,VCCINT,NA,NA,NA,NA
R20,VCCINT,NA,NA,NA,NA
R22,VCCINT,NA,NA,NA,NA
R24,VCCINT,NA,NA,NA,NA
R26,VCCINT,NA,NA,NA,NA
R28,VCCINT,NA,NA,NA,NA
R30,VCCINT,NA,NA,NA,NA
R32,VCCINT,NA,NA,NA,NA
T15,VCCINT,NA,NA,NA,NA
T17,VCCINT,NA,NA,NA,NA
T19,VCCINT,NA,NA,NA,NA
T21,VCCINT,NA,NA,NA,NA
T23,VCCINT,NA,NA,NA,NA
T25,VCCINT,NA,NA,NA,NA
T27,VCCINT,NA,NA,NA,NA
T29,VCCINT,NA,NA,NA,NA
T31,VCCINT,NA,NA,NA,NA
U16,VCCINT,NA,NA,NA,NA
U18,VCCINT,NA,NA,NA,NA
U20,VCCINT,NA,NA,NA,NA
U22,VCCINT,NA,NA,NA,NA
U24,VCCINT,NA,NA,NA,NA
U26,VCCINT,NA,NA,NA,NA
U28,VCCINT,NA,NA,NA,NA
U30,VCCINT,NA,NA,NA,NA
U32,VCCINT,NA,NA,NA,NA
V15,VCCINT,NA,NA,NA,NA
V17,VCCINT,NA,NA,NA,NA
V19,VCCINT,NA,NA,NA,NA
V21,VCCINT,NA,NA,NA,NA
V25,VCCINT,NA,NA,NA,NA
V27,VCCINT,NA,NA,NA,NA
V29,VCCINT,NA,NA,NA,NA
V31,VCCINT,NA,NA,NA,NA
W16,VCCINT,NA,NA,NA,NA
W18,VCCINT,NA,NA,NA,NA
W20,VCCINT,NA,NA,NA,NA
W22,VCCINT,NA,NA,NA,NA
W26,VCCINT,NA,NA,NA,NA
W28,VCCINT,NA,NA,NA,NA
W30,VCCINT,NA,NA,NA,NA
W32,VCCINT,NA,NA,NA,NA
Y15,VCCINT,NA,NA,NA,NA
Y17,VCCINT,NA,NA,NA,NA
Y19,VCCINT,NA,NA,NA,NA
Y21,VCCINT,NA,NA,NA,NA
Y25,VCCINT,NA,NA,NA,NA
Y27,VCCINT,NA,NA,NA,NA
Y29,VCCINT,NA,NA,NA,NA
Y31,VCCINT,NA,NA,NA,NA
AA14,VCCINT_IO,NA,NA,NA,NA
AC14,VCCINT_IO,NA,NA,NA,NA
AE14,VCCINT_IO,NA,NA,NA,NA
AG14,VCCINT_IO,NA,NA,NA,NA
AH13,VCCINT_IO,NA,NA,NA,NA
AH15,VCCINT_IO,NA,NA,NA,NA
AH17,VCCINT_IO,NA,NA,NA,NA
AH19,VCCINT_IO,NA,NA,NA,NA
AH21,VCCINT_IO,NA,NA,NA,NA
AH23,VCCINT_IO,NA,NA,NA,NA
AH25,VCCINT_IO,NA,NA,NA,NA
AH27,VCCINT_IO,NA,NA,NA,NA
AH29,VCCINT_IO,NA,NA,NA,NA
AH31,VCCINT_IO,NA,NA,NA,NA
AH33,VCCINT_IO,NA,NA,NA,NA
AJ12,VCCINT_IO,NA,NA,NA,NA
AJ14,VCCINT_IO,NA,NA,NA,NA
AJ16,VCCINT_IO,NA,NA,NA,NA
AJ18,VCCINT_IO,NA,NA,NA,NA
AJ20,VCCINT_IO,NA,NA,NA,NA
AJ22,VCCINT_IO,NA,NA,NA,NA
AJ24,VCCINT_IO,NA,NA,NA,NA
AJ26,VCCINT_IO,NA,NA,NA,NA
AJ28,VCCINT_IO,NA,NA,NA,NA
AJ30,VCCINT_IO,NA,NA,NA,NA
AJ32,VCCINT_IO,NA,NA,NA,NA
AJ34,VCCINT_IO,NA,NA,NA,NA
AJ36,VCCINT_IO,NA,NA,NA,NA
R14,VCCINT_IO,NA,NA,NA,NA
U14,VCCINT_IO,NA,NA,NA,NA
W14,VCCINT_IO,NA,NA,NA,NA
,,,,,
Total Number of Pins,2104,,,,
