"#  (c) Copyright 2016 Xilinx, Inc. All rights reserved."
"# "
"#  This file contains confidential and proprietary information"
"#  of Xilinx, Inc. and is protected under U.S. and"
"#  international copyright and other intellectual property"
"#  laws."
"# "
"#  DISCLAIMER"
"#  This disclaimer is not a license and does not grant any"
"#  rights to the materials distributed herewith. Except as"
"#  otherwise provided in a valid license issued to you by"
"#  Xilinx, and to the maximum extent permitted by applicable"
"#  law: (1) THESE MATERIALS ARE MADE AVAILABLE ""AS IS"" AND"
"#  WITH ALL FAULTS, AND XILINX HEREBY DISCLAIMS ALL WARRANTIES"
"#  AND CONDITIONS, EXPRESS, IMPLIED, OR STATUTORY, INCLUDING"
"#  BUT NOT LIMITED TO WARRANTIES OF MERCHANTABILITY, NON-"
"#  INFRINGEMENT, OR FITNESS FOR ANY PARTICULAR PURPOSE; and"
"#  (2) Xilinx shall not be liable (whether in contract or tort,"
"#  including negligence, or under any other theory of"
"#  liability) for any loss or damage of any kind or nature"
"#  related to, arising under or in connection with these"
"#  materials, including for any direct, or any indirect,"
"#  special, incidental, or consequential loss or damage"
"#  (including loss of data, profits, goodwill, or any type of"
"#  loss or damage suffered as a result of any action brought"
"#  by a third party) even if such damage or loss was"
"#  reasonably foreseeable or Xilinx had been advised of the"
"#  possibility of the same."
"# "
"#  CRITICAL APPLICATIONS"
"#  Xilinx products are not designed or intended to be fail-"
"#  safe, or for use in any application requiring fail-safe"
"#  performance, such as life-support or safety devices or"
"#  systems, Class III medical devices, nuclear facilities,"
"#  applications related to the deployment of airbags, or any"
"#  other applications that could lead to death, personal"
"#  injury, or severe property or environmental damage"
"#  (individually and collectively, ""Critical"
"#  Applications""). Customer assumes the sole risk and"
"#  liability of any use of Xilinx products in Critical"
"#  Applications, subject only to applicable laws and"
"#  regulations governing limitations on product liability."
"# "
"#  THIS COPYRIGHT NOTICE AND DISCLAIMER MUST BE RETAINED AS"
"#  PART OF THIS FILE AT ALL TIMES."
"# "
"#----------------------------------------------------------------------"
"#  ASCII Pinout File"
"# "
"#  Device   : xqvu11pflrc2104"
"#  Date     : 6/22/2017 15:39:29"
"#  Revision : 1.1"
"#  Status   : Production"
"# "
"#  Production package specifications are released coincident"
"#  with production release of a particular device."
"# "
"#----------------------------------------------------------------------"
"#  Modification History"
"#  | Date    : 10/7/2016"
"#  | Revision: 0.1"
"#  | Status  : Evaluation Only"
"#  | Details : Initial creation."
"#----------------------------------------------------------------------"
"#  | Date    : 5/3/2017"
"#  | Revision: 1.0"
"#  | Status  : Engineering Sample"
"#  | Details : Updated XCVU11P DM5 FLGC2104 to Engineering_Sample"
"#----------------------------------------------------------------------"
"#  | Date    : 6/22/2017"
"#  | Revision: 1.1"
"#  | Status  : Production"
"#  | Details : Updated DM5 XCVU11P FLGF1924,FLGB2104,FLGC2104,FLGA2577 To Production"
"#----------------------------------------------------------------------"
,,,,,
Pin,Pin Name,Memory Byte Group,Bank,I/O Type,Super Logic Region
AE19,DXN,NA,NA,NA,0
AE20,DXP,NA,NA,NA,0
AD20,VREFP,NA,NA,NA,0
AC19,VREFN,NA,NA,NA,0
AC20,VP,NA,NA,NA,0
AD19,VN,NA,NA,NA,0
Y14,M0_0,NA,0,CONFIG,0
V14,M1_0,NA,0,CONFIG,0
P14,INIT_B_0,NA,0,CONFIG,0
T14,M2_0,NA,0,CONFIG,0
M14,RSVDGND,NA,NA,NA,0
K14,PUDC_B_0,NA,0,CONFIG,0
AB14,POR_OVERRIDE,NA,NA,NA,0
AC14,DONE_0,NA,0,CONFIG,0
AE14,PROGRAM_B_0,NA,0,CONFIG,0
AD15,TDO_0,NA,0,CONFIG,0
AF15,TDI_0,NA,0,CONFIG,0
AF14,RDWR_FCS_B_0,NA,0,CONFIG,0
AF16,D02_0,NA,0,CONFIG,0
AM14,D00_MOSI_0,NA,0,CONFIG,0
AH14,D03_0,NA,0,CONFIG,0
AK14,D01_DIN_0,NA,0,CONFIG,0
AB15,TMS_0,NA,0,CONFIG,0
AB16,CCLK_0,NA,0,CONFIG,0
AD16,TCK_0,NA,0,CONFIG,0
AN13,VBATT,NA,NA,NA,0
BD28,IO_L24N_T3U_N11_67,3U,67,HP,0
BC28,IO_L24P_T3U_N10_67,3U,67,HP,0
BF25,IO_L23N_T3U_N9_67,3U,67,HP,0
BE25,IO_L23P_T3U_N8_67,3U,67,HP,0
BE28,IO_L22N_T3U_N7_DBC_AD0N_67,3U,67,HP,0
BE27,IO_L22P_T3U_N6_DBC_AD0P_67,3U,67,HP,0
BD26,IO_L21N_T3L_N5_AD8N_67,3L,67,HP,0
BC26,IO_L21P_T3L_N4_AD8P_67,3L,67,HP,0
BF27,IO_L20N_T3L_N3_AD1N_67,3L,67,HP,0
BF26,IO_L20P_T3L_N2_AD1P_67,3L,67,HP,0
BD25,IO_L19N_T3L_N1_DBC_AD9N_67,3L,67,HP,0
BC25,IO_L19P_T3L_N0_DBC_AD9P_67,3L,67,HP,0
BD27,IO_T3U_N12_67,3U,67,HP,0
BB28,IO_T2U_N12_67,2U,67,HP,0
BB29,IO_L18N_T2U_N11_AD2N_67,2U,67,HP,0
BA29,IO_L18P_T2U_N10_AD2P_67,2U,67,HP,0
BB26,IO_L17N_T2U_N9_AD10N_67,2U,67,HP,0
BA26,IO_L17P_T2U_N8_AD10P_67,2U,67,HP,0
BB27,IO_L16N_T2U_N7_QBC_AD3N_67,2U,67,HP,0
BA27,IO_L16P_T2U_N6_QBC_AD3P_67,2U,67,HP,0
AY30,IO_L15N_T2L_N5_AD11N_67,2L,67,HP,0
AY29,IO_L15P_T2L_N4_AD11P_67,2L,67,HP,0
AW28,IO_L14N_T2L_N3_GC_67,2L,67,HP,0
AW27,IO_L14P_T2L_N2_GC_67,2L,67,HP,0
AY28,IO_L13N_T2L_N1_GC_QBC_67,2L,67,HP,0
AY27,IO_L13P_T2L_N0_GC_QBC_67,2L,67,HP,0
AV30,IO_L12N_T1U_N11_GC_67,1U,67,HP,0
AV29,IO_L12P_T1U_N10_GC_67,1U,67,HP,0
AV28,IO_L11N_T1U_N9_GC_67,1U,67,HP,0
AU28,IO_L11P_T1U_N8_GC_67,1U,67,HP,0
AT31,IO_L10N_T1U_N7_QBC_AD4N_67,1U,67,HP,0
AT30,IO_L10P_T1U_N6_QBC_AD4P_67,1U,67,HP,0
AU29,IO_L9N_T1L_N5_AD12N_67,1L,67,HP,0
AT29,IO_L9P_T1L_N4_AD12P_67,1L,67,HP,0
AU27,IO_L8N_T1L_N3_AD5N_67,1L,67,HP,0
AT27,IO_L8P_T1L_N2_AD5P_67,1L,67,HP,0
AW26,IO_L7N_T1L_N1_QBC_AD13N_67,1L,67,HP,0
AV26,IO_L7P_T1L_N0_QBC_AD13P_67,1L,67,HP,0
AW30,IO_T1U_N12_67,1U,67,HP,0
AP31,IO_T0U_N12_VRP_67,0U,67,HP,0
AP30,IO_L6N_T0U_N11_AD6N_67,0U,67,HP,0
AN30,IO_L6P_T0U_N10_AD6P_67,0U,67,HP,0
AR28,IO_L5N_T0U_N9_AD14N_67,0U,67,HP,0
AR27,IO_L5P_T0U_N8_AD14P_67,0U,67,HP,0
AR30,IO_L4N_T0U_N7_DBC_AD7N_67,0U,67,HP,0
AR29,IO_L4P_T0U_N6_DBC_AD7P_67,0U,67,HP,0
AN29,IO_L3N_T0L_N5_AD15N_67,0L,67,HP,0
AM29,IO_L3P_T0L_N4_AD15P_67,0L,67,HP,0
AN31,IO_L2N_T0L_N3_67,0L,67,HP,0
AM31,IO_L2P_T0L_N2_67,0L,67,HP,0
AP28,IO_L1N_T0L_N1_DBC_67,0L,67,HP,0
AN28,IO_L1P_T0L_N0_DBC_67,0L,67,HP,0
AM28,VREF_67,NA,67,HP,0
BF24,IO_L24N_T3U_N11_66,3U,66,HP,0
BE24,IO_L24P_T3U_N10_66,3U,66,HP,0
BE23,IO_L23N_T3U_N9_66,3U,66,HP,0
BD23,IO_L23P_T3U_N8_66,3U,66,HP,0
BF22,IO_L22N_T3U_N7_DBC_AD0N_66,3U,66,HP,0
BF21,IO_L22P_T3U_N6_DBC_AD0P_66,3U,66,HP,0
BC24,IO_L21N_T3L_N5_AD8N_66,3L,66,HP,0
BB24,IO_L21P_T3L_N4_AD8P_66,3L,66,HP,0
BE22,IO_L20N_T3L_N3_AD1N_66,3L,66,HP,0
BD22,IO_L20P_T3L_N2_AD1P_66,3L,66,HP,0
BC23,IO_L19N_T3L_N1_DBC_AD9N_66,3L,66,HP,0
BB23,IO_L19P_T3L_N0_DBC_AD9P_66,3L,66,HP,0
BD21,IO_T3U_N12_66,3U,66,HP,0
AW25,IO_T2U_N12_66,2U,66,HP,0
BA25,IO_L18N_T2U_N11_AD2N_66,2U,66,HP,0
AY25,IO_L18P_T2U_N10_AD2P_66,2U,66,HP,0
BB22,IO_L17N_T2U_N9_AD10N_66,2U,66,HP,0
BA22,IO_L17P_T2U_N8_AD10P_66,2U,66,HP,0
BA24,IO_L16N_T2U_N7_QBC_AD3N_66,2U,66,HP,0
AY24,IO_L16P_T2U_N6_QBC_AD3P_66,2U,66,HP,0
AY23,IO_L15N_T2L_N5_AD11N_66,2L,66,HP,0
AY22,IO_L15P_T2L_N4_AD11P_66,2L,66,HP,0
AW23,IO_L14N_T2L_N3_GC_66,2L,66,HP,0
AW22,IO_L14P_T2L_N2_GC_66,2L,66,HP,0
AV24,IO_L13N_T2L_N1_GC_QBC_66,2L,66,HP,0
AV23,IO_L13P_T2L_N0_GC_QBC_66,2L,66,HP,0
AT25,IO_L12N_T1U_N11_GC_66,1U,66,HP,0
AT24,IO_L12P_T1U_N10_GC_66,1U,66,HP,0
AU24,IO_L11N_T1U_N9_GC_66,1U,66,HP,0
AU23,IO_L11P_T1U_N8_GC_66,1U,66,HP,0
AU26,IO_L10N_T1U_N7_QBC_AD4N_66,1U,66,HP,0
AT26,IO_L10P_T1U_N6_QBC_AD4P_66,1U,66,HP,0
AU22,IO_L9N_T1L_N5_AD12N_66,1L,66,HP,0
AT22,IO_L9P_T1L_N4_AD12P_66,1L,66,HP,0
AR25,IO_L8N_T1L_N3_AD5N_66,1L,66,HP,0
AR24,IO_L8P_T1L_N2_AD5P_66,1L,66,HP,0
AR23,IO_L7N_T1L_N1_QBC_AD13N_66,1L,66,HP,0
AR22,IO_L7P_T1L_N0_QBC_AD13P_66,1L,66,HP,0
AV25,IO_T1U_N12_66,1U,66,HP,0
AM27,IO_T0U_N12_VRP_66,0U,66,HP,0
AP27,IO_L6N_T0U_N11_AD6N_66,0U,66,HP,0
AP26,IO_L6P_T0U_N10_AD6P_66,0U,66,HP,0
AN24,IO_L5N_T0U_N9_AD14N_66,0U,66,HP,0
AM24,IO_L5P_T0U_N8_AD14P_66,0U,66,HP,0
AP25,IO_L4N_T0U_N7_DBC_AD7N_66,0U,66,HP,0
AN25,IO_L4P_T0U_N6_DBC_AD7P_66,0U,66,HP,0
AP23,IO_L3N_T0L_N5_AD15N_66,0L,66,HP,0
AP22,IO_L3P_T0L_N4_AD15P_66,0L,66,HP,0
AN26,IO_L2N_T0L_N3_66,0L,66,HP,0
AM26,IO_L2P_T0L_N2_66,0L,66,HP,0
AN23,IO_L1N_T0L_N1_DBC_66,0L,66,HP,0
AM23,IO_L1P_T0L_N0_DBC_66,0L,66,HP,0
AM22,VREF_66,NA,66,HP,0
BF20,IO_L24N_T3U_N11_DOUT_CSO_B_65,3U,65,HP,0
BE20,IO_L24P_T3U_N10_EMCCLK_65,3U,65,HP,0
BF16,IO_L23N_T3U_N9_PERSTN1_I2C_SDA_65,3U,65,HP,0
BE16,IO_L23P_T3U_N8_I2C_SCLK_65,3U,65,HP,0
BF19,IO_L22N_T3U_N7_DBC_AD0N_D05_65,3U,65,HP,0
BE19,IO_L22P_T3U_N6_DBC_AD0P_D04_65,3U,65,HP,0
BE18,IO_L21N_T3L_N5_AD8N_D07_65,3L,65,HP,0
BD18,IO_L21P_T3L_N4_AD8P_D06_65,3L,65,HP,0
BF17,IO_L20N_T3L_N3_AD1N_D09_65,3L,65,HP,0
BE17,IO_L20P_T3L_N2_AD1P_D08_65,3L,65,HP,0
BD16,IO_L19N_T3L_N1_DBC_AD9N_D11_65,3L,65,HP,0
BD17,IO_L19P_T3L_N0_DBC_AD9P_D10_65,3L,65,HP,0
BD20,IO_T3U_N12_PERSTN0_65,3U,65,HP,0
BC21,IO_T2U_N12_CSI_ADV_B_65,2U,65,HP,0
BC19,IO_L18N_T2U_N11_AD2N_D13_65,2U,65,HP,0
BC20,IO_L18P_T2U_N10_AD2P_D12_65,2U,65,HP,0
BB19,IO_L17N_T2U_N9_AD10N_D15_65,2U,65,HP,0
BA19,IO_L17P_T2U_N8_AD10P_D14_65,2U,65,HP,0
BB21,IO_L16N_T2U_N7_QBC_AD3N_A01_D17_65,2U,65,HP,0
BA21,IO_L16P_T2U_N6_QBC_AD3P_A00_D16_65,2U,65,HP,0
BC18,IO_L15N_T2L_N5_AD11N_A03_D19_65,2L,65,HP,0
BB18,IO_L15P_T2L_N4_AD11P_A02_D18_65,2L,65,HP,0
BA20,IO_L14N_T2L_N3_GC_A05_D21_65,2L,65,HP,0
AY20,IO_L14P_T2L_N2_GC_A04_D20_65,2L,65,HP,0
AY18,IO_L13N_T2L_N1_GC_QBC_A07_D23_65,2L,65,HP,0
AY19,IO_L13P_T2L_N0_GC_QBC_A06_D22_65,2L,65,HP,0
AW20,IO_L12N_T1U_N11_GC_A09_D25_65,1U,65,HP,0
AV20,IO_L12P_T1U_N10_GC_A08_D24_65,1U,65,HP,0
AW17,IO_L11N_T1U_N9_GC_A11_D27_65,1U,65,HP,0
AW18,IO_L11P_T1U_N8_GC_A10_D26_65,1U,65,HP,0
AW21,IO_L10N_T1U_N7_QBC_AD4N_A13_D29_65,1U,65,HP,0
AV21,IO_L10P_T1U_N6_QBC_AD4P_A12_D28_65,1U,65,HP,0
AV18,IO_L9N_T1L_N5_AD12N_A15_D31_65,1L,65,HP,0
AU18,IO_L9P_T1L_N4_AD12P_A14_D30_65,1L,65,HP,0
AU21,IO_L8N_T1L_N3_AD5N_A17_65,1L,65,HP,0
AT21,IO_L8P_T1L_N2_AD5P_A16_65,1L,65,HP,0
AU19,IO_L7N_T1L_N1_QBC_AD13N_A19_65,1L,65,HP,0
AT19,IO_L7P_T1L_N0_QBC_AD13P_A18_65,1L,65,HP,0
AV19,IO_T1U_N12_SMBALERT_65,1U,65,HP,0
AP21,IO_T0U_N12_VRP_A28_65,0U,65,HP,0
AT20,IO_L6N_T0U_N11_AD6N_A21_65,0U,65,HP,0
AR20,IO_L6P_T0U_N10_AD6P_A20_65,0U,65,HP,0
AR18,IO_L5N_T0U_N9_AD14N_A23_65,0U,65,HP,0
AR19,IO_L5P_T0U_N8_AD14P_A22_65,0U,65,HP,0
AN21,IO_L4N_T0U_N7_DBC_AD7N_A25_65,0U,65,HP,0
AM21,IO_L4P_T0U_N6_DBC_AD7P_A24_65,0U,65,HP,0
AN19,IO_L3N_T0L_N5_AD15N_A27_65,0L,65,HP,0
AM19,IO_L3P_T0L_N4_AD15P_A26_65,0L,65,HP,0
AP20,IO_L2N_T0L_N3_FWE_FCS2_B_65,0L,65,HP,0
AN20,IO_L2P_T0L_N2_FOE_B_65,0L,65,HP,0
AP18,IO_L1N_T0L_N1_DBC_RS1_65,0L,65,HP,0
AN18,IO_L1P_T0L_N0_DBC_RS0_65,0L,65,HP,0
AM18,VREF_65,NA,65,HP,0
AR17,IO_L24N_T3U_N11_64,3U,64,HP,0
AP17,IO_L24P_T3U_N10_64,3U,64,HP,0
AP15,IO_L23N_T3U_N9_64,3U,64,HP,0
AN15,IO_L23P_T3U_N8_64,3U,64,HP,0
AV15,IO_L22N_T3U_N7_DBC_AD0N_64,3U,64,HP,0
AV16,IO_L22P_T3U_N6_DBC_AD0P_64,3U,64,HP,0
AP16,IO_L21N_T3L_N5_AD8N_64,3L,64,HP,0
AN16,IO_L21P_T3L_N4_AD8P_64,3L,64,HP,0
AU17,IO_L20N_T3L_N3_AD1N_64,3L,64,HP,0
AT17,IO_L20P_T3L_N2_AD1P_64,3L,64,HP,0
AU16,IO_L19N_T3L_N1_DBC_AD9N_64,3L,64,HP,0
AT16,IO_L19P_T3L_N0_DBC_AD9P_64,3L,64,HP,0
AM16,IO_T3U_N12_64,3U,64,HP,0
AT11,IO_T2U_N12_64,2U,64,HP,0
AR13,IO_L18N_T2U_N11_AD2N_64,2U,64,HP,0
AP13,IO_L18P_T2U_N10_AD2P_64,2U,64,HP,0
AU11,IO_L17N_T2U_N9_AD10N_64,2U,64,HP,0
AU12,IO_L17P_T2U_N8_AD10P_64,2U,64,HP,0
AR14,IO_L16N_T2U_N7_QBC_AD3N_64,2U,64,HP,0
AR15,IO_L16P_T2U_N6_QBC_AD3P_64,2U,64,HP,0
AT12,IO_L15N_T2L_N5_AD11N_64,2L,64,HP,0
AR12,IO_L15P_T2L_N4_AD11P_64,2L,64,HP,0
AT14,IO_L14N_T2L_N3_GC_64,2L,64,HP,0
AT15,IO_L14P_T2L_N2_GC_64,2L,64,HP,0
AU13,IO_L13N_T2L_N1_GC_QBC_64,2L,64,HP,0
AU14,IO_L13P_T2L_N0_GC_QBC_64,2L,64,HP,0
AW12,IO_L12N_T1U_N11_GC_64,1U,64,HP,0
AW13,IO_L12P_T1U_N10_GC_64,1U,64,HP,0
AV13,IO_L11N_T1U_N9_GC_64,1U,64,HP,0
AV14,IO_L11P_T1U_N8_GC_64,1U,64,HP,0
BB11,IO_L10N_T1U_N7_QBC_AD4N_64,1U,64,HP,0
BA11,IO_L10P_T1U_N6_QBC_AD4P_64,1U,64,HP,0
BA12,IO_L9N_T1L_N5_AD12N_64,1L,64,HP,0
AY12,IO_L9P_T1L_N4_AD12P_64,1L,64,HP,0
BB12,IO_L8N_T1L_N3_AD5N_64,1L,64,HP,0
BB13,IO_L8P_T1L_N2_AD5P_64,1L,64,HP,0
AW11,IO_L7N_T1L_N1_QBC_AD13N_64,1L,64,HP,0
AV11,IO_L7P_T1L_N0_QBC_AD13P_64,1L,64,HP,0
AY13,IO_T1U_N12_64,1U,64,HP,0
BC16,IO_T0U_N12_VRP_64,0U,64,HP,0
BA17,IO_L6N_T0U_N11_AD6N_64,0U,64,HP,0
AY17,IO_L6P_T0U_N10_AD6P_64,0U,64,HP,0
BB14,IO_L5N_T0U_N9_AD14N_64,0U,64,HP,0
BA14,IO_L5P_T0U_N8_AD14P_64,0U,64,HP,0
BB16,IO_L4N_T0U_N7_DBC_AD7N_64,0U,64,HP,0
BB17,IO_L4P_T0U_N6_DBC_AD7P_64,0U,64,HP,0
BB15,IO_L3N_T0L_N5_AD15N_64,0L,64,HP,0
BA16,IO_L3P_T0L_N4_AD15P_64,0L,64,HP,0
AY14,IO_L2N_T0L_N3_64,0L,64,HP,0
AW15,IO_L2P_T0L_N2_64,0L,64,HP,0
BA15,IO_L1N_T0L_N1_DBC_64,0L,64,HP,0
AY15,IO_L1P_T0L_N0_DBC_64,0L,64,HP,0
AM17,VREF_64,NA,64,HP,0
A18,IO_L24N_T3U_N11_71,3U,71,HP,1
B18,IO_L24P_T3U_N10_71,3U,71,HP,1
A19,IO_L23N_T3U_N9_71,3U,71,HP,1
A20,IO_L23P_T3U_N8_71,3U,71,HP,1
C18,IO_L22N_T3U_N7_DBC_AD0N_71,3U,71,HP,1
C19,IO_L22P_T3U_N6_DBC_AD0P_71,3U,71,HP,1
A21,IO_L21N_T3L_N5_AD8N_71,3L,71,HP,1
B21,IO_L21P_T3L_N4_AD8P_71,3L,71,HP,1
D19,IO_L20N_T3L_N3_AD1N_71,3L,71,HP,1
D20,IO_L20P_T3L_N2_AD1P_71,3L,71,HP,1
B20,IO_L19N_T3L_N1_DBC_AD9N_71,3L,71,HP,1
C20,IO_L19P_T3L_N0_DBC_AD9P_71,3L,71,HP,1
D21,IO_T3U_N12_71,3U,71,HP,1
E21,IO_T2U_N12_71,2U,71,HP,1
E18,IO_L18N_T2U_N11_AD2N_71,2U,71,HP,1
E19,IO_L18P_T2U_N10_AD2P_71,2U,71,HP,1
F20,IO_L17N_T2U_N9_AD10N_71,2U,71,HP,1
G20,IO_L17P_T2U_N8_AD10P_71,2U,71,HP,1
G18,IO_L16N_T2U_N7_QBC_AD3N_71,2U,71,HP,1
H18,IO_L16P_T2U_N6_QBC_AD3P_71,2U,71,HP,1
F18,IO_L15N_T2L_N5_AD11N_71,2L,71,HP,1
F19,IO_L15P_T2L_N4_AD11P_71,2L,71,HP,1
H19,IO_L14N_T2L_N3_GC_71,2L,71,HP,1
H20,IO_L14P_T2L_N2_GC_71,2L,71,HP,1
J19,IO_L13N_T2L_N1_GC_QBC_71,2L,71,HP,1
J20,IO_L13P_T2L_N0_GC_QBC_71,2L,71,HP,1
K18,IO_L12N_T1U_N11_GC_71,1U,71,HP,1
K19,IO_L12P_T1U_N10_GC_71,1U,71,HP,1
L18,IO_L11N_T1U_N9_GC_71,1U,71,HP,1
L19,IO_L11P_T1U_N8_GC_71,1U,71,HP,1
J16,IO_L10N_T1U_N7_QBC_AD4N_71,1U,71,HP,1
K16,IO_L10P_T1U_N6_QBC_AD4P_71,1U,71,HP,1
L20,IO_L9N_T1L_N5_AD12N_71,1L,71,HP,1
M20,IO_L9P_T1L_N4_AD12P_71,1L,71,HP,1
L15,IO_L8N_T1L_N3_AD5N_71,1L,71,HP,1
L16,IO_L8P_T1L_N2_AD5P_71,1L,71,HP,1
J17,IO_L7N_T1L_N1_QBC_AD13N_71,1L,71,HP,1
K17,IO_L7P_T1L_N0_QBC_AD13P_71,1L,71,HP,1
J15,IO_T1U_N12_71,1U,71,HP,1
N15,IO_T0U_N12_VRP_71,0U,71,HP,1
P16,IO_L6N_T0U_N11_AD6N_71,0U,71,HP,1
P17,IO_L6P_T0U_N10_AD6P_71,0U,71,HP,1
N20,IO_L5N_T0U_N9_AD14N_71,0U,71,HP,1
P20,IO_L5P_T0U_N8_AD14P_71,0U,71,HP,1
M15,IO_L4N_T0U_N7_DBC_AD7N_71,0U,71,HP,1
M16,IO_L4P_T0U_N6_DBC_AD7P_71,0U,71,HP,1
N19,IO_L3N_T0L_N5_AD15N_71,0L,71,HP,1
P19,IO_L3P_T0L_N4_AD15P_71,0L,71,HP,1
M17,IO_L2N_T0L_N3_71,0L,71,HP,1
N17,IO_L2P_T0L_N2_71,0L,71,HP,1
M18,IO_L1N_T0L_N1_DBC_71,0L,71,HP,1
N18,IO_L1P_T0L_N0_DBC_71,0L,71,HP,1
P15,VREF_71,NA,71,HP,1
B22,IO_L24N_T3U_N11_70,3U,70,HP,1
C22,IO_L24P_T3U_N10_70,3U,70,HP,1
A25,IO_L23N_T3U_N9_70,3U,70,HP,1
B25,IO_L23P_T3U_N8_70,3U,70,HP,1
B23,IO_L22N_T3U_N7_DBC_AD0N_70,3U,70,HP,1
C23,IO_L22P_T3U_N6_DBC_AD0P_70,3U,70,HP,1
C25,IO_L21N_T3L_N5_AD8N_70,3L,70,HP,1
D25,IO_L21P_T3L_N4_AD8P_70,3L,70,HP,1
A23,IO_L20N_T3L_N3_AD1N_70,3L,70,HP,1
A24,IO_L20P_T3L_N2_AD1P_70,3L,70,HP,1
C24,IO_L19N_T3L_N1_DBC_AD9N_70,3L,70,HP,1
D24,IO_L19P_T3L_N0_DBC_AD9P_70,3L,70,HP,1
D22,IO_T3U_N12_70,3U,70,HP,1
E22,IO_T2U_N12_70,2U,70,HP,1
F21,IO_L18N_T2U_N11_AD2N_70,2U,70,HP,1
G21,IO_L18P_T2U_N10_AD2P_70,2U,70,HP,1
E24,IO_L17N_T2U_N9_AD10N_70,2U,70,HP,1
F24,IO_L17P_T2U_N8_AD10P_70,2U,70,HP,1
E23,IO_L16N_T2U_N7_QBC_AD3N_70,2U,70,HP,1
F23,IO_L16P_T2U_N6_QBC_AD3P_70,2U,70,HP,1
F25,IO_L15N_T2L_N5_AD11N_70,2L,70,HP,1
G25,IO_L15P_T2L_N4_AD11P_70,2L,70,HP,1
G23,IO_L14N_T2L_N3_GC_70,2L,70,HP,1
H23,IO_L14P_T2L_N2_GC_70,2L,70,HP,1
G22,IO_L13N_T2L_N1_GC_QBC_70,2L,70,HP,1
H22,IO_L13P_T2L_N0_GC_QBC_70,2L,70,HP,1
H24,IO_L12N_T1U_N11_GC_70,1U,70,HP,1
J24,IO_L12P_T1U_N10_GC_70,1U,70,HP,1
J22,IO_L11N_T1U_N9_GC_70,1U,70,HP,1
K22,IO_L11P_T1U_N8_GC_70,1U,70,HP,1
J21,IO_L10N_T1U_N7_QBC_AD4N_70,1U,70,HP,1
K21,IO_L10P_T1U_N6_QBC_AD4P_70,1U,70,HP,1
H25,IO_L9N_T1L_N5_AD12N_70,1L,70,HP,1
J25,IO_L9P_T1L_N4_AD12P_70,1L,70,HP,1
K23,IO_L8N_T1L_N3_AD5N_70,1L,70,HP,1
L23,IO_L8P_T1L_N2_AD5P_70,1L,70,HP,1
K24,IO_L7N_T1L_N1_QBC_AD13N_70,1L,70,HP,1
L24,IO_L7P_T1L_N0_QBC_AD13P_70,1L,70,HP,1
L25,IO_T1U_N12_70,1U,70,HP,1
P22,IO_T0U_N12_VRP_70,0U,70,HP,1
L21,IO_L6N_T0U_N11_AD6N_70,0U,70,HP,1
M21,IO_L6P_T0U_N10_AD6P_70,0U,70,HP,1
N25,IO_L5N_T0U_N9_AD14N_70,0U,70,HP,1
P25,IO_L5P_T0U_N8_AD14P_70,0U,70,HP,1
M22,IO_L4N_T0U_N7_DBC_AD7N_70,0U,70,HP,1
N22,IO_L4P_T0U_N6_DBC_AD7P_70,0U,70,HP,1
M25,IO_L3N_T0L_N5_AD15N_70,0L,70,HP,1
M26,IO_L3P_T0L_N4_AD15P_70,0L,70,HP,1
N24,IO_L2N_T0L_N3_70,0L,70,HP,1
P24,IO_L2P_T0L_N2_70,0L,70,HP,1
M23,IO_L1N_T0L_N1_DBC_70,0L,70,HP,1
N23,IO_L1P_T0L_N0_DBC_70,0L,70,HP,1
P21,VREF_70,NA,70,HP,1
A26,IO_L24N_T3U_N11_69,3U,69,HP,1
B26,IO_L24P_T3U_N10_69,3U,69,HP,1
C29,IO_L23N_T3U_N9_69,3U,69,HP,1
D29,IO_L23P_T3U_N8_69,3U,69,HP,1
B28,IO_L22N_T3U_N7_DBC_AD0N_69,3U,69,HP,1
B27,IO_L22P_T3U_N6_DBC_AD0P_69,3U,69,HP,1
C28,IO_L21N_T3L_N5_AD8N_69,3L,69,HP,1
C27,IO_L21P_T3L_N4_AD8P_69,3L,69,HP,1
A29,IO_L20N_T3L_N3_AD1N_69,3L,69,HP,1
A28,IO_L20P_T3L_N2_AD1P_69,3L,69,HP,1
D27,IO_L19N_T3L_N1_DBC_AD9N_69,3L,69,HP,1
D26,IO_L19P_T3L_N0_DBC_AD9P_69,3L,69,HP,1
E26,IO_T3U_N12_69,3U,69,HP,1
G27,IO_T2U_N12_69,2U,69,HP,1
E28,IO_L18N_T2U_N11_AD2N_69,2U,69,HP,1
E27,IO_L18P_T2U_N10_AD2P_69,2U,69,HP,1
E29,IO_L17N_T2U_N9_AD10N_69,2U,69,HP,1
F29,IO_L17P_T2U_N8_AD10P_69,2U,69,HP,1
F26,IO_L16N_T2U_N7_QBC_AD3N_69,2U,69,HP,1
G26,IO_L16P_T2U_N6_QBC_AD3P_69,2U,69,HP,1
F28,IO_L15N_T2L_N5_AD11N_69,2L,69,HP,1
G28,IO_L15P_T2L_N4_AD11P_69,2L,69,HP,1
H27,IO_L14N_T2L_N3_GC_69,2L,69,HP,1
J27,IO_L14P_T2L_N2_GC_69,2L,69,HP,1
H29,IO_L13N_T2L_N1_GC_QBC_69,2L,69,HP,1
H28,IO_L13P_T2L_N0_GC_QBC_69,2L,69,HP,1
J29,IO_L12N_T1U_N11_GC_69,1U,69,HP,1
K29,IO_L12P_T1U_N10_GC_69,1U,69,HP,1
K28,IO_L11N_T1U_N9_GC_69,1U,69,HP,1
K27,IO_L11P_T1U_N8_GC_69,1U,69,HP,1
J26,IO_L10N_T1U_N7_QBC_AD4N_69,1U,69,HP,1
K26,IO_L10P_T1U_N6_QBC_AD4P_69,1U,69,HP,1
L29,IO_L9N_T1L_N5_AD12N_69,1L,69,HP,1
L28,IO_L9P_T1L_N4_AD12P_69,1L,69,HP,1
M27,IO_L8N_T1L_N3_AD5N_69,1L,69,HP,1
N27,IO_L8P_T1L_N2_AD5P_69,1L,69,HP,1
M28,IO_L7N_T1L_N1_QBC_AD13N_69,1L,69,HP,1
N28,IO_L7P_T1L_N0_QBC_AD13P_69,1L,69,HP,1
L26,IO_T1U_N12_69,1U,69,HP,1
J30,IO_T0U_N12_VRP_69,0U,69,HP,1
L30,IO_L6N_T0U_N11_AD6N_69,0U,69,HP,1
M30,IO_L6P_T0U_N10_AD6P_69,0U,69,HP,1
J31,IO_L5N_T0U_N9_AD14N_69,0U,69,HP,1
K31,IO_L5P_T0U_N8_AD14P_69,0U,69,HP,1
N30,IO_L4N_T0U_N7_DBC_AD7N_69,0U,69,HP,1
N29,IO_L4P_T0U_N6_DBC_AD7P_69,0U,69,HP,1
J32,IO_L3N_T0L_N5_AD15N_69,0L,69,HP,1
K32,IO_L3P_T0L_N4_AD15P_69,0L,69,HP,1
M32,IO_L2N_T0L_N3_69,0L,69,HP,1
N32,IO_L2P_T0L_N2_69,0L,69,HP,1
L31,IO_L1N_T0L_N1_DBC_69,0L,69,HP,1
M31,IO_L1P_T0L_N0_DBC_69,0L,69,HP,1
P27,VREF_69,NA,69,HP,1
BF31,IO_L24N_T3U_N11_68,3U,68,HP,1
BF30,IO_L24P_T3U_N10_68,3U,68,HP,1
BD31,IO_L23N_T3U_N9_68,3U,68,HP,1
BC31,IO_L23P_T3U_N8_68,3U,68,HP,1
BF29,IO_L22N_T3U_N7_DBC_AD0N_68,3U,68,HP,1
BE29,IO_L22P_T3U_N6_DBC_AD0P_68,3U,68,HP,1
BB31,IO_L21N_T3L_N5_AD8N_68,3L,68,HP,1
BA31,IO_L21P_T3L_N4_AD8P_68,3L,68,HP,1
BE30,IO_L20N_T3L_N3_AD1N_68,3L,68,HP,1
BD30,IO_L20P_T3L_N2_AD1P_68,3L,68,HP,1
BC30,IO_L19N_T3L_N1_DBC_AD9N_68,3L,68,HP,1
BC29,IO_L19P_T3L_N0_DBC_AD9P_68,3L,68,HP,1
BA30,IO_T3U_N12_68,3U,68,HP,1
BA35,IO_T2U_N12_68,2U,68,HP,1
BB36,IO_L18N_T2U_N11_AD2N_68,2U,68,HP,1
BA36,IO_L18P_T2U_N10_AD2P_68,2U,68,HP,1
BB33,IO_L17N_T2U_N9_AD10N_68,2U,68,HP,1
BB32,IO_L17P_T2U_N8_AD10P_68,2U,68,HP,1
BB34,IO_L16N_T2U_N7_QBC_AD3N_68,2U,68,HP,1
BA34,IO_L16P_T2U_N6_QBC_AD3P_68,2U,68,HP,1
BA32,IO_L15N_T2L_N5_AD11N_68,2L,68,HP,1
AY32,IO_L15P_T2L_N4_AD11P_68,2L,68,HP,1
AY33,IO_L14N_T2L_N3_GC_68,2L,68,HP,1
AW33,IO_L14P_T2L_N2_GC_68,2L,68,HP,1
AY35,IO_L13N_T2L_N1_GC_QBC_68,2L,68,HP,1
AY34,IO_L13P_T2L_N0_GC_QBC_68,2L,68,HP,1
AU34,IO_L12N_T1U_N11_GC_68,1U,68,HP,1
AU33,IO_L12P_T1U_N10_GC_68,1U,68,HP,1
AV34,IO_L11N_T1U_N9_GC_68,1U,68,HP,1
AV33,IO_L11P_T1U_N8_GC_68,1U,68,HP,1
AW36,IO_L10N_T1U_N7_QBC_AD4N_68,1U,68,HP,1
AV36,IO_L10P_T1U_N6_QBC_AD4P_68,1U,68,HP,1
AW35,IO_L9N_T1L_N5_AD12N_68,1L,68,HP,1
AV35,IO_L9P_T1L_N4_AD12P_68,1L,68,HP,1
AU32,IO_L8N_T1L_N3_AD5N_68,1L,68,HP,1
AU31,IO_L8P_T1L_N2_AD5P_68,1L,68,HP,1
AW31,IO_L7N_T1L_N1_QBC_AD13N_68,1L,68,HP,1
AV31,IO_L7P_T1L_N0_QBC_AD13P_68,1L,68,HP,1
AW32,IO_T1U_N12_68,1U,68,HP,1
AU36,IO_T0U_N12_VRP_68,0U,68,HP,1
AT36,IO_L6N_T0U_N11_AD6N_68,0U,68,HP,1
AR36,IO_L6P_T0U_N10_AD6P_68,0U,68,HP,1
AR33,IO_L5N_T0U_N9_AD14N_68,0U,68,HP,1
AP33,IO_L5P_T0U_N8_AD14P_68,0U,68,HP,1
AT35,IO_L4N_T0U_N7_DBC_AD7N_68,0U,68,HP,1
AR35,IO_L4P_T0U_N6_DBC_AD7P_68,0U,68,HP,1
AT32,IO_L3N_T0L_N5_AD15N_68,0L,68,HP,1
AR32,IO_L3P_T0L_N4_AD15P_68,0L,68,HP,1
AT34,IO_L2N_T0L_N3_68,0L,68,HP,1
AR34,IO_L2P_T0L_N2_68,0L,68,HP,1
AP32,IO_L1N_T0L_N1_DBC_68,0L,68,HP,1
AN32,IO_L1P_T0L_N0_DBC_68,0L,68,HP,1
AM32,VREF_68,NA,68,HP,1
AY39,MGTYTXN3_124,NA,124,GTY,0
AY38,MGTYTXP3_124,NA,124,GTY,0
AY43,MGTYRXP3_124,NA,124,GTY,0
AY44,MGTYRXN3_124,NA,124,GTY,0
AK35,MGTREFCLK1N_124,NA,124,GTY,0
AK34,MGTREFCLK1P_124,NA,124,GTY,0
BA41,MGTYTXN2_124,NA,124,GTY,0
BA40,MGTYTXP2_124,NA,124,GTY,0
BA45,MGTYRXP2_124,NA,124,GTY,0
BA46,MGTYRXN2_124,NA,124,GTY,0
BB39,MGTYTXN1_124,NA,124,GTY,0
BB38,MGTYTXP1_124,NA,124,GTY,0
BB43,MGTYRXP1_124,NA,124,GTY,0
BB44,MGTYRXN1_124,NA,124,GTY,0
AL37,MGTREFCLK0N_124,NA,124,GTY,0
AL36,MGTREFCLK0P_124,NA,124,GTY,0
BC41,MGTYTXN0_124,NA,124,GTY,0
BC40,MGTYTXP0_124,NA,124,GTY,0
BC45,MGTYRXP0_124,NA,124,GTY,0
BC46,MGTYRXN0_124,NA,124,GTY,0
AT39,MGTYTXN3_125,NA,125,GTY,0
AT38,MGTYTXP3_125,NA,125,GTY,0
AT43,MGTYRXP3_125,NA,125,GTY,0
AT44,MGTYRXN3_125,NA,125,GTY,0
AH35,MGTREFCLK1N_125,NA,125,GTY,0
AH34,MGTREFCLK1P_125,NA,125,GTY,0
AU41,MGTYTXN2_125,NA,125,GTY,0
AU40,MGTYTXP2_125,NA,125,GTY,0
AU45,MGTYRXP2_125,NA,125,GTY,0
AU46,MGTYRXN2_125,NA,125,GTY,0
AH40,MGTAVTTRCAL_LS,NA,NA,NA,0
AH41,MGTRREF_LS,NA,NA,NA,0
AV39,MGTYTXN1_125,NA,125,GTY,0
AV38,MGTYTXP1_125,NA,125,GTY,0
AV43,MGTYRXP1_125,NA,125,GTY,0
AV44,MGTYRXN1_125,NA,125,GTY,0
AJ37,MGTREFCLK0N_125,NA,125,GTY,0
AJ36,MGTREFCLK0P_125,NA,125,GTY,0
AW41,MGTYTXN0_125,NA,125,GTY,0
AW40,MGTYTXP0_125,NA,125,GTY,0
AW45,MGTYRXP0_125,NA,125,GTY,0
AW46,MGTYRXN0_125,NA,125,GTY,0
AM39,MGTYTXN3_126,NA,126,GTY,0
AM38,MGTYTXP3_126,NA,126,GTY,0
AM43,MGTYRXP3_126,NA,126,GTY,0
AM44,MGTYRXN3_126,NA,126,GTY,0
AF35,MGTREFCLK1N_126,NA,126,GTY,0
AF34,MGTREFCLK1P_126,NA,126,GTY,0
AN41,MGTYTXN2_126,NA,126,GTY,0
AN40,MGTYTXP2_126,NA,126,GTY,0
AN45,MGTYRXP2_126,NA,126,GTY,0
AN46,MGTYRXN2_126,NA,126,GTY,0
AP39,MGTYTXN1_126,NA,126,GTY,0
AP38,MGTYTXP1_126,NA,126,GTY,0
AP43,MGTYRXP1_126,NA,126,GTY,0
AP44,MGTYRXN1_126,NA,126,GTY,0
AG37,MGTREFCLK0N_126,NA,126,GTY,0
AG36,MGTREFCLK0P_126,NA,126,GTY,0
AR41,MGTYTXN0_126,NA,126,GTY,0
AR40,MGTYTXP0_126,NA,126,GTY,0
AR45,MGTYRXP0_126,NA,126,GTY,0
AR46,MGTYRXN0_126,NA,126,GTY,0
AH39,MGTYTXN3_127,NA,127,GTY,0
AH38,MGTYTXP3_127,NA,127,GTY,0
AH43,MGTYRXP3_127,NA,127,GTY,0
AH44,MGTYRXN3_127,NA,127,GTY,0
AD35,MGTREFCLK1N_127,NA,127,GTY,0
AD34,MGTREFCLK1P_127,NA,127,GTY,0
AJ41,MGTYTXN2_127,NA,127,GTY,0
AJ40,MGTYTXP2_127,NA,127,GTY,0
AJ45,MGTYRXP2_127,NA,127,GTY,0
AJ46,MGTYRXN2_127,NA,127,GTY,0
AK39,MGTYTXN1_127,NA,127,GTY,0
AK38,MGTYTXP1_127,NA,127,GTY,0
AK43,MGTYRXP1_127,NA,127,GTY,0
AK44,MGTYRXN1_127,NA,127,GTY,0
AE37,MGTREFCLK0N_127,NA,127,GTY,0
AE36,MGTREFCLK0P_127,NA,127,GTY,0
AL41,MGTYTXN0_127,NA,127,GTY,0
AL40,MGTYTXP0_127,NA,127,GTY,0
AL45,MGTYRXP0_127,NA,127,GTY,0
AL46,MGTYRXN0_127,NA,127,GTY,0
AD39,MGTYTXN3_128,NA,128,GTY,1
AD38,MGTYTXP3_128,NA,128,GTY,1
AD43,MGTYRXP3_128,NA,128,GTY,1
AD44,MGTYRXN3_128,NA,128,GTY,1
AB35,MGTREFCLK1N_128,NA,128,GTY,1
AB34,MGTREFCLK1P_128,NA,128,GTY,1
AE41,MGTYTXN2_128,NA,128,GTY,1
AE40,MGTYTXP2_128,NA,128,GTY,1
AE45,MGTYRXP2_128,NA,128,GTY,1
AE46,MGTYRXN2_128,NA,128,GTY,1
AF39,MGTYTXN1_128,NA,128,GTY,1
AF38,MGTYTXP1_128,NA,128,GTY,1
AF43,MGTYRXP1_128,NA,128,GTY,1
AF44,MGTYRXN1_128,NA,128,GTY,1
AC37,MGTREFCLK0N_128,NA,128,GTY,1
AC36,MGTREFCLK0P_128,NA,128,GTY,1
AG41,MGTYTXN0_128,NA,128,GTY,1
AG40,MGTYTXP0_128,NA,128,GTY,1
AG45,MGTYRXP0_128,NA,128,GTY,1
AG46,MGTYRXN0_128,NA,128,GTY,1
Y39,MGTYTXN3_129,NA,129,GTY,1
Y38,MGTYTXP3_129,NA,129,GTY,1
Y43,MGTYRXP3_129,NA,129,GTY,1
Y44,MGTYRXN3_129,NA,129,GTY,1
Y35,MGTREFCLK1N_129,NA,129,GTY,1
Y34,MGTREFCLK1P_129,NA,129,GTY,1
AA41,MGTYTXN2_129,NA,129,GTY,1
AA40,MGTYTXP2_129,NA,129,GTY,1
AA45,MGTYRXP2_129,NA,129,GTY,1
AA46,MGTYRXN2_129,NA,129,GTY,1
D40,MGTAVTTRCAL_LC,NA,NA,NA,1
D41,MGTRREF_LC,NA,NA,NA,1
AB39,MGTYTXN1_129,NA,129,GTY,1
AB38,MGTYTXP1_129,NA,129,GTY,1
AB43,MGTYRXP1_129,NA,129,GTY,1
AB44,MGTYRXN1_129,NA,129,GTY,1
AA37,MGTREFCLK0N_129,NA,129,GTY,1
AA36,MGTREFCLK0P_129,NA,129,GTY,1
AC41,MGTYTXN0_129,NA,129,GTY,1
AC40,MGTYTXP0_129,NA,129,GTY,1
AC45,MGTYRXP0_129,NA,129,GTY,1
AC46,MGTYRXN0_129,NA,129,GTY,1
T39,MGTYTXN3_130,NA,130,GTY,1
T38,MGTYTXP3_130,NA,130,GTY,1
T43,MGTYRXP3_130,NA,130,GTY,1
T44,MGTYRXN3_130,NA,130,GTY,1
V35,MGTREFCLK1N_130,NA,130,GTY,1
V34,MGTREFCLK1P_130,NA,130,GTY,1
U41,MGTYTXN2_130,NA,130,GTY,1
U40,MGTYTXP2_130,NA,130,GTY,1
U45,MGTYRXP2_130,NA,130,GTY,1
U46,MGTYRXN2_130,NA,130,GTY,1
V39,MGTYTXN1_130,NA,130,GTY,1
V38,MGTYTXP1_130,NA,130,GTY,1
V43,MGTYRXP1_130,NA,130,GTY,1
V44,MGTYRXN1_130,NA,130,GTY,1
W37,MGTREFCLK0N_130,NA,130,GTY,1
W36,MGTREFCLK0P_130,NA,130,GTY,1
W41,MGTYTXN0_130,NA,130,GTY,1
W40,MGTYTXP0_130,NA,130,GTY,1
W45,MGTYRXP0_130,NA,130,GTY,1
W46,MGTYRXN0_130,NA,130,GTY,1
M39,MGTYTXN3_131,NA,131,GTY,1
M38,MGTYTXP3_131,NA,131,GTY,1
M43,MGTYRXP3_131,NA,131,GTY,1
M44,MGTYRXN3_131,NA,131,GTY,1
T35,MGTREFCLK1N_131,NA,131,GTY,1
T34,MGTREFCLK1P_131,NA,131,GTY,1
N41,MGTYTXN2_131,NA,131,GTY,1
N40,MGTYTXP2_131,NA,131,GTY,1
N45,MGTYRXP2_131,NA,131,GTY,1
N46,MGTYRXN2_131,NA,131,GTY,1
P39,MGTYTXN1_131,NA,131,GTY,1
P38,MGTYTXP1_131,NA,131,GTY,1
P43,MGTYRXP1_131,NA,131,GTY,1
P44,MGTYRXN1_131,NA,131,GTY,1
U37,MGTREFCLK0N_131,NA,131,GTY,1
U36,MGTREFCLK0P_131,NA,131,GTY,1
R41,MGTYTXN0_131,NA,131,GTY,1
R40,MGTYTXP0_131,NA,131,GTY,1
R45,MGTYRXP0_131,NA,131,GTY,1
R46,MGTYRXN0_131,NA,131,GTY,1
H39,MGTYTXN3_132,NA,132,GTY,2
H38,MGTYTXP3_132,NA,132,GTY,2
H43,MGTYRXP3_132,NA,132,GTY,2
H44,MGTYRXN3_132,NA,132,GTY,2
P35,MGTREFCLK1N_132,NA,132,GTY,2
P34,MGTREFCLK1P_132,NA,132,GTY,2
J41,MGTYTXN2_132,NA,132,GTY,2
J40,MGTYTXP2_132,NA,132,GTY,2
J45,MGTYRXP2_132,NA,132,GTY,2
J46,MGTYRXN2_132,NA,132,GTY,2
K39,MGTYTXN1_132,NA,132,GTY,2
K38,MGTYTXP1_132,NA,132,GTY,2
K43,MGTYRXP1_132,NA,132,GTY,2
K44,MGTYRXN1_132,NA,132,GTY,2
R37,MGTREFCLK0N_132,NA,132,GTY,2
R36,MGTREFCLK0P_132,NA,132,GTY,2
L41,MGTYTXN0_132,NA,132,GTY,2
L40,MGTYTXP0_132,NA,132,GTY,2
L45,MGTYRXP0_132,NA,132,GTY,2
L46,MGTYRXN0_132,NA,132,GTY,2
F35,MGTYTXN3_133,NA,133,GTY,2
F34,MGTYTXP3_133,NA,133,GTY,2
E31,MGTYRXP3_133,NA,133,GTY,2
E32,MGTYRXN3_133,NA,133,GTY,2
M35,MGTREFCLK1N_133,NA,133,GTY,2
M34,MGTREFCLK1P_133,NA,133,GTY,2
G37,MGTYTXN2_133,NA,133,GTY,2
G36,MGTYTXP2_133,NA,133,GTY,2
G31,MGTYRXP2_133,NA,133,GTY,2
G32,MGTYRXN2_133,NA,133,GTY,2
A38,MGTAVTTRCAL_LN,NA,NA,NA,2
A39,MGTRREF_LN,NA,NA,NA,2
F39,MGTYTXN1_133,NA,133,GTY,2
F38,MGTYTXP1_133,NA,133,GTY,2
F43,MGTYRXP1_133,NA,133,GTY,2
F44,MGTYRXN1_133,NA,133,GTY,2
N37,MGTREFCLK0N_133,NA,133,GTY,2
N36,MGTREFCLK0P_133,NA,133,GTY,2
G41,MGTYTXN0_133,NA,133,GTY,2
G40,MGTYTXP0_133,NA,133,GTY,2
G45,MGTYRXP0_133,NA,133,GTY,2
G46,MGTYRXN0_133,NA,133,GTY,2
A41,MGTYTXN3_134,NA,134,GTY,2
A40,MGTYTXP3_134,NA,134,GTY,2
B43,MGTYRXP3_134,NA,134,GTY,2
B44,MGTYRXN3_134,NA,134,GTY,2
K35,MGTREFCLK1N_134,NA,134,GTY,2
K34,MGTREFCLK1P_134,NA,134,GTY,2
C41,MGTYTXN2_134,NA,134,GTY,2
C40,MGTYTXP2_134,NA,134,GTY,2
C45,MGTYRXP2_134,NA,134,GTY,2
C46,MGTYRXN2_134,NA,134,GTY,2
E37,MGTYTXN1_134,NA,134,GTY,2
E36,MGTYTXP1_134,NA,134,GTY,2
D43,MGTYRXP1_134,NA,134,GTY,2
D44,MGTYRXN1_134,NA,134,GTY,2
L37,MGTREFCLK0N_134,NA,134,GTY,2
L36,MGTREFCLK0P_134,NA,134,GTY,2
E41,MGTYTXN0_134,NA,134,GTY,2
E40,MGTYTXP0_134,NA,134,GTY,2
E45,MGTYRXP0_134,NA,134,GTY,2
E46,MGTYRXN0_134,NA,134,GTY,2
A37,MGTYTXN3_135,NA,135,GTY,2
A36,MGTYTXP3_135,NA,135,GTY,2
A31,MGTYRXP3_135,NA,135,GTY,2
A32,MGTYRXN3_135,NA,135,GTY,2
H35,MGTREFCLK1N_135,NA,135,GTY,2
H34,MGTREFCLK1P_135,NA,135,GTY,2
B39,MGTYTXN2_135,NA,135,GTY,2
B38,MGTYTXP2_135,NA,135,GTY,2
B33,MGTYRXP2_135,NA,135,GTY,2
B34,MGTYRXN2_135,NA,135,GTY,2
C37,MGTYTXN1_135,NA,135,GTY,2
C36,MGTYTXP1_135,NA,135,GTY,2
C31,MGTYRXP1_135,NA,135,GTY,2
C32,MGTYRXN1_135,NA,135,GTY,2
J37,MGTREFCLK0N_135,NA,135,GTY,2
J36,MGTREFCLK0P_135,NA,135,GTY,2
D39,MGTYTXN0_135,NA,135,GTY,2
D38,MGTYTXP0_135,NA,135,GTY,2
D33,MGTYRXP0_135,NA,135,GTY,2
D34,MGTYRXN0_135,NA,135,GTY,2
AY9,MGTYTXP3_224,NA,224,GTY,0
AY4,MGTYRXP3_224,NA,224,GTY,0
AY3,MGTYRXN3_224,NA,224,GTY,0
AY8,MGTYTXN3_224,NA,224,GTY,0
AK13,MGTREFCLK1P_224,NA,224,GTY,0
AK12,MGTREFCLK1N_224,NA,224,GTY,0
BA7,MGTYTXP2_224,NA,224,GTY,0
BA2,MGTYRXP2_224,NA,224,GTY,0
BA1,MGTYRXN2_224,NA,224,GTY,0
BA6,MGTYTXN2_224,NA,224,GTY,0
BB9,MGTYTXP1_224,NA,224,GTY,0
BB4,MGTYRXP1_224,NA,224,GTY,0
BB3,MGTYRXN1_224,NA,224,GTY,0
BB8,MGTYTXN1_224,NA,224,GTY,0
AL11,MGTREFCLK0P_224,NA,224,GTY,0
AL10,MGTREFCLK0N_224,NA,224,GTY,0
BC7,MGTYTXP0_224,NA,224,GTY,0
BC2,MGTYRXP0_224,NA,224,GTY,0
BC1,MGTYRXN0_224,NA,224,GTY,0
BC6,MGTYTXN0_224,NA,224,GTY,0
AT9,MGTYTXP3_225,NA,225,GTY,0
AT4,MGTYRXP3_225,NA,225,GTY,0
AT3,MGTYRXN3_225,NA,225,GTY,0
AT8,MGTYTXN3_225,NA,225,GTY,0
AH13,MGTREFCLK1P_225,NA,225,GTY,0
AH12,MGTREFCLK1N_225,NA,225,GTY,0
AU7,MGTYTXP2_225,NA,225,GTY,0
AU2,MGTYRXP2_225,NA,225,GTY,0
AU1,MGTYRXN2_225,NA,225,GTY,0
AU6,MGTYTXN2_225,NA,225,GTY,0
AH6,MGTRREF_RS,NA,NA,NA,0
AH7,MGTAVTTRCAL_RS,NA,NA,NA,0
AV9,MGTYTXP1_225,NA,225,GTY,0
AV4,MGTYRXP1_225,NA,225,GTY,0
AV3,MGTYRXN1_225,NA,225,GTY,0
AV8,MGTYTXN1_225,NA,225,GTY,0
AJ11,MGTREFCLK0P_225,NA,225,GTY,0
AJ10,MGTREFCLK0N_225,NA,225,GTY,0
AW7,MGTYTXP0_225,NA,225,GTY,0
AW2,MGTYRXP0_225,NA,225,GTY,0
AW1,MGTYRXN0_225,NA,225,GTY,0
AW6,MGTYTXN0_225,NA,225,GTY,0
AM9,MGTYTXP3_226,NA,226,GTY,0
AM4,MGTYRXP3_226,NA,226,GTY,0
AM3,MGTYRXN3_226,NA,226,GTY,0
AM8,MGTYTXN3_226,NA,226,GTY,0
AF13,MGTREFCLK1P_226,NA,226,GTY,0
AF12,MGTREFCLK1N_226,NA,226,GTY,0
AN7,MGTYTXP2_226,NA,226,GTY,0
AN2,MGTYRXP2_226,NA,226,GTY,0
AN1,MGTYRXN2_226,NA,226,GTY,0
AN6,MGTYTXN2_226,NA,226,GTY,0
AP9,MGTYTXP1_226,NA,226,GTY,0
AP4,MGTYRXP1_226,NA,226,GTY,0
AP3,MGTYRXN1_226,NA,226,GTY,0
AP8,MGTYTXN1_226,NA,226,GTY,0
AG11,MGTREFCLK0P_226,NA,226,GTY,0
AG10,MGTREFCLK0N_226,NA,226,GTY,0
AR7,MGTYTXP0_226,NA,226,GTY,0
AR2,MGTYRXP0_226,NA,226,GTY,0
AR1,MGTYRXN0_226,NA,226,GTY,0
AR6,MGTYTXN0_226,NA,226,GTY,0
AH9,MGTYTXP3_227,NA,227,GTY,0
AH4,MGTYRXP3_227,NA,227,GTY,0
AH3,MGTYRXN3_227,NA,227,GTY,0
AH8,MGTYTXN3_227,NA,227,GTY,0
AD13,MGTREFCLK1P_227,NA,227,GTY,0
AD12,MGTREFCLK1N_227,NA,227,GTY,0
AJ7,MGTYTXP2_227,NA,227,GTY,0
AJ2,MGTYRXP2_227,NA,227,GTY,0
AJ1,MGTYRXN2_227,NA,227,GTY,0
AJ6,MGTYTXN2_227,NA,227,GTY,0
AK9,MGTYTXP1_227,NA,227,GTY,0
AK4,MGTYRXP1_227,NA,227,GTY,0
AK3,MGTYRXN1_227,NA,227,GTY,0
AK8,MGTYTXN1_227,NA,227,GTY,0
AE11,MGTREFCLK0P_227,NA,227,GTY,0
AE10,MGTREFCLK0N_227,NA,227,GTY,0
AL7,MGTYTXP0_227,NA,227,GTY,0
AL2,MGTYRXP0_227,NA,227,GTY,0
AL1,MGTYRXN0_227,NA,227,GTY,0
AL6,MGTYTXN0_227,NA,227,GTY,0
AD9,MGTYTXP3_228,NA,228,GTY,1
AD4,MGTYRXP3_228,NA,228,GTY,1
AD3,MGTYRXN3_228,NA,228,GTY,1
AD8,MGTYTXN3_228,NA,228,GTY,1
AB13,MGTREFCLK1P_228,NA,228,GTY,1
AB12,MGTREFCLK1N_228,NA,228,GTY,1
AE7,MGTYTXP2_228,NA,228,GTY,1
AE2,MGTYRXP2_228,NA,228,GTY,1
AE1,MGTYRXN2_228,NA,228,GTY,1
AE6,MGTYTXN2_228,NA,228,GTY,1
AF9,MGTYTXP1_228,NA,228,GTY,1
AF4,MGTYRXP1_228,NA,228,GTY,1
AF3,MGTYRXN1_228,NA,228,GTY,1
AF8,MGTYTXN1_228,NA,228,GTY,1
AC11,MGTREFCLK0P_228,NA,228,GTY,1
AC10,MGTREFCLK0N_228,NA,228,GTY,1
AG7,MGTYTXP0_228,NA,228,GTY,1
AG2,MGTYRXP0_228,NA,228,GTY,1
AG1,MGTYRXN0_228,NA,228,GTY,1
AG6,MGTYTXN0_228,NA,228,GTY,1
Y9,MGTYTXP3_229,NA,229,GTY,1
Y4,MGTYRXP3_229,NA,229,GTY,1
Y3,MGTYRXN3_229,NA,229,GTY,1
Y8,MGTYTXN3_229,NA,229,GTY,1
Y13,MGTREFCLK1P_229,NA,229,GTY,1
Y12,MGTREFCLK1N_229,NA,229,GTY,1
AA7,MGTYTXP2_229,NA,229,GTY,1
AA2,MGTYRXP2_229,NA,229,GTY,1
AA1,MGTYRXN2_229,NA,229,GTY,1
AA6,MGTYTXN2_229,NA,229,GTY,1
D6,MGTRREF_RC,NA,NA,NA,1
D7,MGTAVTTRCAL_RC,NA,NA,NA,1
AB9,MGTYTXP1_229,NA,229,GTY,1
AB4,MGTYRXP1_229,NA,229,GTY,1
AB3,MGTYRXN1_229,NA,229,GTY,1
AB8,MGTYTXN1_229,NA,229,GTY,1
AA11,MGTREFCLK0P_229,NA,229,GTY,1
AA10,MGTREFCLK0N_229,NA,229,GTY,1
AC7,MGTYTXP0_229,NA,229,GTY,1
AC2,MGTYRXP0_229,NA,229,GTY,1
AC1,MGTYRXN0_229,NA,229,GTY,1
AC6,MGTYTXN0_229,NA,229,GTY,1
T9,MGTYTXP3_230,NA,230,GTY,1
T4,MGTYRXP3_230,NA,230,GTY,1
T3,MGTYRXN3_230,NA,230,GTY,1
T8,MGTYTXN3_230,NA,230,GTY,1
V13,MGTREFCLK1P_230,NA,230,GTY,1
V12,MGTREFCLK1N_230,NA,230,GTY,1
U7,MGTYTXP2_230,NA,230,GTY,1
U2,MGTYRXP2_230,NA,230,GTY,1
U1,MGTYRXN2_230,NA,230,GTY,1
U6,MGTYTXN2_230,NA,230,GTY,1
V9,MGTYTXP1_230,NA,230,GTY,1
V4,MGTYRXP1_230,NA,230,GTY,1
V3,MGTYRXN1_230,NA,230,GTY,1
V8,MGTYTXN1_230,NA,230,GTY,1
W11,MGTREFCLK0P_230,NA,230,GTY,1
W10,MGTREFCLK0N_230,NA,230,GTY,1
W7,MGTYTXP0_230,NA,230,GTY,1
W2,MGTYRXP0_230,NA,230,GTY,1
W1,MGTYRXN0_230,NA,230,GTY,1
W6,MGTYTXN0_230,NA,230,GTY,1
M9,MGTYTXP3_231,NA,231,GTY,1
M4,MGTYRXP3_231,NA,231,GTY,1
M3,MGTYRXN3_231,NA,231,GTY,1
M8,MGTYTXN3_231,NA,231,GTY,1
T13,MGTREFCLK1P_231,NA,231,GTY,1
T12,MGTREFCLK1N_231,NA,231,GTY,1
N7,MGTYTXP2_231,NA,231,GTY,1
N2,MGTYRXP2_231,NA,231,GTY,1
N1,MGTYRXN2_231,NA,231,GTY,1
N6,MGTYTXN2_231,NA,231,GTY,1
P9,MGTYTXP1_231,NA,231,GTY,1
P4,MGTYRXP1_231,NA,231,GTY,1
P3,MGTYRXN1_231,NA,231,GTY,1
P8,MGTYTXN1_231,NA,231,GTY,1
U11,MGTREFCLK0P_231,NA,231,GTY,1
U10,MGTREFCLK0N_231,NA,231,GTY,1
R7,MGTYTXP0_231,NA,231,GTY,1
R2,MGTYRXP0_231,NA,231,GTY,1
R1,MGTYRXN0_231,NA,231,GTY,1
R6,MGTYTXN0_231,NA,231,GTY,1
H9,MGTYTXP3_232,NA,232,GTY,2
H4,MGTYRXP3_232,NA,232,GTY,2
H3,MGTYRXN3_232,NA,232,GTY,2
H8,MGTYTXN3_232,NA,232,GTY,2
P13,MGTREFCLK1P_232,NA,232,GTY,2
P12,MGTREFCLK1N_232,NA,232,GTY,2
J7,MGTYTXP2_232,NA,232,GTY,2
J2,MGTYRXP2_232,NA,232,GTY,2
J1,MGTYRXN2_232,NA,232,GTY,2
J6,MGTYTXN2_232,NA,232,GTY,2
K9,MGTYTXP1_232,NA,232,GTY,2
K4,MGTYRXP1_232,NA,232,GTY,2
K3,MGTYRXN1_232,NA,232,GTY,2
K8,MGTYTXN1_232,NA,232,GTY,2
R11,MGTREFCLK0P_232,NA,232,GTY,2
R10,MGTREFCLK0N_232,NA,232,GTY,2
L7,MGTYTXP0_232,NA,232,GTY,2
L2,MGTYRXP0_232,NA,232,GTY,2
L1,MGTYRXN0_232,NA,232,GTY,2
L6,MGTYTXN0_232,NA,232,GTY,2
F13,MGTYTXP3_233,NA,233,GTY,2
E16,MGTYRXP3_233,NA,233,GTY,2
E15,MGTYRXN3_233,NA,233,GTY,2
F12,MGTYTXN3_233,NA,233,GTY,2
M13,MGTREFCLK1P_233,NA,233,GTY,2
M12,MGTREFCLK1N_233,NA,233,GTY,2
G11,MGTYTXP2_233,NA,233,GTY,2
G16,MGTYRXP2_233,NA,233,GTY,2
G15,MGTYRXN2_233,NA,233,GTY,2
G10,MGTYTXN2_233,NA,233,GTY,2
A8,MGTRREF_RN,NA,NA,NA,2
A9,MGTAVTTRCAL_RN,NA,NA,NA,2
F9,MGTYTXP1_233,NA,233,GTY,2
F4,MGTYRXP1_233,NA,233,GTY,2
F3,MGTYRXN1_233,NA,233,GTY,2
F8,MGTYTXN1_233,NA,233,GTY,2
N11,MGTREFCLK0P_233,NA,233,GTY,2
N10,MGTREFCLK0N_233,NA,233,GTY,2
G7,MGTYTXP0_233,NA,233,GTY,2
G2,MGTYRXP0_233,NA,233,GTY,2
G1,MGTYRXN0_233,NA,233,GTY,2
G6,MGTYTXN0_233,NA,233,GTY,2
A7,MGTYTXP3_234,NA,234,GTY,2
B4,MGTYRXP3_234,NA,234,GTY,2
B3,MGTYRXN3_234,NA,234,GTY,2
A6,MGTYTXN3_234,NA,234,GTY,2
K13,MGTREFCLK1P_234,NA,234,GTY,2
K12,MGTREFCLK1N_234,NA,234,GTY,2
C7,MGTYTXP2_234,NA,234,GTY,2
C2,MGTYRXP2_234,NA,234,GTY,2
C1,MGTYRXN2_234,NA,234,GTY,2
C6,MGTYTXN2_234,NA,234,GTY,2
E11,MGTYTXP1_234,NA,234,GTY,2
D4,MGTYRXP1_234,NA,234,GTY,2
D3,MGTYRXN1_234,NA,234,GTY,2
E10,MGTYTXN1_234,NA,234,GTY,2
L11,MGTREFCLK0P_234,NA,234,GTY,2
L10,MGTREFCLK0N_234,NA,234,GTY,2
E7,MGTYTXP0_234,NA,234,GTY,2
E2,MGTYRXP0_234,NA,234,GTY,2
E1,MGTYRXN0_234,NA,234,GTY,2
E6,MGTYTXN0_234,NA,234,GTY,2
A11,MGTYTXP3_235,NA,235,GTY,2
A16,MGTYRXP3_235,NA,235,GTY,2
A15,MGTYRXN3_235,NA,235,GTY,2
A10,MGTYTXN3_235,NA,235,GTY,2
H13,MGTREFCLK1P_235,NA,235,GTY,2
H12,MGTREFCLK1N_235,NA,235,GTY,2
B9,MGTYTXP2_235,NA,235,GTY,2
B14,MGTYRXP2_235,NA,235,GTY,2
B13,MGTYRXN2_235,NA,235,GTY,2
B8,MGTYTXN2_235,NA,235,GTY,2
C11,MGTYTXP1_235,NA,235,GTY,2
C16,MGTYRXP1_235,NA,235,GTY,2
C15,MGTYRXN1_235,NA,235,GTY,2
C10,MGTYTXN1_235,NA,235,GTY,2
J11,MGTREFCLK0P_235,NA,235,GTY,2
J10,MGTREFCLK0N_235,NA,235,GTY,2
D9,MGTYTXP0_235,NA,235,GTY,2
D14,MGTYRXP0_235,NA,235,GTY,2
D13,MGTYRXN0_235,NA,235,GTY,2
D8,MGTYTXN0_235,NA,235,GTY,2
A3,GND,NA,NA,NA,NA
A5,GND,NA,NA,NA,NA
A12,GND,NA,NA,NA,NA
A13,GND,NA,NA,NA,NA
A14,GND,NA,NA,NA,NA
A17,GND,NA,NA,NA,NA
A22,GND,NA,NA,NA,NA
A30,GND,NA,NA,NA,NA
A33,GND,NA,NA,NA,NA
A34,GND,NA,NA,NA,NA
A35,GND,NA,NA,NA,NA
A42,GND,NA,NA,NA,NA
A44,GND,NA,NA,NA,NA
B2,GND,NA,NA,NA,NA
B5,GND,NA,NA,NA,NA
B6,GND,NA,NA,NA,NA
B10,GND,NA,NA,NA,NA
B12,GND,NA,NA,NA,NA
B15,GND,NA,NA,NA,NA
B16,GND,NA,NA,NA,NA
B17,GND,NA,NA,NA,NA
B19,GND,NA,NA,NA,NA
B29,GND,NA,NA,NA,NA
B30,GND,NA,NA,NA,NA
B31,GND,NA,NA,NA,NA
B32,GND,NA,NA,NA,NA
B35,GND,NA,NA,NA,NA
B37,GND,NA,NA,NA,NA
B41,GND,NA,NA,NA,NA
B42,GND,NA,NA,NA,NA
B45,GND,NA,NA,NA,NA
C3,GND,NA,NA,NA,NA
C4,GND,NA,NA,NA,NA
C5,GND,NA,NA,NA,NA
C8,GND,NA,NA,NA,NA
C12,GND,NA,NA,NA,NA
C13,GND,NA,NA,NA,NA
C14,GND,NA,NA,NA,NA
C17,GND,NA,NA,NA,NA
C26,GND,NA,NA,NA,NA
C30,GND,NA,NA,NA,NA
C33,GND,NA,NA,NA,NA
C34,GND,NA,NA,NA,NA
C35,GND,NA,NA,NA,NA
C39,GND,NA,NA,NA,NA
C42,GND,NA,NA,NA,NA
C43,GND,NA,NA,NA,NA
C44,GND,NA,NA,NA,NA
D1,GND,NA,NA,NA,NA
D2,GND,NA,NA,NA,NA
D5,GND,NA,NA,NA,NA
D11,GND,NA,NA,NA,NA
D12,GND,NA,NA,NA,NA
D15,GND,NA,NA,NA,NA
D16,GND,NA,NA,NA,NA
D17,GND,NA,NA,NA,NA
D23,GND,NA,NA,NA,NA
D30,GND,NA,NA,NA,NA
D31,GND,NA,NA,NA,NA
D32,GND,NA,NA,NA,NA
D35,GND,NA,NA,NA,NA
D36,GND,NA,NA,NA,NA
D42,GND,NA,NA,NA,NA
D45,GND,NA,NA,NA,NA
D46,GND,NA,NA,NA,NA
E3,GND,NA,NA,NA,NA
E4,GND,NA,NA,NA,NA
E5,GND,NA,NA,NA,NA
E9,GND,NA,NA,NA,NA
E12,GND,NA,NA,NA,NA
E13,GND,NA,NA,NA,NA
E14,GND,NA,NA,NA,NA
E17,GND,NA,NA,NA,NA
E20,GND,NA,NA,NA,NA
E30,GND,NA,NA,NA,NA
E33,GND,NA,NA,NA,NA
E34,GND,NA,NA,NA,NA
E35,GND,NA,NA,NA,NA
E38,GND,NA,NA,NA,NA
E42,GND,NA,NA,NA,NA
E43,GND,NA,NA,NA,NA
E44,GND,NA,NA,NA,NA
F1,GND,NA,NA,NA,NA
F2,GND,NA,NA,NA,NA
F5,GND,NA,NA,NA,NA
F6,GND,NA,NA,NA,NA
F10,GND,NA,NA,NA,NA
F14,GND,NA,NA,NA,NA
F15,GND,NA,NA,NA,NA
F16,GND,NA,NA,NA,NA
F17,GND,NA,NA,NA,NA
F27,GND,NA,NA,NA,NA
F30,GND,NA,NA,NA,NA
F31,GND,NA,NA,NA,NA
F32,GND,NA,NA,NA,NA
F33,GND,NA,NA,NA,NA
F37,GND,NA,NA,NA,NA
F41,GND,NA,NA,NA,NA
F42,GND,NA,NA,NA,NA
F45,GND,NA,NA,NA,NA
F46,GND,NA,NA,NA,NA
G3,GND,NA,NA,NA,NA
G4,GND,NA,NA,NA,NA
G5,GND,NA,NA,NA,NA
G8,GND,NA,NA,NA,NA
G12,GND,NA,NA,NA,NA
G14,GND,NA,NA,NA,NA
G17,GND,NA,NA,NA,NA
G24,GND,NA,NA,NA,NA
G30,GND,NA,NA,NA,NA
G33,GND,NA,NA,NA,NA
G35,GND,NA,NA,NA,NA
G39,GND,NA,NA,NA,NA
G42,GND,NA,NA,NA,NA
G43,GND,NA,NA,NA,NA
G44,GND,NA,NA,NA,NA
H1,GND,NA,NA,NA,NA
H2,GND,NA,NA,NA,NA
H5,GND,NA,NA,NA,NA
H7,GND,NA,NA,NA,NA
H11,GND,NA,NA,NA,NA
H14,GND,NA,NA,NA,NA
H15,GND,NA,NA,NA,NA
H16,GND,NA,NA,NA,NA
H17,GND,NA,NA,NA,NA
H21,GND,NA,NA,NA,NA
H30,GND,NA,NA,NA,NA
H31,GND,NA,NA,NA,NA
H32,GND,NA,NA,NA,NA
H33,GND,NA,NA,NA,NA
H36,GND,NA,NA,NA,NA
H40,GND,NA,NA,NA,NA
H42,GND,NA,NA,NA,NA
H45,GND,NA,NA,NA,NA
H46,GND,NA,NA,NA,NA
J3,GND,NA,NA,NA,NA
J4,GND,NA,NA,NA,NA
J5,GND,NA,NA,NA,NA
J9,GND,NA,NA,NA,NA
J13,GND,NA,NA,NA,NA
J14,GND,NA,NA,NA,NA
J18,GND,NA,NA,NA,NA
J28,GND,NA,NA,NA,NA
J33,GND,NA,NA,NA,NA
J34,GND,NA,NA,NA,NA
J38,GND,NA,NA,NA,NA
J42,GND,NA,NA,NA,NA
J43,GND,NA,NA,NA,NA
J44,GND,NA,NA,NA,NA
K1,GND,NA,NA,NA,NA
K2,GND,NA,NA,NA,NA
K5,GND,NA,NA,NA,NA
K6,GND,NA,NA,NA,NA
K10,GND,NA,NA,NA,NA
K15,GND,NA,NA,NA,NA
K25,GND,NA,NA,NA,NA
K33,GND,NA,NA,NA,NA
K37,GND,NA,NA,NA,NA
K41,GND,NA,NA,NA,NA
K42,GND,NA,NA,NA,NA
K45,GND,NA,NA,NA,NA
K46,GND,NA,NA,NA,NA
L3,GND,NA,NA,NA,NA
L4,GND,NA,NA,NA,NA
L5,GND,NA,NA,NA,NA
L8,GND,NA,NA,NA,NA
L12,GND,NA,NA,NA,NA
L14,GND,NA,NA,NA,NA
L22,GND,NA,NA,NA,NA
L32,GND,NA,NA,NA,NA
L33,GND,NA,NA,NA,NA
L35,GND,NA,NA,NA,NA
L39,GND,NA,NA,NA,NA
L42,GND,NA,NA,NA,NA
L43,GND,NA,NA,NA,NA
L44,GND,NA,NA,NA,NA
M1,GND,NA,NA,NA,NA
M2,GND,NA,NA,NA,NA
M5,GND,NA,NA,NA,NA
M7,GND,NA,NA,NA,NA
M11,GND,NA,NA,NA,NA
M19,GND,NA,NA,NA,NA
M29,GND,NA,NA,NA,NA
M33,GND,NA,NA,NA,NA
M36,GND,NA,NA,NA,NA
M40,GND,NA,NA,NA,NA
M42,GND,NA,NA,NA,NA
M45,GND,NA,NA,NA,NA
M46,GND,NA,NA,NA,NA
N3,GND,NA,NA,NA,NA
N4,GND,NA,NA,NA,NA
N5,GND,NA,NA,NA,NA
N9,GND,NA,NA,NA,NA
N13,GND,NA,NA,NA,NA
N14,GND,NA,NA,NA,NA
N16,GND,NA,NA,NA,NA
N26,GND,NA,NA,NA,NA
N33,GND,NA,NA,NA,NA
N34,GND,NA,NA,NA,NA
N38,GND,NA,NA,NA,NA
N42,GND,NA,NA,NA,NA
N43,GND,NA,NA,NA,NA
N44,GND,NA,NA,NA,NA
P1,GND,NA,NA,NA,NA
P2,GND,NA,NA,NA,NA
P5,GND,NA,NA,NA,NA
P6,GND,NA,NA,NA,NA
P10,GND,NA,NA,NA,NA
P23,GND,NA,NA,NA,NA
P29,GND,NA,NA,NA,NA
P31,GND,NA,NA,NA,NA
P33,GND,NA,NA,NA,NA
P37,GND,NA,NA,NA,NA
P41,GND,NA,NA,NA,NA
P42,GND,NA,NA,NA,NA
P45,GND,NA,NA,NA,NA
P46,GND,NA,NA,NA,NA
R3,GND,NA,NA,NA,NA
R4,GND,NA,NA,NA,NA
R5,GND,NA,NA,NA,NA
R8,GND,NA,NA,NA,NA
R12,GND,NA,NA,NA,NA
R14,GND,NA,NA,NA,NA
R16,GND,NA,NA,NA,NA
R18,GND,NA,NA,NA,NA
R20,GND,NA,NA,NA,NA
R22,GND,NA,NA,NA,NA
R24,GND,NA,NA,NA,NA
R26,GND,NA,NA,NA,NA
R28,GND,NA,NA,NA,NA
R30,GND,NA,NA,NA,NA
R32,GND,NA,NA,NA,NA
R33,GND,NA,NA,NA,NA
R35,GND,NA,NA,NA,NA
R39,GND,NA,NA,NA,NA
R42,GND,NA,NA,NA,NA
R43,GND,NA,NA,NA,NA
R44,GND,NA,NA,NA,NA
T1,GND,NA,NA,NA,NA
T2,GND,NA,NA,NA,NA
T5,GND,NA,NA,NA,NA
T7,GND,NA,NA,NA,NA
T11,GND,NA,NA,NA,NA
T15,GND,NA,NA,NA,NA
T17,GND,NA,NA,NA,NA
T19,GND,NA,NA,NA,NA
T21,GND,NA,NA,NA,NA
T23,GND,NA,NA,NA,NA
T25,GND,NA,NA,NA,NA
T27,GND,NA,NA,NA,NA
T29,GND,NA,NA,NA,NA
T31,GND,NA,NA,NA,NA
T33,GND,NA,NA,NA,NA
T36,GND,NA,NA,NA,NA
T40,GND,NA,NA,NA,NA
T42,GND,NA,NA,NA,NA
T45,GND,NA,NA,NA,NA
T46,GND,NA,NA,NA,NA
U3,GND,NA,NA,NA,NA
U4,GND,NA,NA,NA,NA
U5,GND,NA,NA,NA,NA
U9,GND,NA,NA,NA,NA
U13,GND,NA,NA,NA,NA
U14,GND,NA,NA,NA,NA
U16,GND,NA,NA,NA,NA
U18,GND,NA,NA,NA,NA
U20,GND,NA,NA,NA,NA
U22,GND,NA,NA,NA,NA
U24,GND,NA,NA,NA,NA
U26,GND,NA,NA,NA,NA
U28,GND,NA,NA,NA,NA
U30,GND,NA,NA,NA,NA
U32,GND,NA,NA,NA,NA
U33,GND,NA,NA,NA,NA
U34,GND,NA,NA,NA,NA
U38,GND,NA,NA,NA,NA
U42,GND,NA,NA,NA,NA
U43,GND,NA,NA,NA,NA
U44,GND,NA,NA,NA,NA
V1,GND,NA,NA,NA,NA
V2,GND,NA,NA,NA,NA
V5,GND,NA,NA,NA,NA
V6,GND,NA,NA,NA,NA
V10,GND,NA,NA,NA,NA
V15,GND,NA,NA,NA,NA
V17,GND,NA,NA,NA,NA
V19,GND,NA,NA,NA,NA
V21,GND,NA,NA,NA,NA
V23,GND,NA,NA,NA,NA
V25,GND,NA,NA,NA,NA
V27,GND,NA,NA,NA,NA
V29,GND,NA,NA,NA,NA
V31,GND,NA,NA,NA,NA
V33,GND,NA,NA,NA,NA
V37,GND,NA,NA,NA,NA
V41,GND,NA,NA,NA,NA
V42,GND,NA,NA,NA,NA
V45,GND,NA,NA,NA,NA
V46,GND,NA,NA,NA,NA
W3,GND,NA,NA,NA,NA
W4,GND,NA,NA,NA,NA
W5,GND,NA,NA,NA,NA
W8,GND,NA,NA,NA,NA
W12,GND,NA,NA,NA,NA
W14,GND,NA,NA,NA,NA
W16,GND,NA,NA,NA,NA
W18,GND,NA,NA,NA,NA
W20,GND,NA,NA,NA,NA
W22,GND,NA,NA,NA,NA
W24,GND,NA,NA,NA,NA
W26,GND,NA,NA,NA,NA
W28,GND,NA,NA,NA,NA
W30,GND,NA,NA,NA,NA
W32,GND,NA,NA,NA,NA
W33,GND,NA,NA,NA,NA
W35,GND,NA,NA,NA,NA
W39,GND,NA,NA,NA,NA
W42,GND,NA,NA,NA,NA
W43,GND,NA,NA,NA,NA
W44,GND,NA,NA,NA,NA
Y1,GND,NA,NA,NA,NA
Y2,GND,NA,NA,NA,NA
Y5,GND,NA,NA,NA,NA
Y7,GND,NA,NA,NA,NA
Y11,GND,NA,NA,NA,NA
Y15,GND,NA,NA,NA,NA
Y17,GND,NA,NA,NA,NA
Y19,GND,NA,NA,NA,NA
Y21,GND,NA,NA,NA,NA
Y23,GND,NA,NA,NA,NA
Y25,GND,NA,NA,NA,NA
Y27,GND,NA,NA,NA,NA
Y29,GND,NA,NA,NA,NA
Y31,GND,NA,NA,NA,NA
Y33,GND,NA,NA,NA,NA
Y36,GND,NA,NA,NA,NA
Y40,GND,NA,NA,NA,NA
Y42,GND,NA,NA,NA,NA
Y45,GND,NA,NA,NA,NA
Y46,GND,NA,NA,NA,NA
AA3,GND,NA,NA,NA,NA
AA4,GND,NA,NA,NA,NA
AA5,GND,NA,NA,NA,NA
AA9,GND,NA,NA,NA,NA
AA13,GND,NA,NA,NA,NA
AA14,GND,NA,NA,NA,NA
AA15,GND,NA,NA,NA,NA
AA16,GND,NA,NA,NA,NA
AA18,GND,NA,NA,NA,NA
AA20,GND,NA,NA,NA,NA
AA22,GND,NA,NA,NA,NA
AA24,GND,NA,NA,NA,NA
AA26,GND,NA,NA,NA,NA
AA28,GND,NA,NA,NA,NA
AA30,GND,NA,NA,NA,NA
AA32,GND,NA,NA,NA,NA
AA33,GND,NA,NA,NA,NA
AA34,GND,NA,NA,NA,NA
AA38,GND,NA,NA,NA,NA
AA42,GND,NA,NA,NA,NA
AA43,GND,NA,NA,NA,NA
AA44,GND,NA,NA,NA,NA
AB1,GND,NA,NA,NA,NA
AB2,GND,NA,NA,NA,NA
AB5,GND,NA,NA,NA,NA
AB6,GND,NA,NA,NA,NA
AB10,GND,NA,NA,NA,NA
AB17,GND,NA,NA,NA,NA
AB21,GND,NA,NA,NA,NA
AB23,GND,NA,NA,NA,NA
AB25,GND,NA,NA,NA,NA
AB27,GND,NA,NA,NA,NA
AB29,GND,NA,NA,NA,NA
AB31,GND,NA,NA,NA,NA
AB33,GND,NA,NA,NA,NA
AB37,GND,NA,NA,NA,NA
AB41,GND,NA,NA,NA,NA
AB42,GND,NA,NA,NA,NA
AB45,GND,NA,NA,NA,NA
AB46,GND,NA,NA,NA,NA
AC3,GND,NA,NA,NA,NA
AC4,GND,NA,NA,NA,NA
AC5,GND,NA,NA,NA,NA
AC8,GND,NA,NA,NA,NA
AC12,GND,NA,NA,NA,NA
AC16,GND,NA,NA,NA,NA
AC18,GND,NA,NA,NA,NA
AC22,GND,NA,NA,NA,NA
AC24,GND,NA,NA,NA,NA
AC26,GND,NA,NA,NA,NA
AC28,GND,NA,NA,NA,NA
AC30,GND,NA,NA,NA,NA
AC32,GND,NA,NA,NA,NA
AC33,GND,NA,NA,NA,NA
AC35,GND,NA,NA,NA,NA
AC39,GND,NA,NA,NA,NA
AC42,GND,NA,NA,NA,NA
AC43,GND,NA,NA,NA,NA
AC44,GND,NA,NA,NA,NA
AD1,GND,NA,NA,NA,NA
AD2,GND,NA,NA,NA,NA
AD5,GND,NA,NA,NA,NA
AD7,GND,NA,NA,NA,NA
AD11,GND,NA,NA,NA,NA
AD14,GND,NA,NA,NA,NA
AD17,GND,NA,NA,NA,NA
AD21,GND,NA,NA,NA,NA
AD23,GND,NA,NA,NA,NA
AD25,GND,NA,NA,NA,NA
AD27,GND,NA,NA,NA,NA
AD29,GND,NA,NA,NA,NA
AD31,GND,NA,NA,NA,NA
AD33,GND,NA,NA,NA,NA
AD36,GND,NA,NA,NA,NA
AD40,GND,NA,NA,NA,NA
AD42,GND,NA,NA,NA,NA
AD45,GND,NA,NA,NA,NA
AD46,GND,NA,NA,NA,NA
AE3,GND,NA,NA,NA,NA
AE4,GND,NA,NA,NA,NA
AE5,GND,NA,NA,NA,NA
AE9,GND,NA,NA,NA,NA
AE13,GND,NA,NA,NA,NA
AE16,GND,NA,NA,NA,NA
AE18,GND,NA,NA,NA,NA
AE22,GND,NA,NA,NA,NA
AE24,GND,NA,NA,NA,NA
AE26,GND,NA,NA,NA,NA
AE28,GND,NA,NA,NA,NA
AE30,GND,NA,NA,NA,NA
AE32,GND,NA,NA,NA,NA
AE33,GND,NA,NA,NA,NA
AE34,GND,NA,NA,NA,NA
AE38,GND,NA,NA,NA,NA
AE42,GND,NA,NA,NA,NA
AE43,GND,NA,NA,NA,NA
AE44,GND,NA,NA,NA,NA
AF1,GND,NA,NA,NA,NA
AF2,GND,NA,NA,NA,NA
AF5,GND,NA,NA,NA,NA
AF6,GND,NA,NA,NA,NA
AF10,GND,NA,NA,NA,NA
AF17,GND,NA,NA,NA,NA
AF19,GND,NA,NA,NA,NA
AF21,GND,NA,NA,NA,NA
AF23,GND,NA,NA,NA,NA
AF25,GND,NA,NA,NA,NA
AF27,GND,NA,NA,NA,NA
AF29,GND,NA,NA,NA,NA
AF31,GND,NA,NA,NA,NA
AF33,GND,NA,NA,NA,NA
AF37,GND,NA,NA,NA,NA
AF41,GND,NA,NA,NA,NA
AF42,GND,NA,NA,NA,NA
AF45,GND,NA,NA,NA,NA
AF46,GND,NA,NA,NA,NA
AG3,GND,NA,NA,NA,NA
AG4,GND,NA,NA,NA,NA
AG5,GND,NA,NA,NA,NA
AG8,GND,NA,NA,NA,NA
AG12,GND,NA,NA,NA,NA
AG14,GND,NA,NA,NA,NA
AG15,GND,NA,NA,NA,NA
AG16,GND,NA,NA,NA,NA
AG18,GND,NA,NA,NA,NA
AG20,GND,NA,NA,NA,NA
AG22,GND,NA,NA,NA,NA
AG24,GND,NA,NA,NA,NA
AG26,GND,NA,NA,NA,NA
AG28,GND,NA,NA,NA,NA
AG30,GND,NA,NA,NA,NA
AG32,GND,NA,NA,NA,NA
AG33,GND,NA,NA,NA,NA
AG35,GND,NA,NA,NA,NA
AG39,GND,NA,NA,NA,NA
AG42,GND,NA,NA,NA,NA
AG43,GND,NA,NA,NA,NA
AG44,GND,NA,NA,NA,NA
AH1,GND,NA,NA,NA,NA
AH2,GND,NA,NA,NA,NA
AH5,GND,NA,NA,NA,NA
AH11,GND,NA,NA,NA,NA
AH15,GND,NA,NA,NA,NA
AH17,GND,NA,NA,NA,NA
AH19,GND,NA,NA,NA,NA
AH21,GND,NA,NA,NA,NA
AH23,GND,NA,NA,NA,NA
AH25,GND,NA,NA,NA,NA
AH27,GND,NA,NA,NA,NA
AH29,GND,NA,NA,NA,NA
AH31,GND,NA,NA,NA,NA
AH33,GND,NA,NA,NA,NA
AH36,GND,NA,NA,NA,NA
AH42,GND,NA,NA,NA,NA
AH45,GND,NA,NA,NA,NA
AH46,GND,NA,NA,NA,NA
AJ3,GND,NA,NA,NA,NA
AJ4,GND,NA,NA,NA,NA
AJ5,GND,NA,NA,NA,NA
AJ9,GND,NA,NA,NA,NA
AJ13,GND,NA,NA,NA,NA
AJ14,GND,NA,NA,NA,NA
AJ16,GND,NA,NA,NA,NA
AJ18,GND,NA,NA,NA,NA
AJ20,GND,NA,NA,NA,NA
AJ22,GND,NA,NA,NA,NA
AJ24,GND,NA,NA,NA,NA
AJ26,GND,NA,NA,NA,NA
AJ28,GND,NA,NA,NA,NA
AJ30,GND,NA,NA,NA,NA
AJ32,GND,NA,NA,NA,NA
AJ33,GND,NA,NA,NA,NA
AJ34,GND,NA,NA,NA,NA
AJ38,GND,NA,NA,NA,NA
AJ42,GND,NA,NA,NA,NA
AJ43,GND,NA,NA,NA,NA
AJ44,GND,NA,NA,NA,NA
AK1,GND,NA,NA,NA,NA
AK2,GND,NA,NA,NA,NA
AK5,GND,NA,NA,NA,NA
AK6,GND,NA,NA,NA,NA
AK10,GND,NA,NA,NA,NA
AK15,GND,NA,NA,NA,NA
AK17,GND,NA,NA,NA,NA
AK19,GND,NA,NA,NA,NA
AK21,GND,NA,NA,NA,NA
AK23,GND,NA,NA,NA,NA
AK25,GND,NA,NA,NA,NA
AK27,GND,NA,NA,NA,NA
AK29,GND,NA,NA,NA,NA
AK31,GND,NA,NA,NA,NA
AK33,GND,NA,NA,NA,NA
AK37,GND,NA,NA,NA,NA
AK41,GND,NA,NA,NA,NA
AK42,GND,NA,NA,NA,NA
AK45,GND,NA,NA,NA,NA
AK46,GND,NA,NA,NA,NA
AL3,GND,NA,NA,NA,NA
AL4,GND,NA,NA,NA,NA
AL5,GND,NA,NA,NA,NA
AL8,GND,NA,NA,NA,NA
AL12,GND,NA,NA,NA,NA
AL14,GND,NA,NA,NA,NA
AL16,GND,NA,NA,NA,NA
AL18,GND,NA,NA,NA,NA
AL20,GND,NA,NA,NA,NA
AL22,GND,NA,NA,NA,NA
AL24,GND,NA,NA,NA,NA
AL26,GND,NA,NA,NA,NA
AL28,GND,NA,NA,NA,NA
AL30,GND,NA,NA,NA,NA
AL32,GND,NA,NA,NA,NA
AL33,GND,NA,NA,NA,NA
AL35,GND,NA,NA,NA,NA
AL39,GND,NA,NA,NA,NA
AL42,GND,NA,NA,NA,NA
AL43,GND,NA,NA,NA,NA
AL44,GND,NA,NA,NA,NA
AM1,GND,NA,NA,NA,NA
AM2,GND,NA,NA,NA,NA
AM5,GND,NA,NA,NA,NA
AM7,GND,NA,NA,NA,NA
AM11,GND,NA,NA,NA,NA
AM15,GND,NA,NA,NA,NA
AM25,GND,NA,NA,NA,NA
AM33,GND,NA,NA,NA,NA
AM36,GND,NA,NA,NA,NA
AM40,GND,NA,NA,NA,NA
AM42,GND,NA,NA,NA,NA
AM45,GND,NA,NA,NA,NA
AM46,GND,NA,NA,NA,NA
AN3,GND,NA,NA,NA,NA
AN4,GND,NA,NA,NA,NA
AN5,GND,NA,NA,NA,NA
AN9,GND,NA,NA,NA,NA
AN12,GND,NA,NA,NA,NA
AN14,GND,NA,NA,NA,NA
AN22,GND,NA,NA,NA,NA
AN33,GND,NA,NA,NA,NA
AN34,GND,NA,NA,NA,NA
AN35,GND,NA,NA,NA,NA
AN38,GND,NA,NA,NA,NA
AN42,GND,NA,NA,NA,NA
AN43,GND,NA,NA,NA,NA
AN44,GND,NA,NA,NA,NA
AP1,GND,NA,NA,NA,NA
AP2,GND,NA,NA,NA,NA
AP5,GND,NA,NA,NA,NA
AP6,GND,NA,NA,NA,NA
AP10,GND,NA,NA,NA,NA
AP11,GND,NA,NA,NA,NA
AP12,GND,NA,NA,NA,NA
AP19,GND,NA,NA,NA,NA
AP29,GND,NA,NA,NA,NA
AP35,GND,NA,NA,NA,NA
AP36,GND,NA,NA,NA,NA
AP37,GND,NA,NA,NA,NA
AP41,GND,NA,NA,NA,NA
AP42,GND,NA,NA,NA,NA
AP45,GND,NA,NA,NA,NA
AP46,GND,NA,NA,NA,NA
AR3,GND,NA,NA,NA,NA
AR4,GND,NA,NA,NA,NA
AR5,GND,NA,NA,NA,NA
AR8,GND,NA,NA,NA,NA
AR10,GND,NA,NA,NA,NA
AR16,GND,NA,NA,NA,NA
AR26,GND,NA,NA,NA,NA
AR37,GND,NA,NA,NA,NA
AR39,GND,NA,NA,NA,NA
AR42,GND,NA,NA,NA,NA
AR43,GND,NA,NA,NA,NA
AR44,GND,NA,NA,NA,NA
AT1,GND,NA,NA,NA,NA
AT2,GND,NA,NA,NA,NA
AT5,GND,NA,NA,NA,NA
AT7,GND,NA,NA,NA,NA
AT10,GND,NA,NA,NA,NA
AT13,GND,NA,NA,NA,NA
AT23,GND,NA,NA,NA,NA
AT33,GND,NA,NA,NA,NA
AT37,GND,NA,NA,NA,NA
AT40,GND,NA,NA,NA,NA
AT42,GND,NA,NA,NA,NA
AT45,GND,NA,NA,NA,NA
AT46,GND,NA,NA,NA,NA
AU3,GND,NA,NA,NA,NA
AU4,GND,NA,NA,NA,NA
AU5,GND,NA,NA,NA,NA
AU9,GND,NA,NA,NA,NA
AU10,GND,NA,NA,NA,NA
AU20,GND,NA,NA,NA,NA
AU30,GND,NA,NA,NA,NA
AU37,GND,NA,NA,NA,NA
AU38,GND,NA,NA,NA,NA
AU42,GND,NA,NA,NA,NA
AU43,GND,NA,NA,NA,NA
AU44,GND,NA,NA,NA,NA
AV1,GND,NA,NA,NA,NA
AV2,GND,NA,NA,NA,NA
AV5,GND,NA,NA,NA,NA
AV6,GND,NA,NA,NA,NA
AV10,GND,NA,NA,NA,NA
AV17,GND,NA,NA,NA,NA
AV27,GND,NA,NA,NA,NA
AV37,GND,NA,NA,NA,NA
AV41,GND,NA,NA,NA,NA
AV42,GND,NA,NA,NA,NA
AV45,GND,NA,NA,NA,NA
AV46,GND,NA,NA,NA,NA
AW3,GND,NA,NA,NA,NA
AW4,GND,NA,NA,NA,NA
AW5,GND,NA,NA,NA,NA
AW8,GND,NA,NA,NA,NA
AW10,GND,NA,NA,NA,NA
AW14,GND,NA,NA,NA,NA
AW24,GND,NA,NA,NA,NA
AW34,GND,NA,NA,NA,NA
AW37,GND,NA,NA,NA,NA
AW39,GND,NA,NA,NA,NA
AW42,GND,NA,NA,NA,NA
AW43,GND,NA,NA,NA,NA
AW44,GND,NA,NA,NA,NA
AY1,GND,NA,NA,NA,NA
AY2,GND,NA,NA,NA,NA
AY5,GND,NA,NA,NA,NA
AY7,GND,NA,NA,NA,NA
AY10,GND,NA,NA,NA,NA
AY11,GND,NA,NA,NA,NA
AY21,GND,NA,NA,NA,NA
AY31,GND,NA,NA,NA,NA
AY37,GND,NA,NA,NA,NA
AY40,GND,NA,NA,NA,NA
AY42,GND,NA,NA,NA,NA
AY45,GND,NA,NA,NA,NA
AY46,GND,NA,NA,NA,NA
BA3,GND,NA,NA,NA,NA
BA4,GND,NA,NA,NA,NA
BA5,GND,NA,NA,NA,NA
BA9,GND,NA,NA,NA,NA
BA10,GND,NA,NA,NA,NA
BA18,GND,NA,NA,NA,NA
BA28,GND,NA,NA,NA,NA
BA37,GND,NA,NA,NA,NA
BA38,GND,NA,NA,NA,NA
BA42,GND,NA,NA,NA,NA
BA43,GND,NA,NA,NA,NA
BA44,GND,NA,NA,NA,NA
BB1,GND,NA,NA,NA,NA
BB2,GND,NA,NA,NA,NA
BB5,GND,NA,NA,NA,NA
BB6,GND,NA,NA,NA,NA
BB10,GND,NA,NA,NA,NA
BB25,GND,NA,NA,NA,NA
BB35,GND,NA,NA,NA,NA
BB37,GND,NA,NA,NA,NA
BB41,GND,NA,NA,NA,NA
BB42,GND,NA,NA,NA,NA
BB45,GND,NA,NA,NA,NA
BB46,GND,NA,NA,NA,NA
BC3,GND,NA,NA,NA,NA
BC4,GND,NA,NA,NA,NA
BC5,GND,NA,NA,NA,NA
BC8,GND,NA,NA,NA,NA
BC10,GND,NA,NA,NA,NA
BC11,GND,NA,NA,NA,NA
BC12,GND,NA,NA,NA,NA
BC13,GND,NA,NA,NA,NA
BC14,GND,NA,NA,NA,NA
BC15,GND,NA,NA,NA,NA
BC22,GND,NA,NA,NA,NA
BC32,GND,NA,NA,NA,NA
BC33,GND,NA,NA,NA,NA
BC34,GND,NA,NA,NA,NA
BC35,GND,NA,NA,NA,NA
BC36,GND,NA,NA,NA,NA
BC37,GND,NA,NA,NA,NA
BC39,GND,NA,NA,NA,NA
BC42,GND,NA,NA,NA,NA
BC43,GND,NA,NA,NA,NA
BC44,GND,NA,NA,NA,NA
BD1,GND,NA,NA,NA,NA
BD2,GND,NA,NA,NA,NA
BD5,GND,NA,NA,NA,NA
BD7,GND,NA,NA,NA,NA
BD12,GND,NA,NA,NA,NA
BD15,GND,NA,NA,NA,NA
BD19,GND,NA,NA,NA,NA
BD29,GND,NA,NA,NA,NA
BD32,GND,NA,NA,NA,NA
BD35,GND,NA,NA,NA,NA
BD40,GND,NA,NA,NA,NA
BD42,GND,NA,NA,NA,NA
BD45,GND,NA,NA,NA,NA
BD46,GND,NA,NA,NA,NA
BE2,GND,NA,NA,NA,NA
BE3,GND,NA,NA,NA,NA
BE4,GND,NA,NA,NA,NA
BE5,GND,NA,NA,NA,NA
BE9,GND,NA,NA,NA,NA
BE12,GND,NA,NA,NA,NA
BE13,GND,NA,NA,NA,NA
BE14,GND,NA,NA,NA,NA
BE15,GND,NA,NA,NA,NA
BE26,GND,NA,NA,NA,NA
BE32,GND,NA,NA,NA,NA
BE33,GND,NA,NA,NA,NA
BE34,GND,NA,NA,NA,NA
BE35,GND,NA,NA,NA,NA
BE38,GND,NA,NA,NA,NA
BE42,GND,NA,NA,NA,NA
BE43,GND,NA,NA,NA,NA
BE44,GND,NA,NA,NA,NA
BE45,GND,NA,NA,NA,NA
BF5,GND,NA,NA,NA,NA
BF6,GND,NA,NA,NA,NA
BF11,GND,NA,NA,NA,NA
BF12,GND,NA,NA,NA,NA
BF15,GND,NA,NA,NA,NA
BF23,GND,NA,NA,NA,NA
BF32,GND,NA,NA,NA,NA
BF35,GND,NA,NA,NA,NA
BF36,GND,NA,NA,NA,NA
BF41,GND,NA,NA,NA,NA
BF42,GND,NA,NA,NA,NA
U35,MGTAVCC_LC,NA,NA,NA,NA
V36,MGTAVCC_LC,NA,NA,NA,NA
W34,MGTAVCC_LC,NA,NA,NA,NA
W38,MGTAVCC_LC,NA,NA,NA,NA
AA35,MGTAVCC_LC,NA,NA,NA,NA
AC34,MGTAVCC_LC,NA,NA,NA,NA
AD37,MGTAVCC_LC,NA,NA,NA,NA
AE35,MGTAVCC_LC,NA,NA,NA,NA
AF36,MGTAVCC_LC,NA,NA,NA,NA
F36,MGTAVCC_LN,NA,NA,NA,NA
G34,MGTAVCC_LN,NA,NA,NA,NA
H37,MGTAVCC_LN,NA,NA,NA,NA
K36,MGTAVCC_LN,NA,NA,NA,NA
M37,MGTAVCC_LN,NA,NA,NA,NA
N35,MGTAVCC_LN,NA,NA,NA,NA
P36,MGTAVCC_LN,NA,NA,NA,NA
R34,MGTAVCC_LN,NA,NA,NA,NA
T37,MGTAVCC_LN,NA,NA,NA,NA
AG34,MGTAVCC_LS,NA,NA,NA,NA
AH37,MGTAVCC_LS,NA,NA,NA,NA
AJ35,MGTAVCC_LS,NA,NA,NA,NA
AL34,MGTAVCC_LS,NA,NA,NA,NA
AL38,MGTAVCC_LS,NA,NA,NA,NA
U12,MGTAVCC_RC,NA,NA,NA,NA
V11,MGTAVCC_RC,NA,NA,NA,NA
W9,MGTAVCC_RC,NA,NA,NA,NA
W13,MGTAVCC_RC,NA,NA,NA,NA
AA12,MGTAVCC_RC,NA,NA,NA,NA
AC13,MGTAVCC_RC,NA,NA,NA,NA
AD10,MGTAVCC_RC,NA,NA,NA,NA
AE12,MGTAVCC_RC,NA,NA,NA,NA
AF11,MGTAVCC_RC,NA,NA,NA,NA
F11,MGTAVCC_RN,NA,NA,NA,NA
G13,MGTAVCC_RN,NA,NA,NA,NA
H10,MGTAVCC_RN,NA,NA,NA,NA
K11,MGTAVCC_RN,NA,NA,NA,NA
M10,MGTAVCC_RN,NA,NA,NA,NA
N12,MGTAVCC_RN,NA,NA,NA,NA
P11,MGTAVCC_RN,NA,NA,NA,NA
R13,MGTAVCC_RN,NA,NA,NA,NA
T10,MGTAVCC_RN,NA,NA,NA,NA
AG13,MGTAVCC_RS,NA,NA,NA,NA
AH10,MGTAVCC_RS,NA,NA,NA,NA
AJ12,MGTAVCC_RS,NA,NA,NA,NA
AL9,MGTAVCC_RS,NA,NA,NA,NA
AL13,MGTAVCC_RS,NA,NA,NA,NA
U39,MGTAVTT_LC,NA,NA,NA,NA
V40,MGTAVTT_LC,NA,NA,NA,NA
Y41,MGTAVTT_LC,NA,NA,NA,NA
AA39,MGTAVTT_LC,NA,NA,NA,NA
AB40,MGTAVTT_LC,NA,NA,NA,NA
AC38,MGTAVTT_LC,NA,NA,NA,NA
AD41,MGTAVTT_LC,NA,NA,NA,NA
AE39,MGTAVTT_LC,NA,NA,NA,NA
AF40,MGTAVTT_LC,NA,NA,NA,NA
AG38,MGTAVTT_LC,NA,NA,NA,NA
AJ39,MGTAVTT_LC,NA,NA,NA,NA
AK40,MGTAVTT_LC,NA,NA,NA,NA
AM41,MGTAVTT_LC,NA,NA,NA,NA
AN39,MGTAVTT_LC,NA,NA,NA,NA
AP40,MGTAVTT_LC,NA,NA,NA,NA
AR38,MGTAVTT_LC,NA,NA,NA,NA
AT41,MGTAVTT_LC,NA,NA,NA,NA
A43,MGTAVTT_LN,NA,NA,NA,NA
B36,MGTAVTT_LN,NA,NA,NA,NA
B40,MGTAVTT_LN,NA,NA,NA,NA
C38,MGTAVTT_LN,NA,NA,NA,NA
D37,MGTAVTT_LN,NA,NA,NA,NA
E39,MGTAVTT_LN,NA,NA,NA,NA
F40,MGTAVTT_LN,NA,NA,NA,NA
G38,MGTAVTT_LN,NA,NA,NA,NA
H41,MGTAVTT_LN,NA,NA,NA,NA
J39,MGTAVTT_LN,NA,NA,NA,NA
K40,MGTAVTT_LN,NA,NA,NA,NA
L38,MGTAVTT_LN,NA,NA,NA,NA
M41,MGTAVTT_LN,NA,NA,NA,NA
N39,MGTAVTT_LN,NA,NA,NA,NA
P40,MGTAVTT_LN,NA,NA,NA,NA
R38,MGTAVTT_LN,NA,NA,NA,NA
T41,MGTAVTT_LN,NA,NA,NA,NA
AU39,MGTAVTT_LS,NA,NA,NA,NA
AV40,MGTAVTT_LS,NA,NA,NA,NA
AW38,MGTAVTT_LS,NA,NA,NA,NA
AY41,MGTAVTT_LS,NA,NA,NA,NA
BA39,MGTAVTT_LS,NA,NA,NA,NA
BB40,MGTAVTT_LS,NA,NA,NA,NA
BC38,MGTAVTT_LS,NA,NA,NA,NA
BD41,MGTAVTT_LS,NA,NA,NA,NA
BE39,MGTAVTT_LS,NA,NA,NA,NA
BF37,MGTAVTT_LS,NA,NA,NA,NA
BF40,MGTAVTT_LS,NA,NA,NA,NA
U8,MGTAVTT_RC,NA,NA,NA,NA
V7,MGTAVTT_RC,NA,NA,NA,NA
Y6,MGTAVTT_RC,NA,NA,NA,NA
AA8,MGTAVTT_RC,NA,NA,NA,NA
AB7,MGTAVTT_RC,NA,NA,NA,NA
AC9,MGTAVTT_RC,NA,NA,NA,NA
AD6,MGTAVTT_RC,NA,NA,NA,NA
AE8,MGTAVTT_RC,NA,NA,NA,NA
AF7,MGTAVTT_RC,NA,NA,NA,NA
AG9,MGTAVTT_RC,NA,NA,NA,NA
AJ8,MGTAVTT_RC,NA,NA,NA,NA
AK7,MGTAVTT_RC,NA,NA,NA,NA
AM6,MGTAVTT_RC,NA,NA,NA,NA
AN8,MGTAVTT_RC,NA,NA,NA,NA
AP7,MGTAVTT_RC,NA,NA,NA,NA
AR9,MGTAVTT_RC,NA,NA,NA,NA
AT6,MGTAVTT_RC,NA,NA,NA,NA
A4,MGTAVTT_RN,NA,NA,NA,NA
B7,MGTAVTT_RN,NA,NA,NA,NA
B11,MGTAVTT_RN,NA,NA,NA,NA
C9,MGTAVTT_RN,NA,NA,NA,NA
D10,MGTAVTT_RN,NA,NA,NA,NA
E8,MGTAVTT_RN,NA,NA,NA,NA
F7,MGTAVTT_RN,NA,NA,NA,NA
G9,MGTAVTT_RN,NA,NA,NA,NA
H6,MGTAVTT_RN,NA,NA,NA,NA
J8,MGTAVTT_RN,NA,NA,NA,NA
K7,MGTAVTT_RN,NA,NA,NA,NA
L9,MGTAVTT_RN,NA,NA,NA,NA
M6,MGTAVTT_RN,NA,NA,NA,NA
N8,MGTAVTT_RN,NA,NA,NA,NA
P7,MGTAVTT_RN,NA,NA,NA,NA
R9,MGTAVTT_RN,NA,NA,NA,NA
T6,MGTAVTT_RN,NA,NA,NA,NA
AU8,MGTAVTT_RS,NA,NA,NA,NA
AV7,MGTAVTT_RS,NA,NA,NA,NA
AW9,MGTAVTT_RS,NA,NA,NA,NA
AY6,MGTAVTT_RS,NA,NA,NA,NA
BA8,MGTAVTT_RS,NA,NA,NA,NA
BB7,MGTAVTT_RS,NA,NA,NA,NA
BC9,MGTAVTT_RS,NA,NA,NA,NA
BD6,MGTAVTT_RS,NA,NA,NA,NA
BE8,MGTAVTT_RS,NA,NA,NA,NA
BF7,MGTAVTT_RS,NA,NA,NA,NA
BF10,MGTAVTT_RS,NA,NA,NA,NA
Y37,MGTVCCAUX_LC,NA,NA,NA,NA
AB36,MGTVCCAUX_LC,NA,NA,NA,NA
J35,MGTVCCAUX_LN,NA,NA,NA,NA
L34,MGTVCCAUX_LN,NA,NA,NA,NA
AK36,MGTVCCAUX_LS,NA,NA,NA,NA
AM37,MGTVCCAUX_LS,NA,NA,NA,NA
Y10,MGTVCCAUX_RC,NA,NA,NA,NA
AB11,MGTVCCAUX_RC,NA,NA,NA,NA
J12,MGTVCCAUX_RN,NA,NA,NA,NA
L13,MGTVCCAUX_RN,NA,NA,NA,NA
AK11,MGTVCCAUX_RS,NA,NA,NA,NA
AM10,MGTVCCAUX_RS,NA,NA,NA,NA
P32,VCCAUX,NA,NA,NA,NA
T32,VCCAUX,NA,NA,NA,NA
V32,VCCAUX,NA,NA,NA,NA
Y32,VCCAUX,NA,NA,NA,NA
AB32,VCCAUX,NA,NA,NA,NA
AC31,VCCAUX,NA,NA,NA,NA
AD32,VCCAUX,NA,NA,NA,NA
AE31,VCCAUX,NA,NA,NA,NA
AF32,VCCAUX,NA,NA,NA,NA
AH32,VCCAUX,NA,NA,NA,NA
AK32,VCCAUX,NA,NA,NA,NA
R31,VCCAUX_IO,NA,NA,NA,NA
U31,VCCAUX_IO,NA,NA,NA,NA
W31,VCCAUX_IO,NA,NA,NA,NA
Y30,VCCAUX_IO,NA,NA,NA,NA
AA31,VCCAUX_IO,NA,NA,NA,NA
AB30,VCCAUX_IO,NA,NA,NA,NA
AD30,VCCAUX_IO,NA,NA,NA,NA
AF30,VCCAUX_IO,NA,NA,NA,NA
AG31,VCCAUX_IO,NA,NA,NA,NA
AH30,VCCAUX_IO,NA,NA,NA,NA
AJ31,VCCAUX_IO,NA,NA,NA,NA
AK30,VCCAUX_IO,NA,NA,NA,NA
AL31,VCCAUX_IO,NA,NA,NA,NA
P26,VCCINT,NA,NA,NA,NA
P28,VCCINT,NA,NA,NA,NA
R15,VCCINT,NA,NA,NA,NA
R17,VCCINT,NA,NA,NA,NA
R19,VCCINT,NA,NA,NA,NA
R21,VCCINT,NA,NA,NA,NA
R23,VCCINT,NA,NA,NA,NA
R25,VCCINT,NA,NA,NA,NA
R27,VCCINT,NA,NA,NA,NA
R29,VCCINT,NA,NA,NA,NA
T16,VCCINT,NA,NA,NA,NA
T18,VCCINT,NA,NA,NA,NA
T20,VCCINT,NA,NA,NA,NA
T22,VCCINT,NA,NA,NA,NA
T24,VCCINT,NA,NA,NA,NA
T26,VCCINT,NA,NA,NA,NA
T28,VCCINT,NA,NA,NA,NA
U15,VCCINT,NA,NA,NA,NA
U17,VCCINT,NA,NA,NA,NA
U19,VCCINT,NA,NA,NA,NA
U21,VCCINT,NA,NA,NA,NA
U23,VCCINT,NA,NA,NA,NA
U25,VCCINT,NA,NA,NA,NA
U27,VCCINT,NA,NA,NA,NA
U29,VCCINT,NA,NA,NA,NA
V18,VCCINT,NA,NA,NA,NA
V20,VCCINT,NA,NA,NA,NA
V22,VCCINT,NA,NA,NA,NA
V24,VCCINT,NA,NA,NA,NA
V26,VCCINT,NA,NA,NA,NA
V28,VCCINT,NA,NA,NA,NA
W19,VCCINT,NA,NA,NA,NA
W21,VCCINT,NA,NA,NA,NA
W23,VCCINT,NA,NA,NA,NA
W25,VCCINT,NA,NA,NA,NA
W27,VCCINT,NA,NA,NA,NA
W29,VCCINT,NA,NA,NA,NA
Y18,VCCINT,NA,NA,NA,NA
Y20,VCCINT,NA,NA,NA,NA
Y22,VCCINT,NA,NA,NA,NA
Y24,VCCINT,NA,NA,NA,NA
Y26,VCCINT,NA,NA,NA,NA
Y28,VCCINT,NA,NA,NA,NA
AA19,VCCINT,NA,NA,NA,NA
AA21,VCCINT,NA,NA,NA,NA
AA23,VCCINT,NA,NA,NA,NA
AA25,VCCINT,NA,NA,NA,NA
AA27,VCCINT,NA,NA,NA,NA
AB18,VCCINT,NA,NA,NA,NA
AB22,VCCINT,NA,NA,NA,NA
AB24,VCCINT,NA,NA,NA,NA
AB26,VCCINT,NA,NA,NA,NA
AB28,VCCINT,NA,NA,NA,NA
AC21,VCCINT,NA,NA,NA,NA
AC23,VCCINT,NA,NA,NA,NA
AC25,VCCINT,NA,NA,NA,NA
AC27,VCCINT,NA,NA,NA,NA
AD18,VCCINT,NA,NA,NA,NA
AD22,VCCINT,NA,NA,NA,NA
AD24,VCCINT,NA,NA,NA,NA
AD26,VCCINT,NA,NA,NA,NA
AD28,VCCINT,NA,NA,NA,NA
AE21,VCCINT,NA,NA,NA,NA
AE23,VCCINT,NA,NA,NA,NA
AE25,VCCINT,NA,NA,NA,NA
AE27,VCCINT,NA,NA,NA,NA
AF18,VCCINT,NA,NA,NA,NA
AF20,VCCINT,NA,NA,NA,NA
AF22,VCCINT,NA,NA,NA,NA
AF24,VCCINT,NA,NA,NA,NA
AF26,VCCINT,NA,NA,NA,NA
AF28,VCCINT,NA,NA,NA,NA
AG19,VCCINT,NA,NA,NA,NA
AG21,VCCINT,NA,NA,NA,NA
AG23,VCCINT,NA,NA,NA,NA
AG25,VCCINT,NA,NA,NA,NA
AG27,VCCINT,NA,NA,NA,NA
AH16,VCCINT,NA,NA,NA,NA
AH18,VCCINT,NA,NA,NA,NA
AH20,VCCINT,NA,NA,NA,NA
AH22,VCCINT,NA,NA,NA,NA
AH24,VCCINT,NA,NA,NA,NA
AH26,VCCINT,NA,NA,NA,NA
AH28,VCCINT,NA,NA,NA,NA
AJ15,VCCINT,NA,NA,NA,NA
AJ17,VCCINT,NA,NA,NA,NA
AJ19,VCCINT,NA,NA,NA,NA
AJ21,VCCINT,NA,NA,NA,NA
AJ23,VCCINT,NA,NA,NA,NA
AJ25,VCCINT,NA,NA,NA,NA
AJ27,VCCINT,NA,NA,NA,NA
AK16,VCCINT,NA,NA,NA,NA
AK18,VCCINT,NA,NA,NA,NA
AK20,VCCINT,NA,NA,NA,NA
AK22,VCCINT,NA,NA,NA,NA
AK24,VCCINT,NA,NA,NA,NA
AK26,VCCINT,NA,NA,NA,NA
AK28,VCCINT,NA,NA,NA,NA
AL15,VCCINT,NA,NA,NA,NA
AL17,VCCINT,NA,NA,NA,NA
AL19,VCCINT,NA,NA,NA,NA
AL21,VCCINT,NA,NA,NA,NA
AL23,VCCINT,NA,NA,NA,NA
AL25,VCCINT,NA,NA,NA,NA
AL27,VCCINT,NA,NA,NA,NA
P30,VCCINT_IO,NA,NA,NA,NA
T30,VCCINT_IO,NA,NA,NA,NA
V30,VCCINT_IO,NA,NA,NA,NA
AA29,VCCINT_IO,NA,NA,NA,NA
AC29,VCCINT_IO,NA,NA,NA,NA
AE29,VCCINT_IO,NA,NA,NA,NA
AG29,VCCINT_IO,NA,NA,NA,NA
AJ29,VCCINT_IO,NA,NA,NA,NA
AL29,VCCINT_IO,NA,NA,NA,NA
AC15,VCCO_0,NA,0,NA,0
AE15,VCCO_0,NA,0,NA,0
AM20,VCCO_65,NA,65,NA,0
AR21,VCCO_65,NA,65,NA,0
AT18,VCCO_65,NA,65,NA,0
AW19,VCCO_65,NA,65,NA,0
BB20,VCCO_65,NA,65,NA,0
BF18,VCCO_65,NA,65,NA,0
AN27,VCCO_66,NA,66,NA,0
AP24,VCCO_66,NA,66,NA,0
AU25,VCCO_66,NA,66,NA,0
AV22,VCCO_66,NA,66,NA,0
BA23,VCCO_66,NA,66,NA,0
BD24,VCCO_66,NA,66,NA,0
BE21,VCCO_66,NA,66,NA,0
AM30,VCCO_67,NA,67,NA,0
AR31,VCCO_67,NA,67,NA,0
AT28,VCCO_67,NA,67,NA,0
AW29,VCCO_67,NA,67,NA,0
AY26,VCCO_67,NA,67,NA,0
BC27,VCCO_67,NA,67,NA,0
BF28,VCCO_67,NA,67,NA,0
AP34,VCCO_68,NA,68,NA,1
AU35,VCCO_68,NA,68,NA,1
AV32,VCCO_68,NA,68,NA,1
AY36,VCCO_68,NA,68,NA,1
BA33,VCCO_68,NA,68,NA,1
BB30,VCCO_68,NA,68,NA,1
BE31,VCCO_68,NA,68,NA,1
A27,VCCO_69,NA,69,NA,1
D28,VCCO_69,NA,69,NA,1
G29,VCCO_69,NA,69,NA,1
H26,VCCO_69,NA,69,NA,1
K30,VCCO_69,NA,69,NA,1
L27,VCCO_69,NA,69,NA,1
N31,VCCO_69,NA,69,NA,1
B24,VCCO_70,NA,70,NA,1
E25,VCCO_70,NA,70,NA,1
F22,VCCO_70,NA,70,NA,1
J23,VCCO_70,NA,70,NA,1
M24,VCCO_70,NA,70,NA,1
N21,VCCO_70,NA,70,NA,1
C21,VCCO_71,NA,71,NA,1
D18,VCCO_71,NA,71,NA,1
G19,VCCO_71,NA,71,NA,1
K20,VCCO_71,NA,71,NA,1
L17,VCCO_71,NA,71,NA,1
P18,VCCO_71,NA,71,NA,1
AN17,VCCO_64,NA,64,NA,0
AP14,VCCO_64,NA,64,NA,0
AR11,VCCO_64,NA,64,NA,0
AU15,VCCO_64,NA,64,NA,0
AV12,VCCO_64,NA,64,NA,0
AY16,VCCO_64,NA,64,NA,0
BA13,VCCO_64,NA,64,NA,0
BC17,VCCO_64,NA,64,NA,0
AB19,GNDADC,NA,NA,NA,NA
AB20,VCCADC,NA,NA,NA,NA
V16,VCCBRAM,NA,NA,NA,NA
W15,VCCBRAM,NA,NA,NA,NA
W17,VCCBRAM,NA,NA,NA,NA
Y16,VCCBRAM,NA,NA,NA,NA
AA17,VCCBRAM,NA,NA,NA,NA
AC17,VCCBRAM,NA,NA,NA,NA
AE17,VCCBRAM,NA,NA,NA,NA
AG17,VCCBRAM,NA,NA,NA,NA
BD39,NC,NA,NA,NA,NA
BD38,NC,NA,NA,NA,NA
BD43,NC,NA,NA,NA,NA
BD44,NC,NA,NA,NA,NA
AM35,NC,NA,NA,NA,NA
AM34,NC,NA,NA,NA,NA
BE41,NC,NA,NA,NA,NA
BE40,NC,NA,NA,NA,NA
BF43,NC,NA,NA,NA,NA
BF44,NC,NA,NA,NA,NA
BD36,NC,NA,NA,NA,NA
BD37,NC,NA,NA,NA,NA
BE37,NC,NA,NA,NA,NA
BE36,NC,NA,NA,NA,NA
BD33,NC,NA,NA,NA,NA
BD34,NC,NA,NA,NA,NA
AN37,NC,NA,NA,NA,NA
AN36,NC,NA,NA,NA,NA
BF39,NC,NA,NA,NA,NA
BF38,NC,NA,NA,NA,NA
BF33,NC,NA,NA,NA,NA
BF34,NC,NA,NA,NA,NA
BD9,NC,NA,NA,NA,NA
BD4,NC,NA,NA,NA,NA
BD3,NC,NA,NA,NA,NA
BD8,NC,NA,NA,NA,NA
AM13,NC,NA,NA,NA,NA
AM12,NC,NA,NA,NA,NA
BE7,NC,NA,NA,NA,NA
BF4,NC,NA,NA,NA,NA
BF3,NC,NA,NA,NA,NA
BE6,NC,NA,NA,NA,NA
BD10,NC,NA,NA,NA,NA
BD11,NC,NA,NA,NA,NA
BE11,NC,NA,NA,NA,NA
BD14,NC,NA,NA,NA,NA
BD13,NC,NA,NA,NA,NA
BE10,NC,NA,NA,NA,NA
AN11,NC,NA,NA,NA,NA
AN10,NC,NA,NA,NA,NA
BF9,NC,NA,NA,NA,NA
BF14,NC,NA,NA,NA,NA
BF13,NC,NA,NA,NA,NA
BF8,NC,NA,NA,NA,NA
AW16,NC,NA,NA,NA,NA
,,,,,
Total Number of Pins,2104,,,,
